algorithm,n,current_strength,endpoint_selections,node_event_opportunities,selection_rate,contributing_runs
binary-insertion,128,0,25600,8070684,0.003171974023515231,200
binary-insertion,128,1,25600,26342,0.9718320552729481,200
binary-insertion,128,2,25600,30920,0.8279430789133247,200
binary-insertion,128,3,25600,50393,0.5080070644732403,200
binary-insertion,128,4,25587,119290,0.21449409003269343,200
binary-insertion,128,5,25534,391043,0.06529716680774238,200
binary-insertion,128,6,24649,1273481,0.01935560876055473,200
binary-insertion,128,7,19742,1838568,0.010737704561376028,200
binary-insertion,128,8,15894,1361680,0.011672345925621292,200
binary-insertion,128,9,13023,1063553,0.012244805853586987,200
binary-insertion,128,10,10652,851921,0.012503506780558291,200
binary-insertion,128,11,8754,676954,0.012931454722182009,200
binary-insertion,128,12,7192,527311,0.013639009995998567,200
binary-insertion,128,13,5993,423059,0.014165872845158713,200
binary-insertion,128,14,4995,350767,0.01424022214176362,200
binary-insertion,128,15,4140,279715,0.014800779364710508,200
binary-insertion,128,16,3430,226284,0.015157943115730675,200
binary-insertion,128,17,2855,181333,0.015744514236239404,200
binary-insertion,128,18,2339,147978,0.015806403654597304,200
binary-insertion,128,19,1953,114587,0.017043818234180143,200
binary-insertion,128,20,1604,94905,0.016901111637953742,200
binary-insertion,128,21,1326,70978,0.0186818450787568,200
binary-insertion,128,22,1120,56431,0.019847247080505396,200
binary-insertion,128,23,933,46631,0.020008149085372393,200
binary-insertion,128,24,796,40990,0.019419370578189803,200
binary-insertion,128,25,674,34104,0.019763077644851045,200
binary-insertion,128,26,570,30587,0.018635367966783275,198
binary-insertion,128,27,464,22657,0.020479322063821335,196
binary-insertion,128,28,387,16934,0.022853430967284753,190
binary-insertion,128,29,315,15607,0.020183251105273275,181
binary-insertion,128,30,266,12166,0.02186421173762946,170
binary-insertion,128,31,225,10356,0.021726535341830822,157
binary-insertion,128,32,195,7294,0.02673430216616397,141
binary-insertion,128,33,174,5906,0.02946156451066712,132
binary-insertion,128,34,150,5582,0.026872088857040486,123
binary-insertion,128,35,131,4528,0.028931095406360425,112
binary-insertion,128,36,113,4115,0.027460510328068045,100
binary-insertion,128,37,92,3892,0.023638232271325797,90
binary-insertion,128,38,75,3040,0.024671052631578948,79
binary-insertion,128,39,63,1750,0.036,65
binary-insertion,128,40,56,1427,0.039243167484232656,56
binary-insertion,128,41,48,1735,0.0276657060518732,50
binary-insertion,128,42,40,1100,0.03636363636363636,42
binary-insertion,128,43,32,1246,0.025682182985553772,35
binary-insertion,128,44,29,1160,0.025,29
binary-insertion,128,45,24,704,0.03409090909090909,26
binary-insertion,128,46,20,438,0.045662100456621,22
binary-insertion,128,47,17,452,0.03761061946902655,19
binary-insertion,128,48,15,475,0.031578947368421054,17
binary-insertion,128,49,8,485,0.016494845360824743,15
binary-insertion,128,50,7,208,0.03365384615384615,8
binary-insertion,128,51,5,132,0.03787878787878788,7
binary-insertion,128,52,5,48,0.10416666666666667,5
binary-insertion,128,53,5,73,0.0684931506849315,5
binary-insertion,128,54,5,103,0.04854368932038835,5
binary-insertion,128,55,5,61,0.08196721311475409,5
binary-insertion,128,56,4,233,0.017167381974248927,5
binary-insertion,128,57,2,145,0.013793103448275862,4
binary-insertion,128,58,1,22,0.045454545454545456,2
binary-insertion,128,59,1,7,0.14285714285714285,1
binary-insertion,128,60,0,6,0.0,1
binary-insertion,256,0,51200,38733798,0.0013218430064616954,200
binary-insertion,256,1,51200,52423,0.9766705453713065,200
binary-insertion,256,2,51200,56829,0.9009484594133277,200
binary-insertion,256,3,51199,77378,0.6616738607873038,200
binary-insertion,256,4,51196,153122,0.3343477749768159,200
binary-insertion,256,5,51186,426562,0.11999662417186716,200
binary-insertion,256,6,51138,1502415,0.0340372001078264,200
binary-insertion,256,7,49646,5328130,0.00931771559627862,200
binary-insertion,256,8,40518,7788363,0.005202376930813317,200
binary-insertion,256,9,33633,5895298,0.005705055113414114,200
binary-insertion,256,10,28113,4662721,0.006029312069068683,200
binary-insertion,256,11,23634,3758735,0.0062877537256550405,200
binary-insertion,256,12,19951,3094714,0.006446799284198799,200
binary-insertion,256,13,16917,2502468,0.006760126403214746,200
binary-insertion,256,14,14436,2057955,0.007014730642798312,200
binary-insertion,256,15,12313,1733405,0.007103360149532279,200
binary-insertion,256,16,10571,1436493,0.007358894195794898,200
binary-insertion,256,17,9098,1184108,0.007683420769051472,200
binary-insertion,256,18,7836,1012049,0.007742708109982817,200
binary-insertion,256,19,6745,840827,0.008021864188471587,200
binary-insertion,256,20,5807,726859,0.007989169838992156,200
binary-insertion,256,21,5012,578172,0.008668700663470386,200
binary-insertion,256,22,4346,497314,0.008738945615848337,200
binary-insertion,256,23,3791,406939,0.009315892553920858,200
binary-insertion,256,24,3302,346622,0.009526227417763442,200
binary-insertion,256,25,2870,297671,0.00964151697679653,200
binary-insertion,256,26,2489,242889,0.0102474793012446,200
binary-insertion,256,27,2192,211729,0.01035285671778547,200
binary-insertion,256,28,1917,190795,0.010047433108834089,200
binary-insertion,256,29,1686,148029,0.0113896601341629,200
binary-insertion,256,30,1514,121754,0.0124349097360251,200
binary-insertion,256,31,1351,108332,0.01247092271904885,200
binary-insertion,256,32,1214,97165,0.012494210878402717,200
binary-insertion,256,33,1069,84484,0.012653283461957293,200
binary-insertion,256,34,948,73574,0.012884986544159621,200
binary-insertion,256,35,830,64674,0.01283359619012277,200
binary-insertion,256,36,745,52056,0.014311510680805287,200
binary-insertion,256,37,671,48522,0.01382877869832241,200
binary-insertion,256,38,604,43091,0.01401684806572138,198
binary-insertion,256,39,547,39924,0.013701031960725378,195
binary-insertion,256,40,487,35367,0.0137698984929454,195
binary-insertion,256,41,431,30052,0.014341807533608412,192
binary-insertion,256,42,384,23186,0.01656171827827137,189
binary-insertion,256,43,356,19923,0.017868794860211815,184
binary-insertion,256,44,317,18115,0.017499309964118134,179
binary-insertion,256,45,282,15637,0.018034149772974354,169
binary-insertion,256,46,260,15379,0.0169061707523246,165
binary-insertion,256,47,235,11763,0.01997789679503528,158
binary-insertion,256,48,205,14843,0.013811224146062118,152
binary-insertion,256,49,178,13723,0.012970924724914377,139
binary-insertion,256,50,158,8596,0.018380642159143788,125
binary-insertion,256,51,144,6806,0.021157801939465176,119
binary-insertion,256,52,133,6418,0.020722966656279214,109
binary-insertion,256,53,124,6546,0.018942865872288422,103
binary-insertion,256,54,109,7047,0.015467574854548034,96
binary-insertion,256,55,98,5493,0.017840888403422538,88
binary-insertion,256,56,88,6799,0.012943079864685984,79
binary-insertion,256,57,77,3631,0.02120627926191132,72
binary-insertion,256,58,71,3584,0.019810267857142856,67
binary-insertion,256,59,65,1993,0.03261414952333166,62
binary-insertion,256,60,59,2016,0.029265873015873016,58
binary-insertion,256,61,50,2009,0.024888003982080638,52
binary-insertion,256,62,42,2988,0.014056224899598393,43
binary-insertion,256,63,37,1791,0.02065884980457845,37
binary-insertion,256,64,28,3424,0.008177570093457943,35
binary-insertion,256,65,24,878,0.02733485193621868,26
binary-insertion,256,66,24,517,0.04642166344294004,23
binary-insertion,256,67,22,680,0.03235294117647059,23
binary-insertion,256,68,21,650,0.03230769230769231,22
binary-insertion,256,69,19,727,0.026134800550206328,21
binary-insertion,256,70,18,641,0.028081123244929798,19
binary-insertion,256,71,14,528,0.026515151515151516,18
binary-insertion,256,72,14,469,0.029850746268656716,14
binary-insertion,256,73,13,213,0.06103286384976526,14
binary-insertion,256,74,11,310,0.035483870967741936,13
binary-insertion,256,75,11,150,0.07333333333333333,11
binary-insertion,256,76,10,382,0.02617801047120419,11
binary-insertion,256,77,9,141,0.06382978723404255,10
binary-insertion,256,78,8,309,0.025889967637540454,9
binary-insertion,256,79,8,87,0.09195402298850575,8
binary-insertion,256,80,7,79,0.08860759493670886,8
binary-insertion,256,81,4,132,0.030303030303030304,7
binary-insertion,256,82,4,77,0.05194805194805195,4
binary-insertion,256,83,4,97,0.041237113402061855,4
binary-insertion,256,84,4,56,0.07142857142857142,4
binary-insertion,256,85,4,70,0.05714285714285714,4
binary-insertion,256,86,3,111,0.02702702702702703,4
binary-insertion,256,87,3,48,0.0625,3
binary-insertion,256,88,2,221,0.00904977375565611,3
binary-insertion,256,89,2,16,0.125,2
binary-insertion,256,90,1,39,0.02564102564102564,2
binary-insertion,256,91,1,8,0.125,1
binary-insertion,256,92,1,8,0.125,1
binary-insertion,256,93,1,8,0.125,1
binary-insertion,256,94,1,16,0.0625,1
binary-insertion,256,95,1,16,0.0625,1
binary-insertion,256,96,0,15,0.0,1
binary-insertion,512,0,102400,180875187,0.0005661362495232693,200
binary-insertion,512,1,102400,103501,0.9893624216191148,200
binary-insertion,512,2,102400,108843,0.9408046452229358,200
binary-insertion,512,3,102400,131980,0.7758751325958478,200
binary-insertion,512,4,102398,207856,0.4926391347856208,200
binary-insertion,512,5,102395,500810,0.20445877678161378,200
binary-insertion,512,6,102386,1626854,0.06293496527653987,200
binary-insertion,512,7,102317,6219925,0.01644987680719623,200
binary-insertion,512,8,99744,22125902,0.004508019605257223,200
binary-insertion,512,9,82916,32757088,0.0025312384299849854,200
binary-insertion,512,10,69771,25311415,0.0027565033404888663,200
binary-insertion,512,11,59371,20144460,0.0029472619271005526,200
binary-insertion,512,12,50780,16530909,0.0030718213983272186,200
binary-insertion,512,13,43676,13717189,0.003184034279909681,200
binary-insertion,512,14,37703,11434255,0.003297372675351389,200
binary-insertion,512,15,32733,9556248,0.003425298296988525,200
binary-insertion,512,16,28412,8000091,0.0035514596021470257,200
binary-insertion,512,17,24821,6823966,0.0036373276185725427,200
binary-insertion,512,18,21692,5750536,0.0037721701072734783,200
binary-insertion,512,19,19057,4845728,0.003932742407332809,200
binary-insertion,512,20,16869,4116614,0.004097785218628708,200
binary-insertion,512,21,14917,3600354,0.0041432036960809965,200
binary-insertion,512,22,13216,3122167,0.004232957429887639,200
binary-insertion,512,23,11727,2743204,0.004274928149711068,200
binary-insertion,512,24,10409,2360551,0.004409563699322743,200
binary-insertion,512,25,9248,1943093,0.0047594222201407755,200
binary-insertion,512,26,8268,1682958,0.004912778572014275,200
binary-insertion,512,27,7418,1512186,0.004905481204031779,200
binary-insertion,512,28,6671,1297480,0.005141505071369116,200
binary-insertion,512,29,6024,1149277,0.005241556213167061,200
binary-insertion,512,30,5441,960682,0.0056636847572870104,200
binary-insertion,512,31,4910,894269,0.005490517953770062,200
binary-insertion,512,32,4417,793810,0.0055643038006575885,200
binary-insertion,512,33,4010,670882,0.005977206125667405,200
binary-insertion,512,34,3652,554138,0.006590416105735394,200
binary-insertion,512,35,3328,519716,0.0064034972946763235,200
binary-insertion,512,36,3050,486400,0.006270559210526316,200
binary-insertion,512,37,2798,429942,0.0065078545478227294,200
binary-insertion,512,38,2561,363830,0.007039001731577935,200
binary-insertion,512,39,2356,325538,0.007237250336366261,200
binary-insertion,512,40,2154,290553,0.00741344952555988,200
binary-insertion,512,41,1984,267213,0.007424788464633083,200
binary-insertion,512,42,1828,236761,0.007720866189955271,200
binary-insertion,512,43,1709,214242,0.007976960633302527,200
binary-insertion,512,44,1605,180429,0.008895465806494522,200
binary-insertion,512,45,1492,191015,0.007810904902756328,200
binary-insertion,512,46,1376,166374,0.008270523038455527,200
binary-insertion,512,47,1265,154963,0.008163238966721088,200
binary-insertion,512,48,1174,127209,0.009228906759741843,200
binary-insertion,512,49,1097,115670,0.009483876545344515,200
binary-insertion,512,50,1012,107103,0.009448848304902757,200
binary-insertion,512,51,947,105953,0.008937925306503827,200
binary-insertion,512,52,871,94437,0.009223079936889143,200
binary-insertion,512,53,814,82164,0.009907015237817049,199
binary-insertion,512,54,755,84767,0.008906767963948235,197
binary-insertion,512,55,696,84117,0.00827418952173758,196
binary-insertion,512,56,645,74807,0.008622187763177244,196
binary-insertion,512,57,598,64760,0.00923409512044472,194
binary-insertion,512,58,551,59183,0.009310105942584863,194
binary-insertion,512,59,520,55448,0.009378156110229404,191
binary-insertion,512,60,484,45310,0.01068196866033988,188
binary-insertion,512,61,448,44334,0.010105111201335318,188
binary-insertion,512,62,421,36154,0.01164463129944128,183
binary-insertion,512,63,391,38310,0.01020621247716001,181
binary-insertion,512,64,362,36332,0.009963668391500605,179
binary-insertion,512,65,336,21724,0.01546676486834837,173
binary-insertion,512,66,313,30465,0.010274085015591662,168
binary-insertion,512,67,296,24924,0.011876103354196758,162
binary-insertion,512,68,274,24977,0.01097009248508628,157
binary-insertion,512,69,253,29507,0.008574236621818552,151
binary-insertion,512,70,237,22144,0.010702673410404625,143
binary-insertion,512,71,220,20014,0.01099230538622964,139
binary-insertion,512,72,205,18888,0.010853451927149513,133
binary-insertion,512,73,188,16923,0.011109141405188205,129
binary-insertion,512,74,175,12142,0.014412782078734969,120
binary-insertion,512,75,166,6682,0.024842861418736904,115
binary-insertion,512,76,158,10958,0.014418689541887205,112
binary-insertion,512,77,148,10847,0.013644325619987093,108
binary-insertion,512,78,138,8567,0.01610832263336057,106
binary-insertion,512,79,124,16418,0.007552686076257766,100
binary-insertion,512,80,113,12153,0.009298115691598783,96
binary-insertion,512,81,108,3775,0.028609271523178808,88
binary-insertion,512,82,100,7804,0.012813941568426449,86
binary-insertion,512,83,97,6634,0.014621646065722037,80
binary-insertion,512,84,90,5706,0.015772870662460567,79
binary-insertion,512,85,86,6587,0.013056019432214969,73
binary-insertion,512,86,85,5317,0.015986458529245816,70
binary-insertion,512,87,77,8070,0.009541511771995043,69
binary-insertion,512,88,73,8278,0.008818555206571635,64
binary-insertion,512,89,68,5538,0.012278801011195377,62
binary-insertion,512,90,64,3555,0.0180028129395218,60
binary-insertion,512,91,58,5730,0.01012216404886562,56
binary-insertion,512,92,52,5203,0.00999423409571401,51
binary-insertion,512,93,48,2986,0.016075016744809108,46
binary-insertion,512,94,42,3781,0.011108172441153134,43
binary-insertion,512,95,42,1170,0.035897435897435895,38
binary-insertion,512,96,39,3667,0.010635396782110717,38
binary-insertion,512,97,33,4360,0.007568807339449542,35
binary-insertion,512,98,32,1083,0.029547553093259463,29
binary-insertion,512,99,30,1240,0.024193548387096774,28
binary-insertion,512,100,27,1796,0.015033407572383074,26
binary-insertion,512,101,23,3403,0.006758742286218043,23
binary-insertion,512,102,20,2832,0.007062146892655367,20
binary-insertion,512,103,19,1015,0.0187192118226601,17
binary-insertion,512,104,19,581,0.03270223752151463,17
binary-insertion,512,105,17,1476,0.011517615176151762,17
binary-insertion,512,106,14,1184,0.011824324324324325,16
binary-insertion,512,107,13,1224,0.010620915032679739,14
binary-insertion,512,108,13,743,0.017496635262449527,13
binary-insertion,512,109,12,442,0.027149321266968326,13
binary-insertion,512,110,11,713,0.015427769985974754,12
binary-insertion,512,111,11,193,0.05699481865284974,11
binary-insertion,512,112,11,329,0.03343465045592705,11
binary-insertion,512,113,10,326,0.03067484662576687,11
binary-insertion,512,114,10,343,0.029154518950437316,10
binary-insertion,512,115,10,185,0.05405405405405406,10
binary-insertion,512,116,9,134,0.06716417910447761,10
binary-insertion,512,117,8,1037,0.007714561234329798,9
binary-insertion,512,118,7,485,0.01443298969072165,8
binary-insertion,512,119,7,294,0.023809523809523808,7
binary-insertion,512,120,7,89,0.07865168539325842,7
binary-insertion,512,121,5,769,0.006501950585175552,7
binary-insertion,512,122,4,1006,0.003976143141153081,5
binary-insertion,512,123,4,45,0.08888888888888889,4
binary-insertion,512,124,4,54,0.07407407407407407,4
binary-insertion,512,125,4,117,0.03418803418803419,4
binary-insertion,512,126,4,72,0.05555555555555555,4
binary-insertion,512,127,4,81,0.04938271604938271,4
binary-insertion,512,128,4,63,0.06349206349206349,4
binary-insertion,512,129,3,242,0.012396694214876033,4
binary-insertion,512,130,3,27,0.1111111111111111,3
binary-insertion,512,131,2,107,0.018691588785046728,3
binary-insertion,512,132,2,18,0.1111111111111111,2
binary-insertion,512,133,2,27,0.07407407407407407,2
binary-insertion,512,134,2,27,0.07407407407407407,2
binary-insertion,512,135,2,18,0.1111111111111111,2
binary-insertion,512,136,2,81,0.024691358024691357,2
binary-insertion,512,137,2,35,0.05714285714285714,2
binary-insertion,512,138,0,88,0.0,2
binary-insertion,1024,0,204800,828301076,0.0002472530894068282,200
binary-insertion,1024,1,204800,205532,0.9964385107915069,200
binary-insertion,1024,2,204800,211935,0.9663340175053672,200
binary-insertion,1024,3,204800,234888,0.8719049078709853,200
binary-insertion,1024,4,204800,304066,0.6735379818855117,200
binary-insertion,1024,5,204800,605007,0.33850848006717277,200
binary-insertion,1024,6,204799,1780762,0.11500638490713526,200
binary-insertion,1024,7,204784,6414641,0.03192446779172833,200
binary-insertion,1024,8,204702,24819659,0.008247575037191285,200
binary-insertion,1024,9,200239,90497965,0.002212635389094108,200
binary-insertion,1024,10,169041,136898230,0.0012347931744625185,200
binary-insertion,1024,11,144537,106843660,0.001352789674183756,200
binary-insertion,1024,12,124544,87146461,0.0014291343397180524,200
binary-insertion,1024,13,108005,71926182,0.0015016089690399526,200
binary-insertion,1024,14,94021,60404770,0.001556516149304103,200
binary-insertion,1024,15,82268,51143170,0.0016085823385605547,200
binary-insertion,1024,16,72145,43352167,0.0016641613324658027,200
binary-insertion,1024,17,63464,37141724,0.0017086982822875965,200
binary-insertion,1024,18,56099,31179676,0.0017992169001371278,200
binary-insertion,1024,19,49596,27063159,0.001832602025506335,200
binary-insertion,1024,20,44175,23276272,0.0018978554641396182,200
binary-insertion,1024,21,39412,20261038,0.0019452112966769027,200
binary-insertion,1024,22,35241,17639754,0.001997816976359194,200
binary-insertion,1024,23,31672,15350653,0.002063234704087181,200
binary-insertion,1024,24,28513,13408758,0.0021264460138664593,200
binary-insertion,1024,25,25709,11548247,0.0022262253309961243,200
binary-insertion,1024,26,23207,10276233,0.00225831780964873,200
binary-insertion,1024,27,21025,8888522,0.002365410132303211,200
binary-insertion,1024,28,19059,8021778,0.002375907186661112,200
binary-insertion,1024,29,17358,7030543,0.0024689415881532905,200
binary-insertion,1024,30,15827,6118138,0.0025868981706525743,200
binary-insertion,1024,31,14442,5475312,0.00263765790880958,200
binary-insertion,1024,32,13179,4837512,0.0027243343272326764,200
binary-insertion,1024,33,12108,4169635,0.00290385129633649,200
binary-insertion,1024,34,11158,3808336,0.002929888539246537,200
binary-insertion,1024,35,10307,3347648,0.003078878066033227,200
binary-insertion,1024,36,9496,3125633,0.0030381046015319135,200
binary-insertion,1024,37,8811,2702015,0.0032608997359378092,200
binary-insertion,1024,38,8217,2424371,0.003389332738264894,200
binary-insertion,1024,39,7610,2265314,0.003359357687278673,200
binary-insertion,1024,40,7083,2081542,0.003402765834174857,200
binary-insertion,1024,41,6620,1788391,0.00370165137265844,200
binary-insertion,1024,42,6182,1704907,0.003626004233662012,200
binary-insertion,1024,43,5803,1414206,0.0041033625935684055,200
binary-insertion,1024,44,5457,1385226,0.003939429378310832,200
binary-insertion,1024,45,5127,1296576,0.00395426106915445,200
binary-insertion,1024,46,4809,1198381,0.004012914089926325,200
binary-insertion,1024,47,4495,1080213,0.00416121635270081,200
binary-insertion,1024,48,4235,995169,0.004255558603614059,200
binary-insertion,1024,49,3967,1002324,0.003957802067993982,200
binary-insertion,1024,50,3727,829141,0.004495013513986162,200
binary-insertion,1024,51,3534,772170,0.004576712381988422,200
binary-insertion,1024,52,3321,718549,0.004621814239529942,200
binary-insertion,1024,53,3125,685351,0.0045597073616292965,200
binary-insertion,1024,54,2951,657017,0.0044915123961784854,200
binary-insertion,1024,55,2794,622642,0.0044873297978613716,200
binary-insertion,1024,56,2644,557681,0.004741061646353381,200
binary-insertion,1024,57,2497,514245,0.004855662184367373,200
binary-insertion,1024,58,2362,484496,0.004875169248043328,200
binary-insertion,1024,59,2234,466351,0.004790383209213661,200
binary-insertion,1024,60,2117,427521,0.004951803537136187,200
binary-insertion,1024,61,2008,402084,0.004993981357129356,200
binary-insertion,1024,62,1905,369445,0.005156383223483874,200
binary-insertion,1024,63,1806,324244,0.005569879473482932,200
binary-insertion,1024,64,1728,310634,0.005562816691025451,200
binary-insertion,1024,65,1646,273954,0.0060083079641107635,200
binary-insertion,1024,66,1582,259507,0.00609617466966209,200
binary-insertion,1024,67,1513,247351,0.006116813758585977,199
binary-insertion,1024,68,1443,260266,0.0055443277262492985,199
binary-insertion,1024,69,1379,231456,0.005957935849578322,199
binary-insertion,1024,70,1324,245233,0.005398947123755775,199
binary-insertion,1024,71,1267,200621,0.006315390711839738,199
binary-insertion,1024,72,1205,193623,0.006223434199449446,199
binary-insertion,1024,73,1149,175152,0.006560016442861058,199
binary-insertion,1024,74,1103,184783,0.005969163830006007,198
binary-insertion,1024,75,1053,172644,0.006099256273024258,197
binary-insertion,1024,76,992,158284,0.006267215890424806,197
binary-insertion,1024,77,934,143495,0.006508937593644378,196
binary-insertion,1024,78,890,147819,0.0060208768832152836,195
binary-insertion,1024,79,849,131314,0.0064654187672296935,195
binary-insertion,1024,80,808,137703,0.005867700776308432,195
binary-insertion,1024,81,774,130434,0.005934035604213625,195
binary-insertion,1024,82,743,134015,0.005544155504980786,193
binary-insertion,1024,83,705,115918,0.0060818854707638155,192
binary-insertion,1024,84,652,114328,0.005702889930725631,191
binary-insertion,1024,85,618,101983,0.0060598335016620415,190
binary-insertion,1024,86,594,91261,0.006508804418097544,186
binary-insertion,1024,87,565,91094,0.0062023843502316284,182
binary-insertion,1024,88,536,72283,0.0074152982028969465,179
binary-insertion,1024,89,517,77652,0.006657909648173904,179
binary-insertion,1024,90,489,79529,0.006148700474040916,178
binary-insertion,1024,91,468,64959,0.007204544404932342,176
binary-insertion,1024,92,450,56133,0.00801667468334135,173
binary-insertion,1024,93,428,67284,0.006361096248736698,169
binary-insertion,1024,94,411,52366,0.007848604056066914,165
binary-insertion,1024,95,388,62061,0.006251913440002578,159
binary-insertion,1024,96,356,65702,0.005418404310371069,159
binary-insertion,1024,97,330,50983,0.006472745817233195,154
binary-insertion,1024,98,320,41288,0.007750435962022864,148
binary-insertion,1024,99,301,50723,0.005934191589614179,148
binary-insertion,1024,100,292,31364,0.009310036985078434,142
binary-insertion,1024,101,279,41825,0.00667065152420801,140
binary-insertion,1024,102,262,32317,0.008107188167218492,137
binary-insertion,1024,103,252,27689,0.00910108707428943,132
binary-insertion,1024,104,239,32681,0.007313117713656253,128
binary-insertion,1024,105,228,25659,0.008885771074476792,126
binary-insertion,1024,106,218,23804,0.009158124684926904,122
binary-insertion,1024,107,209,24478,0.008538279271182286,120
binary-insertion,1024,108,199,22625,0.008795580110497237,115
binary-insertion,1024,109,192,23234,0.008263751398812086,114
binary-insertion,1024,110,186,16743,0.01110912022934958,113
binary-insertion,1024,111,177,27909,0.006342040202085349,110
binary-insertion,1024,112,166,30718,0.005403997656097402,107
binary-insertion,1024,113,153,22167,0.006902151847340642,104
binary-insertion,1024,114,144,13833,0.01040988939492518,98
binary-insertion,1024,115,138,15316,0.00901018542700444,95
binary-insertion,1024,116,132,18875,0.006993377483443709,91
binary-insertion,1024,117,127,14150,0.008975265017667844,88
binary-insertion,1024,118,121,14182,0.008531941898180793,86
binary-insertion,1024,119,112,8698,0.012876523338698551,85
binary-insertion,1024,120,108,9687,0.011148962527098173,78
binary-insertion,1024,121,106,10077,0.010519003671727697,77
binary-insertion,1024,122,103,11234,0.009168595335588392,76
binary-insertion,1024,123,98,11072,0.008851156069364163,75
binary-insertion,1024,124,97,7267,0.013348011559102793,73
binary-insertion,1024,125,90,10932,0.00823271130625686,73
binary-insertion,1024,126,87,6126,0.014201762977473066,67
binary-insertion,1024,127,86,7293,0.011792129439188262,64
binary-insertion,1024,128,83,8381,0.009903352821858967,63
binary-insertion,1024,129,79,8792,0.008985441310282075,61
binary-insertion,1024,130,74,6352,0.011649874055415618,57
binary-insertion,1024,131,70,8899,0.007866052365434318,55
binary-insertion,1024,132,67,5734,0.01168468782699686,52
binary-insertion,1024,133,63,6052,0.010409781890284204,50
binary-insertion,1024,134,62,3480,0.017816091954022988,48
binary-insertion,1024,135,59,6102,0.009668960996394626,48
binary-insertion,1024,136,56,2583,0.02168021680216802,46
binary-insertion,1024,137,55,2642,0.020817562452687358,43
binary-insertion,1024,138,50,7443,0.0067177213489184465,43
binary-insertion,1024,139,48,7114,0.0067472589260612875,40
binary-insertion,1024,140,44,3380,0.01301775147928994,38
binary-insertion,1024,141,42,5091,0.008249852681202121,34
binary-insertion,1024,142,40,5386,0.007426661715558856,32
binary-insertion,1024,143,37,3959,0.009345794392523364,30
binary-insertion,1024,144,34,5995,0.00567139282735613,28
binary-insertion,1024,145,31,6007,0.005160645913101382,25
binary-insertion,1024,146,31,4569,0.00678485445392865,25
binary-insertion,1024,147,28,6297,0.004446561854851517,25
binary-insertion,1024,148,26,3342,0.007779772591262717,22
binary-insertion,1024,149,24,1883,0.012745618693574084,20
binary-insertion,1024,150,24,731,0.03283173734610123,19
binary-insertion,1024,151,24,3218,0.0074580484773151025,19
binary-insertion,1024,152,24,1448,0.016574585635359115,19
binary-insertion,1024,153,22,1937,0.011357769747031492,19
binary-insertion,1024,154,20,2905,0.0068846815834767644,17
binary-insertion,1024,155,18,1465,0.012286689419795221,16
binary-insertion,1024,156,17,703,0.02418207681365576,14
binary-insertion,1024,157,17,903,0.018826135105204873,13
binary-insertion,1024,158,17,2158,0.007877664504170528,13
binary-insertion,1024,159,17,447,0.03803131991051454,13
binary-insertion,1024,160,16,262,0.061068702290076333,13
binary-insertion,1024,161,16,2214,0.007226738934056007,13
binary-insertion,1024,162,16,2326,0.006878761822871883,13
binary-insertion,1024,163,13,3996,0.0032532532532532532,13
binary-insertion,1024,164,13,328,0.039634146341463415,10
binary-insertion,1024,165,12,1262,0.009508716323296355,10
binary-insertion,1024,166,12,1735,0.0069164265129683,10
binary-insertion,1024,167,11,287,0.03832752613240418,10
binary-insertion,1024,168,11,388,0.028350515463917526,9
binary-insertion,1024,169,11,973,0.011305241521068859,9
binary-insertion,1024,170,11,354,0.031073446327683617,9
binary-insertion,1024,171,10,804,0.012437810945273632,9
binary-insertion,1024,172,9,1831,0.004915346805024577,8
binary-insertion,1024,173,9,319,0.02821316614420063,8
binary-insertion,1024,174,9,1436,0.006267409470752089,8
binary-insertion,1024,175,8,437,0.018306636155606407,8
binary-insertion,1024,176,8,1011,0.00791295746785361,7
binary-insertion,1024,177,8,1285,0.0062256809338521405,7
binary-insertion,1024,178,7,572,0.012237762237762238,7
binary-insertion,1024,179,6,197,0.030456852791878174,6
binary-insertion,1024,180,6,188,0.031914893617021274,6
binary-insertion,1024,181,5,1027,0.004868549172346641,6
binary-insertion,1024,182,4,329,0.0121580547112462,5
binary-insertion,1024,183,4,70,0.05714285714285714,4
binary-insertion,1024,184,4,348,0.011494252873563218,4
binary-insertion,1024,185,4,150,0.02666666666666667,4
binary-insertion,1024,186,3,348,0.008620689655172414,4
binary-insertion,1024,187,3,40,0.075,3
binary-insertion,1024,188,3,120,0.025,3
binary-insertion,1024,189,3,50,0.06,3
binary-insertion,1024,190,3,49,0.061224489795918366,3
binary-insertion,1024,191,3,30,0.1,3
binary-insertion,1024,192,3,39,0.07692307692307693,3
binary-insertion,1024,193,3,120,0.025,3
binary-insertion,1024,194,3,40,0.075,3
binary-insertion,1024,195,3,40,0.075,3
binary-insertion,1024,196,3,49,0.061224489795918366,3
binary-insertion,1024,197,3,59,0.05084745762711865,3
binary-insertion,1024,198,3,168,0.017857142857142856,3
binary-insertion,1024,199,3,40,0.075,3
binary-insertion,1024,200,3,80,0.0375,3
binary-insertion,1024,201,2,119,0.01680672268907563,3
binary-insertion,1024,202,2,19,0.10526315789473684,2
binary-insertion,1024,203,2,30,0.06666666666666667,2
binary-insertion,1024,204,1,448,0.002232142857142857,2
binary-insertion,1024,205,1,59,0.01694915254237288,1
binary-insertion,1024,206,1,10,0.1,1
binary-insertion,1024,207,1,10,0.1,1
binary-insertion,1024,208,1,99,0.010101010101010102,1
binary-insertion,1024,209,1,10,0.1,1
binary-insertion,1024,210,1,10,0.1,1
binary-insertion,1024,211,1,19,0.05263157894736842,1
binary-insertion,1024,212,1,40,0.025,1
binary-insertion,1024,213,1,10,0.1,1
binary-insertion,1024,214,1,79,0.012658227848101266,1
binary-insertion,1024,215,1,10,0.1,1
binary-insertion,1024,216,1,10,0.1,1
binary-insertion,1024,217,1,60,0.016666666666666666,1
binary-insertion,1024,218,1,20,0.05,1
binary-insertion,1024,219,1,20,0.05,1
binary-insertion,1024,220,1,20,0.05,1
binary-insertion,1024,221,1,10,0.1,1
binary-insertion,1024,222,1,10,0.1,1
binary-insertion,1024,223,1,19,0.05263157894736842,1
binary-insertion,1024,224,1,10,0.1,1
binary-insertion,1024,225,1,20,0.05,1
binary-insertion,1024,226,1,39,0.02564102564102564,1
binary-insertion,1024,227,1,10,0.1,1
binary-insertion,1024,228,1,140,0.007142857142857143,1
binary-insertion,1024,229,0,9,0.0,1
bitonic-network,128,0,25600,832000,0.03076923076923077,200
bitonic-network,128,1,25600,1638400,0.015625,200
bitonic-network,128,2,25600,1638400,0.015625,200
bitonic-network,128,3,25600,1638400,0.015625,200
bitonic-network,128,4,25600,1638400,0.015625,200
bitonic-network,128,5,25600,1638400,0.015625,200
bitonic-network,128,6,25600,1638400,0.015625,200
bitonic-network,128,7,25600,1638400,0.015625,200
bitonic-network,128,8,25600,1638400,0.015625,200
bitonic-network,128,9,25600,1638400,0.015625,200
bitonic-network,128,10,25600,1638400,0.015625,200
bitonic-network,128,11,25600,1638400,0.015625,200
bitonic-network,128,12,25600,1638400,0.015625,200
bitonic-network,128,13,25600,1638400,0.015625,200
bitonic-network,128,14,25600,1638400,0.015625,200
bitonic-network,128,15,25600,1638400,0.015625,200
bitonic-network,128,16,25600,1638400,0.015625,200
bitonic-network,128,17,25600,1638400,0.015625,200
bitonic-network,128,18,25600,1638400,0.015625,200
bitonic-network,128,19,25600,1638400,0.015625,200
bitonic-network,128,20,25600,1638400,0.015625,200
bitonic-network,128,21,25600,1638400,0.015625,200
bitonic-network,128,22,25600,1638400,0.015625,200
bitonic-network,128,23,25600,1638400,0.015625,200
bitonic-network,128,24,25600,1638400,0.015625,200
bitonic-network,128,25,25600,1638400,0.015625,200
bitonic-network,128,26,25600,1638400,0.015625,200
bitonic-network,128,27,25600,1638400,0.015625,200
bitonic-network,128,28,0,806400,0.0,200
bitonic-network,256,0,51200,3302400,0.015503875968992248,200
bitonic-network,256,1,51200,6553600,0.0078125,200
bitonic-network,256,2,51200,6553600,0.0078125,200
bitonic-network,256,3,51200,6553600,0.0078125,200
bitonic-network,256,4,51200,6553600,0.0078125,200
bitonic-network,256,5,51200,6553600,0.0078125,200
bitonic-network,256,6,51200,6553600,0.0078125,200
bitonic-network,256,7,51200,6553600,0.0078125,200
bitonic-network,256,8,51200,6553600,0.0078125,200
bitonic-network,256,9,51200,6553600,0.0078125,200
bitonic-network,256,10,51200,6553600,0.0078125,200
bitonic-network,256,11,51200,6553600,0.0078125,200
bitonic-network,256,12,51200,6553600,0.0078125,200
bitonic-network,256,13,51200,6553600,0.0078125,200
bitonic-network,256,14,51200,6553600,0.0078125,200
bitonic-network,256,15,51200,6553600,0.0078125,200
bitonic-network,256,16,51200,6553600,0.0078125,200
bitonic-network,256,17,51200,6553600,0.0078125,200
bitonic-network,256,18,51200,6553600,0.0078125,200
bitonic-network,256,19,51200,6553600,0.0078125,200
bitonic-network,256,20,51200,6553600,0.0078125,200
bitonic-network,256,21,51200,6553600,0.0078125,200
bitonic-network,256,22,51200,6553600,0.0078125,200
bitonic-network,256,23,51200,6553600,0.0078125,200
bitonic-network,256,24,51200,6553600,0.0078125,200
bitonic-network,256,25,51200,6553600,0.0078125,200
bitonic-network,256,26,51200,6553600,0.0078125,200
bitonic-network,256,27,51200,6553600,0.0078125,200
bitonic-network,256,28,51200,6553600,0.0078125,200
bitonic-network,256,29,51200,6553600,0.0078125,200
bitonic-network,256,30,51200,6553600,0.0078125,200
bitonic-network,256,31,51200,6553600,0.0078125,200
bitonic-network,256,32,51200,6553600,0.0078125,200
bitonic-network,256,33,51200,6553600,0.0078125,200
bitonic-network,256,34,51200,6553600,0.0078125,200
bitonic-network,256,35,51200,6553600,0.0078125,200
bitonic-network,256,36,0,3251200,0.0,200
bitonic-network,512,0,102400,13158400,0.007782101167315175,200
bitonic-network,512,1,102400,26214400,0.00390625,200
bitonic-network,512,2,102400,26214400,0.00390625,200
bitonic-network,512,3,102400,26214400,0.00390625,200
bitonic-network,512,4,102400,26214400,0.00390625,200
bitonic-network,512,5,102400,26214400,0.00390625,200
bitonic-network,512,6,102400,26214400,0.00390625,200
bitonic-network,512,7,102400,26214400,0.00390625,200
bitonic-network,512,8,102400,26214400,0.00390625,200
bitonic-network,512,9,102400,26214400,0.00390625,200
bitonic-network,512,10,102400,26214400,0.00390625,200
bitonic-network,512,11,102400,26214400,0.00390625,200
bitonic-network,512,12,102400,26214400,0.00390625,200
bitonic-network,512,13,102400,26214400,0.00390625,200
bitonic-network,512,14,102400,26214400,0.00390625,200
bitonic-network,512,15,102400,26214400,0.00390625,200
bitonic-network,512,16,102400,26214400,0.00390625,200
bitonic-network,512,17,102400,26214400,0.00390625,200
bitonic-network,512,18,102400,26214400,0.00390625,200
bitonic-network,512,19,102400,26214400,0.00390625,200
bitonic-network,512,20,102400,26214400,0.00390625,200
bitonic-network,512,21,102400,26214400,0.00390625,200
bitonic-network,512,22,102400,26214400,0.00390625,200
bitonic-network,512,23,102400,26214400,0.00390625,200
bitonic-network,512,24,102400,26214400,0.00390625,200
bitonic-network,512,25,102400,26214400,0.00390625,200
bitonic-network,512,26,102400,26214400,0.00390625,200
bitonic-network,512,27,102400,26214400,0.00390625,200
bitonic-network,512,28,102400,26214400,0.00390625,200
bitonic-network,512,29,102400,26214400,0.00390625,200
bitonic-network,512,30,102400,26214400,0.00390625,200
bitonic-network,512,31,102400,26214400,0.00390625,200
bitonic-network,512,32,102400,26214400,0.00390625,200
bitonic-network,512,33,102400,26214400,0.00390625,200
bitonic-network,512,34,102400,26214400,0.00390625,200
bitonic-network,512,35,102400,26214400,0.00390625,200
bitonic-network,512,36,102400,26214400,0.00390625,200
bitonic-network,512,37,102400,26214400,0.00390625,200
bitonic-network,512,38,102400,26214400,0.00390625,200
bitonic-network,512,39,102400,26214400,0.00390625,200
bitonic-network,512,40,102400,26214400,0.00390625,200
bitonic-network,512,41,102400,26214400,0.00390625,200
bitonic-network,512,42,102400,26214400,0.00390625,200
bitonic-network,512,43,102400,26214400,0.00390625,200
bitonic-network,512,44,102400,26214400,0.00390625,200
bitonic-network,512,45,0,13056000,0.0,200
bitonic-network,1024,0,204800,52531200,0.003898635477582846,200
bitonic-network,1024,1,204800,104857600,0.001953125,200
bitonic-network,1024,2,204800,104857600,0.001953125,200
bitonic-network,1024,3,204800,104857600,0.001953125,200
bitonic-network,1024,4,204800,104857600,0.001953125,200
bitonic-network,1024,5,204800,104857600,0.001953125,200
bitonic-network,1024,6,204800,104857600,0.001953125,200
bitonic-network,1024,7,204800,104857600,0.001953125,200
bitonic-network,1024,8,204800,104857600,0.001953125,200
bitonic-network,1024,9,204800,104857600,0.001953125,200
bitonic-network,1024,10,204800,104857600,0.001953125,200
bitonic-network,1024,11,204800,104857600,0.001953125,200
bitonic-network,1024,12,204800,104857600,0.001953125,200
bitonic-network,1024,13,204800,104857600,0.001953125,200
bitonic-network,1024,14,204800,104857600,0.001953125,200
bitonic-network,1024,15,204800,104857600,0.001953125,200
bitonic-network,1024,16,204800,104857600,0.001953125,200
bitonic-network,1024,17,204800,104857600,0.001953125,200
bitonic-network,1024,18,204800,104857600,0.001953125,200
bitonic-network,1024,19,204800,104857600,0.001953125,200
bitonic-network,1024,20,204800,104857600,0.001953125,200
bitonic-network,1024,21,204800,104857600,0.001953125,200
bitonic-network,1024,22,204800,104857600,0.001953125,200
bitonic-network,1024,23,204800,104857600,0.001953125,200
bitonic-network,1024,24,204800,104857600,0.001953125,200
bitonic-network,1024,25,204800,104857600,0.001953125,200
bitonic-network,1024,26,204800,104857600,0.001953125,200
bitonic-network,1024,27,204800,104857600,0.001953125,200
bitonic-network,1024,28,204800,104857600,0.001953125,200
bitonic-network,1024,29,204800,104857600,0.001953125,200
bitonic-network,1024,30,204800,104857600,0.001953125,200
bitonic-network,1024,31,204800,104857600,0.001953125,200
bitonic-network,1024,32,204800,104857600,0.001953125,200
bitonic-network,1024,33,204800,104857600,0.001953125,200
bitonic-network,1024,34,204800,104857600,0.001953125,200
bitonic-network,1024,35,204800,104857600,0.001953125,200
bitonic-network,1024,36,204800,104857600,0.001953125,200
bitonic-network,1024,37,204800,104857600,0.001953125,200
bitonic-network,1024,38,204800,104857600,0.001953125,200
bitonic-network,1024,39,204800,104857600,0.001953125,200
bitonic-network,1024,40,204800,104857600,0.001953125,200
bitonic-network,1024,41,204800,104857600,0.001953125,200
bitonic-network,1024,42,204800,104857600,0.001953125,200
bitonic-network,1024,43,204800,104857600,0.001953125,200
bitonic-network,1024,44,204800,104857600,0.001953125,200
bitonic-network,1024,45,204800,104857600,0.001953125,200
bitonic-network,1024,46,204800,104857600,0.001953125,200
bitonic-network,1024,47,204800,104857600,0.001953125,200
bitonic-network,1024,48,204800,104857600,0.001953125,200
bitonic-network,1024,49,204800,104857600,0.001953125,200
bitonic-network,1024,50,204800,104857600,0.001953125,200
bitonic-network,1024,51,204800,104857600,0.001953125,200
bitonic-network,1024,52,204800,104857600,0.001953125,200
bitonic-network,1024,53,204800,104857600,0.001953125,200
bitonic-network,1024,54,204800,104857600,0.001953125,200
bitonic-network,1024,55,0,52326400,0.0,200
heap,128,0,25600,1437108,0.017813553330716967,200
heap,128,1,25598,2384010,0.010737371068074378,200
heap,128,2,25598,2744153,0.009328197079390253,200
heap,128,3,25595,2109364,0.012133989202432582,200
heap,128,4,25593,1841680,0.01389655097519656,200
heap,128,5,25586,1351601,0.01893014284541074,200
heap,128,6,25575,1212028,0.02110099766672057,200
heap,128,7,25544,1290783,0.01978953859788981,200
heap,128,8,25520,1327869,0.01921876329668062,200
heap,128,9,25459,1163905,0.021873778358199338,200
heap,128,10,25356,988731,0.025644993430973644,200
heap,128,11,25183,850719,0.029602018998047534,200
heap,128,12,24774,1011543,0.024491296959199955,200
heap,128,13,23997,1323501,0.018131455888586407,200
heap,128,14,22767,1656287,0.01374580613142529,200
heap,128,15,20996,1917053,0.010952227194553306,200
heap,128,16,18963,1886328,0.010052864613153174,200
heap,128,17,16668,1849439,0.009012462698147925,200
heap,128,18,14593,1497298,0.009746222862783495,200
heap,128,19,12680,1293979,0.00979923167222961,200
heap,128,20,10965,1047717,0.010465612374333908,200
heap,128,21,9529,796057,0.011970248361612297,200
heap,128,22,8343,593000,0.014069139966273188,200
heap,128,23,7326,445905,0.01642950852760117,200
heap,128,24,6530,337568,0.019344250639871077,200
heap,128,25,5847,269381,0.021705317004540037,200
heap,128,26,5249,209165,0.025095020677455598,200
heap,128,27,4716,174159,0.027078703942948684,200
heap,128,28,4289,131307,0.03266390976870997,200
heap,128,29,3850,110023,0.03499268334802723,200
heap,128,30,3448,90790,0.03797775085361824,200
heap,128,31,3116,73446,0.04242572774555456,200
heap,128,32,2841,59228,0.04796717768622948,200
heap,128,33,2567,47255,0.05432229393714951,200
heap,128,34,2307,42086,0.05481632847027515,200
heap,128,35,2060,34642,0.05946538883436291,200
heap,128,36,1823,28941,0.06299022148509036,200
heap,128,37,1619,23793,0.0680452233850292,200
heap,128,38,1443,20711,0.06967312056395153,200
heap,128,39,1292,15975,0.08087636932707355,200
heap,128,40,1150,11759,0.09779743175440088,200
heap,128,41,1004,12537,0.08008295445481375,200
heap,128,42,881,9624,0.09154197838736493,200
heap,128,43,752,9396,0.0800340570455513,199
heap,128,44,650,6837,0.09507093754570718,199
heap,128,45,570,4891,0.1165405847474954,198
heap,128,46,496,4398,0.11277853569804457,197
heap,128,47,434,3748,0.11579509071504802,190
heap,128,48,374,2712,0.137905604719764,187
heap,128,49,314,2642,0.11884935654806965,182
heap,128,50,262,1652,0.1585956416464891,170
heap,128,51,220,1717,0.128130460104834,154
heap,128,52,184,1486,0.12382234185733512,143
heap,128,53,153,1018,0.15029469548133595,127
heap,128,54,126,822,0.15328467153284672,108
heap,128,55,101,626,0.16134185303514376,92
heap,128,56,73,490,0.1489795918367347,80
heap,128,57,58,390,0.14871794871794872,62
heap,128,58,45,240,0.1875,51
heap,128,59,36,232,0.15517241379310345,41
heap,128,60,32,210,0.1523809523809524,33
heap,128,61,25,129,0.1937984496124031,29
heap,128,62,24,135,0.17777777777777778,23
heap,128,63,18,91,0.1978021978021978,22
heap,128,64,14,81,0.1728395061728395,18
heap,128,65,12,71,0.16901408450704225,14
heap,128,66,9,54,0.16666666666666666,12
heap,128,67,7,33,0.21212121212121213,9
heap,128,68,6,30,0.2,7
heap,128,69,5,14,0.35714285714285715,6
heap,128,70,5,28,0.17857142857142858,5
heap,128,71,3,7,0.42857142857142855,5
heap,128,72,2,14,0.14285714285714285,3
heap,128,73,2,5,0.4,2
heap,128,74,1,7,0.14285714285714285,2
heap,128,75,1,1,1.0,1
heap,128,76,0,1,0.0,1
heap,256,0,51200,5802633,0.008823580605563026,200
heap,256,1,51199,9973929,0.005133282982062535,200
heap,256,2,51199,12029694,0.004256051733319235,200
heap,256,3,51197,9580936,0.005343632396667716,200
heap,256,4,51193,8275415,0.0061861550145823506,200
heap,256,5,51191,6269239,0.00816542486257104,200
heap,256,6,51189,5171600,0.009898097300641968,200
heap,256,7,51179,4375199,0.011697525072573841,200
heap,256,8,51162,5168474,0.009898859895590072,200
heap,256,9,51133,5442833,0.009394556107086144,200
heap,256,10,51099,4744596,0.010769936997797073,200
heap,256,11,51004,4017026,0.012696955409300313,200
heap,256,12,50866,3229870,0.015748621461544893,200
heap,256,13,50603,2901984,0.0174373807712241,200
heap,256,14,50061,3376478,0.014826396025681197,200
heap,256,15,49053,4621282,0.010614587034506875,200
heap,256,16,47298,6239466,0.007580456404442304,200
heap,256,17,44653,7446764,0.005996295840716853,200
heap,256,18,41125,8330217,0.0049368461829985945,200
heap,256,19,37264,8002962,0.004656276013805889,200
heap,256,20,33244,7458404,0.004457253857527696,200
heap,256,21,29409,6772903,0.0043421557934610906,200
heap,256,22,25892,5780897,0.0044788896947999595,200
heap,256,23,22907,4719688,0.004853498790598022,200
heap,256,24,20294,3795705,0.005346569346142548,200
heap,256,25,18099,2927700,0.006181985859206886,200
heap,256,26,16199,2285508,0.007087702165120402,200
heap,256,27,14584,1758736,0.008292319029120913,200
heap,256,28,13227,1413574,0.009357133054229916,200
heap,256,29,12042,1199633,0.010038069976401116,200
heap,256,30,11066,944717,0.011713560780635894,200
heap,256,31,10167,784254,0.012963912201914176,200
heap,256,32,9305,661829,0.014059522928127961,200
heap,256,33,8553,544432,0.01570995092132718,200
heap,256,34,7912,426324,0.01855865491973241,200
heap,256,35,7307,378632,0.019298421686492425,200
heap,256,36,6776,334112,0.0202806244612585,200
heap,256,37,6285,281302,0.022342535780051333,200
heap,256,38,5778,252379,0.02289413936975739,200
heap,256,39,5357,205594,0.026056207865988307,200
heap,256,40,4957,187027,0.02650419458153101,200
heap,256,41,4573,155431,0.029421415290386086,200
heap,256,42,4232,125235,0.03379247015610652,200
heap,256,43,3894,118877,0.03275654668270565,200
heap,256,44,3593,94709,0.03793726045043238,200
heap,256,45,3314,90237,0.03672551170805767,200
heap,256,46,2999,74186,0.04042541719461893,200
heap,256,47,2730,63280,0.04314159292035398,200
heap,256,48,2476,58605,0.04224895486733214,200
heap,256,49,2244,48053,0.04669843714232202,200
heap,256,50,2039,42332,0.04816687139752433,200
heap,256,51,1845,34946,0.05279574200194586,200
heap,256,52,1656,32947,0.05026254287188515,200
heap,256,53,1486,24541,0.06055172975836356,200
heap,256,54,1313,22533,0.058270092752851374,200
heap,256,55,1163,19894,0.05845983713682518,200
heap,256,56,1041,14401,0.07228664676064162,200
heap,256,57,924,14783,0.06250422782926335,200
heap,256,58,823,11302,0.07281897009378871,200
heap,256,59,737,9653,0.07634932145447011,200
heap,256,60,640,9306,0.06877283473028153,200
heap,256,61,564,7348,0.07675557974959173,199
heap,256,62,504,5638,0.08939340191557289,194
heap,256,63,447,4067,0.10990902385050405,189
heap,256,64,394,3887,0.10136351942372009,181
heap,256,65,329,3887,0.08464111139696424,169
heap,256,66,283,3090,0.09158576051779935,160
heap,256,67,241,2836,0.08497884344146686,145
heap,256,68,210,1954,0.10747185261003071,133
heap,256,69,175,1514,0.1155878467635403,127
heap,256,70,152,1538,0.0988296488946684,118
heap,256,71,130,1448,0.08977900552486189,105
heap,256,72,113,714,0.15826330532212884,97
heap,256,73,97,694,0.13976945244956773,89
heap,256,74,77,1329,0.057938299473288185,80
heap,256,75,64,361,0.1772853185595568,65
heap,256,76,51,701,0.07275320970042796,56
heap,256,77,41,407,0.10073710073710074,46
heap,256,78,34,329,0.1033434650455927,37
heap,256,79,28,164,0.17073170731707318,32
heap,256,80,25,148,0.16891891891891891,27
heap,256,81,22,235,0.09361702127659574,24
heap,256,82,19,161,0.11801242236024845,21
heap,256,83,14,192,0.07291666666666667,18
heap,256,84,13,72,0.18055555555555555,13
heap,256,85,11,65,0.16923076923076924,12
heap,256,86,11,54,0.2037037037037037,11
heap,256,87,11,39,0.28205128205128205,11
heap,256,88,9,50,0.18,11
heap,256,89,7,126,0.05555555555555555,9
heap,256,90,7,21,0.3333333333333333,7
heap,256,91,4,65,0.06153846153846154,7
heap,256,92,3,4,0.75,4
heap,256,93,3,34,0.08823529411764706,3
heap,256,94,2,8,0.25,3
heap,256,95,1,1,1.0,2
heap,256,96,1,3,0.3333333333333333,1
heap,256,97,1,1,1.0,1
heap,256,98,1,2,0.5,1
heap,256,99,1,1,1.0,1
heap,256,100,0,14,0.0,1
heap,512,0,102400,23330238,0.004389153681158332,200
heap,512,1,102400,42285783,0.0024216176864928812,200
heap,512,2,102400,51869702,0.0019741775266031024,200
heap,512,3,102399,41913070,0.0024431281220869765,200
heap,512,4,102397,37378619,0.0027394538037908782,200
heap,512,5,102396,28251287,0.003624472046176162,200
heap,512,6,102395,23396430,0.0043765224010671715,200
heap,512,7,102386,18443278,0.005551399268611578,200
heap,512,8,102380,16252078,0.006299502131358218,200
heap,512,9,102366,20568365,0.0049768661728824826,200
heap,512,10,102336,22762369,0.00449584135992172,200
heap,512,11,102287,19988121,0.005117389473477772,200
heap,512,12,102204,16321246,0.006262021906905882,200
heap,512,13,102096,12659947,0.008064488737591082,200
heap,512,14,101897,10616480,0.009598002351061745,200
heap,512,15,101533,9639347,0.010533182382582554,200
heap,512,16,100802,11297945,0.008922153542082211,200
heap,512,17,99501,15686778,0.006342985156033955,200
heap,512,18,97001,22692977,0.004274494263137005,200
heap,512,19,93046,28405911,0.0032755858454953267,200
heap,512,20,87675,32030985,0.0027371933769754506,200
heap,512,21,81166,33749552,0.00240495044200883,200
heap,512,22,73930,34130612,0.002166090663712681,200
heap,512,23,66420,32543154,0.0020409822600476893,200
heap,512,24,59293,29247697,0.002027270728358544,200
heap,512,25,52925,25220930,0.002098455528800881,200
heap,512,26,47298,21742635,0.0021753573106479502,200
heap,512,27,42388,17783589,0.002383545863548691,200
heap,512,28,38253,13869409,0.0027580843567307015,200
heap,512,29,34591,10920407,0.003167555934499511,200
heap,512,30,31525,8386673,0.0037589399276685763,200
heap,512,31,28839,6978759,0.004132396605184389,200
heap,512,32,26452,5971029,0.004430057197846469,200
heap,512,33,24444,4890225,0.004998543011824609,200
heap,512,34,22708,4150862,0.005470670911246869,200
heap,512,35,21096,3501349,0.0060251063233056745,200
heap,512,36,19643,2923727,0.006718479529723534,200
heap,512,37,18365,2340476,0.007846694433098225,200
heap,512,38,17112,2063190,0.008293952568595234,200
heap,512,39,16005,1778129,0.009001034233174308,200
heap,512,40,14983,1671566,0.008963451039324801,200
heap,512,41,14069,1430658,0.009833936552271752,200
heap,512,42,13187,1280786,0.01029602134939014,200
heap,512,43,12348,1143723,0.010796320437728366,200
heap,512,44,11588,927182,0.01249808559700253,200
heap,512,45,10854,827398,0.013118233304890753,200
heap,512,46,10176,731836,0.013904754617154663,200
heap,512,47,9506,657846,0.014450190470110025,200
heap,512,48,8899,613485,0.014505652134934025,200
heap,512,49,8364,532388,0.015710346589329585,200
heap,512,50,7860,488629,0.01608582380497269,200
heap,512,51,7373,414673,0.017780275060107605,200
heap,512,52,6920,351358,0.019695011925158955,200
heap,512,53,6470,333056,0.019426162567255958,200
heap,512,54,6055,288836,0.02096345330914429,200
heap,512,55,5658,262866,0.021524274725525552,200
heap,512,56,5306,223978,0.023689826679406015,200
heap,512,57,4948,211711,0.023371482823282684,200
heap,512,58,4586,186531,0.02458572569706912,200
heap,512,59,4255,159879,0.02661387674428787,200
heap,512,60,3943,138301,0.028510278306013694,200
heap,512,61,3675,117891,0.031172863068427616,200
heap,512,62,3389,117877,0.02875030752394445,200
heap,512,63,3137,93211,0.03365482614712856,200
heap,512,64,2894,85359,0.03390386485314964,200
heap,512,65,2672,75770,0.03526461660287713,200
heap,512,66,2446,69416,0.035236833006799584,200
heap,512,67,2225,59663,0.03729279452927275,200
heap,512,68,2028,54332,0.037326069351395125,200
heap,512,69,1854,44838,0.04134885588117222,200
heap,512,70,1673,40977,0.04082778143836786,200
heap,512,71,1519,31783,0.04779284523172765,200
heap,512,72,1378,28472,0.04839842652430458,200
heap,512,73,1240,27324,0.04538134972917582,200
heap,512,74,1131,22205,0.05093447421751858,200
heap,512,75,1011,18950,0.0533509234828496,200
heap,512,76,910,15412,0.05904490007786141,200
heap,512,77,834,13547,0.0615634457813538,200
heap,512,78,758,12575,0.06027833001988071,200
heap,512,79,674,12370,0.05448666127728375,198
heap,512,80,598,10351,0.05777219592309922,197
heap,512,81,527,7234,0.07285042853193253,195
heap,512,82,462,7844,0.05889852116267211,193
heap,512,83,410,4485,0.09141583054626533,187
heap,512,84,359,4816,0.07454318936877076,183
heap,512,85,309,4660,0.06630901287553648,175
heap,512,86,273,3286,0.08307973219720025,165
heap,512,87,236,2938,0.08032675289312458,156
heap,512,88,203,2579,0.07871267933307484,147
heap,512,89,179,2089,0.08568693154619435,133
heap,512,90,160,1881,0.08506113769271664,123
heap,512,91,142,1465,0.09692832764505119,111
heap,512,92,127,1244,0.10209003215434084,102
heap,512,93,106,867,0.12226066897347174,95
heap,512,94,92,1183,0.07776838546069316,80
heap,512,95,79,637,0.12401883830455258,73
heap,512,96,63,955,0.06596858638743455,65
heap,512,97,50,558,0.08960573476702509,52
heap,512,98,38,518,0.07335907335907337,44
heap,512,99,36,144,0.25,34
heap,512,100,27,336,0.08035714285714286,33
heap,512,101,22,89,0.24719101123595505,26
heap,512,102,17,159,0.1069182389937107,21
heap,512,103,15,101,0.1485148514851485,16
heap,512,104,13,124,0.10483870967741936,14
heap,512,105,12,53,0.22641509433962265,13
heap,512,106,12,94,0.1276595744680851,12
heap,512,107,9,80,0.1125,12
heap,512,108,8,39,0.20512820512820512,9
heap,512,109,4,27,0.14814814814814814,8
heap,512,110,3,11,0.2727272727272727,4
heap,512,111,2,6,0.3333333333333333,3
heap,512,112,2,10,0.2,2
heap,512,113,2,5,0.4,2
heap,512,114,2,3,0.6666666666666666,2
heap,512,115,1,7,0.14285714285714285,2
heap,512,116,1,3,0.3333333333333333,1
heap,512,117,1,7,0.14285714285714285,1
heap,512,118,1,1,1.0,1
heap,512,119,1,1,1.0,1
heap,512,120,1,2,0.5,1
heap,512,121,1,1,1.0,1
heap,512,122,0,1,0.0,1
heap,1024,0,204800,93503372,0.0021902953403648375,200
heap,1024,1,204800,178335195,0.0011483992265239624,200
heap,1024,2,204800,223011992,0.0009183362659708452,200
heap,1024,3,204800,183613744,0.0011153849136696433,200
heap,1024,4,204799,164287351,0.0012465901894053912,200
heap,1024,5,204799,125997434,0.001625421990736732,200
heap,1024,6,204797,105293219,0.0019450160413464043,200
heap,1024,7,204794,81289660,0.0025193118042319282,200
heap,1024,8,204790,66009589,0.0031024280426893737,200
heap,1024,9,204775,60230930,0.0033998312826981087,200
heap,1024,10,204763,81519053,0.0025118422315332832,200
heap,1024,11,204745,94235141,0.0021727032806158797,200
heap,1024,12,204717,84168504,0.0024322280933019792,200
heap,1024,13,204667,67590095,0.0030280620259521755,200
heap,1024,14,204564,52637193,0.0038863014598821788,200
heap,1024,15,204393,41990187,0.004867637288683663,200
heap,1024,16,204101,34420308,0.00592966803202342,200
heap,1024,17,203595,31451346,0.0064733318567669566,200
heap,1024,18,202567,38597619,0.005248173468938589,200
heap,1024,19,200693,56987739,0.003521687358047316,200
heap,1024,20,197415,78544241,0.002513424249653135,200
heap,1024,21,191889,100817409,0.0019033319929894251,200
heap,1024,22,183833,119500593,0.001538343830645259,200
heap,1024,23,173020,138023786,0.001253552050803765,200
heap,1024,24,160504,143296437,0.001120083676609489,200
heap,1024,25,146968,143060292,0.0010273151127078645,200
heap,1024,26,133171,135365449,0.0009837887066735914,200
heap,1024,27,119718,126856542,0.0009437274429252533,200
heap,1024,28,107699,112057810,0.0009611021311232123,200
heap,1024,29,97153,96607239,0.0010056492764481137,200
heap,1024,30,88074,79863144,0.0011028115797695117,200
heap,1024,31,80169,63421992,0.0012640567959454822,200
heap,1024,32,73357,50453573,0.0014539505457819607,200
heap,1024,33,67335,40395413,0.001666897179637698,200
heap,1024,34,62045,33182070,0.0018698351248128884,200
heap,1024,35,57329,27956238,0.002050669335409149,200
heap,1024,36,53191,23603825,0.002253490694834418,200
heap,1024,37,49627,21025653,0.0023603071923616356,200
heap,1024,38,46507,17809986,0.002611287847166191,200
heap,1024,39,43705,15156725,0.002883538495288395,200
heap,1024,40,41081,12615047,0.003256507883006698,200
heap,1024,41,38690,10535425,0.003672372021062273,200
heap,1024,42,36409,9199317,0.003957793823171872,200
heap,1024,43,34337,7997142,0.004293658909645471,200
heap,1024,44,32319,7607713,0.004248188647494983,200
heap,1024,45,30468,7044847,0.004324863265305833,200
heap,1024,46,28755,6367087,0.004516193983213988,200
heap,1024,47,27175,5535947,0.0049088258973577605,200
heap,1024,48,25679,4815720,0.005332328291511965,200
heap,1024,49,24257,4238248,0.005723355499725359,200
heap,1024,50,22936,3692818,0.006210974924840596,200
heap,1024,51,21707,3248426,0.006682313218771183,200
heap,1024,52,20559,2959285,0.006947286253267259,200
heap,1024,53,19423,2830129,0.006862938049820344,200
heap,1024,54,18396,2548923,0.007217165838277579,200
heap,1024,55,17412,2330503,0.007471348459967655,200
heap,1024,56,16510,2017089,0.008185062731490778,200
heap,1024,57,15644,1790151,0.008738927610017256,200
heap,1024,58,14857,1530998,0.00970412763439273,200
heap,1024,59,14035,1504999,0.009325587591752553,200
heap,1024,60,13231,1407510,0.00940028845265753,200
heap,1024,61,12518,1190924,0.010511166119752394,200
heap,1024,62,11806,1098460,0.010747774156546437,200
heap,1024,63,11129,1015574,0.010958334892385981,200
heap,1024,64,10561,856433,0.012331379103794459,200
heap,1024,65,9962,826162,0.012058167768549026,200
heap,1024,66,9366,729784,0.012833934424432435,200
heap,1024,67,8848,626442,0.014124212616650863,200
heap,1024,68,8341,606957,0.013742324415073885,200
heap,1024,69,7862,523773,0.01501031935590418,200
heap,1024,70,7367,520500,0.014153698366954851,200
heap,1024,71,6910,444686,0.015539054523866279,200
heap,1024,72,6492,395731,0.016405083250996256,200
heap,1024,73,6080,362827,0.016757297555033114,200
heap,1024,74,5727,314895,0.01818701471919211,200
heap,1024,75,5361,283945,0.01888041698216204,200
heap,1024,76,5032,241097,0.020871267581098064,200
heap,1024,77,4720,225234,0.0209559835548807,200
heap,1024,78,4410,194574,0.022664898701779273,200
heap,1024,79,4092,192179,0.021292649040738063,200
heap,1024,80,3826,156017,0.02452296865085215,200
heap,1024,81,3537,156206,0.022643176318451277,200
heap,1024,82,3292,130410,0.025243462924622345,200
heap,1024,83,3064,109628,0.02794906410770971,200
heap,1024,84,2835,100747,0.028139795725927324,200
heap,1024,85,2621,98431,0.026627790025500097,200
heap,1024,86,2432,82934,0.02932452311476596,200
heap,1024,87,2231,79547,0.02804631224307642,200
heap,1024,88,2055,68604,0.029954521602238937,200
heap,1024,89,1860,68810,0.02703095480308095,200
heap,1024,90,1724,52470,0.03285687059271965,200
heap,1024,91,1594,45904,0.03472464273265946,200
heap,1024,92,1463,43333,0.033761798167678214,200
heap,1024,93,1346,35410,0.03801186105619881,200
heap,1024,94,1226,30447,0.04026669294183335,200
heap,1024,95,1113,29329,0.037948787889119984,200
heap,1024,96,1006,26314,0.03823059968077829,200
heap,1024,97,920,25369,0.03626473254759746,199
heap,1024,98,844,17431,0.048419482531122715,199
heap,1024,99,779,16453,0.04734698839117486,197
heap,1024,100,696,14705,0.04733083985039102,196
heap,1024,101,634,10733,0.05907015745830616,192
heap,1024,102,566,13254,0.04270408933152256,189
heap,1024,103,512,9906,0.051685846961437514,183
heap,1024,104,456,10821,0.042140282783476576,180
heap,1024,105,400,9449,0.04233252195999577,176
heap,1024,106,361,7047,0.05122747268341138,169
heap,1024,107,318,6085,0.052259654889071486,165
heap,1024,108,294,3928,0.07484725050916496,163
heap,1024,109,268,4517,0.059331414655744964,157
heap,1024,110,231,5419,0.042627791105369996,151
heap,1024,111,212,2878,0.07366226546212648,141
heap,1024,112,185,3289,0.05624809972636059,135
heap,1024,113,160,2148,0.074487895716946,119
heap,1024,114,141,2287,0.06165282028858767,112
heap,1024,115,121,1384,0.08742774566473989,103
heap,1024,116,109,1675,0.06507462686567164,95
heap,1024,117,102,1640,0.06219512195121951,88
heap,1024,118,87,1255,0.06932270916334661,82
heap,1024,119,75,1208,0.062086092715231786,70
heap,1024,120,61,862,0.07076566125290024,62
heap,1024,121,52,748,0.06951871657754011,54
heap,1024,122,45,1200,0.0375,46
heap,1024,123,37,798,0.046365914786967416,42
heap,1024,124,34,488,0.06967213114754098,35
heap,1024,125,31,741,0.04183535762483131,33
heap,1024,126,27,298,0.09060402684563758,30
heap,1024,127,21,394,0.0532994923857868,26
heap,1024,128,17,159,0.1069182389937107,21
heap,1024,129,17,133,0.12781954887218044,17
heap,1024,130,15,98,0.15306122448979592,17
heap,1024,131,11,209,0.05263157894736842,15
heap,1024,132,10,30,0.3333333333333333,11
heap,1024,133,9,13,0.6923076923076923,10
heap,1024,134,7,60,0.11666666666666667,9
heap,1024,135,6,16,0.375,7
heap,1024,136,2,143,0.013986013986013986,6
heap,1024,137,2,3,0.6666666666666666,2
heap,1024,138,1,2,0.5,2
heap,1024,139,1,1,1.0,1
heap,1024,140,0,1,0.0,1
merge-top-down,128,0,25600,6332760,0.00404247121318351,200
merge-top-down,128,1,25599,94716,0.2702711263144558,200
merge-top-down,128,2,25592,166295,0.15389518626537177,200
merge-top-down,128,3,25550,333919,0.07651556215728965,200
merge-top-down,128,4,25470,502925,0.050643734155192126,200
merge-top-down,128,5,25320,764090,0.033137457629336856,200
merge-top-down,128,6,24986,1159355,0.021551638626650164,200
merge-top-down,128,7,24058,1511434,0.01591733413433865,200
merge-top-down,128,8,22045,1673464,0.013173274118833749,200
merge-top-down,128,9,19046,1643224,0.01159062915342035,200
merge-top-down,128,10,15458,1396147,0.011071900021989088,200
merge-top-down,128,11,11806,1100313,0.010729674192706984,200
merge-top-down,128,12,8429,783000,0.010765006385696042,200
merge-top-down,128,13,5728,542802,0.010552650874536202,200
merge-top-down,128,14,3742,335840,0.011142210576464983,200
merge-top-down,128,15,2285,209794,0.01089163655776619,200
merge-top-down,128,16,1423,111416,0.012771953758885618,200
merge-top-down,128,17,831,75190,0.01105200159595691,200
merge-top-down,128,18,466,37899,0.012295838940341433,198
merge-top-down,128,19,259,20701,0.012511472875706487,184
merge-top-down,128,20,146,9969,0.014645400742301133,146
merge-top-down,128,21,75,5429,0.013814698839565298,98
merge-top-down,128,22,33,2579,0.012795657231485071,62
merge-top-down,128,23,22,675,0.03259259259259259,33
merge-top-down,128,24,12,510,0.023529411764705882,22
merge-top-down,128,25,7,732,0.009562841530054645,12
merge-top-down,128,26,3,192,0.015625,7
merge-top-down,128,27,1,83,0.012048192771084338,3
merge-top-down,128,28,0,35,0.0,1
merge-top-down,256,0,51200,31528852,0.0016239094274666265,200
merge-top-down,256,1,51199,186792,0.2740963210415864,200
merge-top-down,256,2,51195,341315,0.1499934078490544,200
merge-top-down,256,3,51180,670366,0.0763463540812034,200
merge-top-down,256,4,51134,1075863,0.047528356305589096,200
merge-top-down,256,5,51045,1754179,0.029099082818800134,200
merge-top-down,256,6,50857,2676675,0.019000065379622105,200
merge-top-down,256,7,50401,3942020,0.012785576937712137,200
merge-top-down,256,8,49275,5447332,0.009045712653460446,200
merge-top-down,256,9,46714,6488326,0.007199699891774858,200
merge-top-down,256,10,42501,6976592,0.0060919428855808104,200
merge-top-down,256,11,36653,6616293,0.00553980907435629,200
merge-top-down,256,12,30130,5734457,0.005254202795487,200
merge-top-down,256,13,23475,4580697,0.005124765947191006,200
merge-top-down,256,14,17521,3410782,0.005136945134576176,200
merge-top-down,256,15,12512,2526718,0.004951878286377823,200
merge-top-down,256,16,8623,1678394,0.0051376494434560655,200
merge-top-down,256,17,5687,1111802,0.005115119418745424,200
merge-top-down,256,18,3657,656915,0.0055669302725619,200
merge-top-down,256,19,2269,415880,0.00545590074059825,200
merge-top-down,256,20,1402,240203,0.005836729766072864,200
merge-top-down,256,21,827,147866,0.0055929016812519446,200
merge-top-down,256,22,485,87366,0.005551358652107227,199
merge-top-down,256,23,271,47521,0.005702741945666127,180
merge-top-down,256,24,148,23050,0.006420824295010846,149
merge-top-down,256,25,89,10652,0.0083552384528727,104
merge-top-down,256,26,56,7330,0.007639836289222374,73
merge-top-down,256,27,29,4129,0.007023492371034149,48
merge-top-down,256,28,11,1780,0.006179775280898876,26
merge-top-down,256,29,5,632,0.007911392405063292,11
merge-top-down,256,30,3,229,0.013100436681222707,5
merge-top-down,256,31,2,102,0.0196078431372549,3
merge-top-down,256,32,1,208,0.004807692307692308,2
merge-top-down,256,33,1,1,1.0,1
merge-top-down,256,34,0,105,0.0,1
merge-top-down,512,0,102400,151439024,0.0006761797408308707,200
merge-top-down,512,1,102398,390904,0.26195178355811144,200
merge-top-down,512,2,102396,681668,0.15021388711220124,200
merge-top-down,512,3,102387,1406871,0.07277639527717893,200
merge-top-down,512,4,102361,2262587,0.04524069129717443,200
merge-top-down,512,5,102296,3728059,0.027439479900935045,200
merge-top-down,512,6,102155,5948749,0.017172518121036876,200
merge-top-down,512,7,101884,9092521,0.011205253196555718,200
merge-top-down,512,8,101335,13400160,0.007562223137634177,200
merge-top-down,512,9,99943,19062320,0.005242960982713542,200
merge-top-down,512,10,96647,23861625,0.004050310907157413,200
merge-top-down,512,11,90781,27546306,0.0032955779987342043,200
merge-top-down,512,12,82062,28441881,0.0028852522095848725,200
merge-top-down,512,13,71042,26896510,0.002641309225620722,200
merge-top-down,512,14,58871,23632785,0.0024910733119266307,200
merge-top-down,512,15,46945,19078629,0.0024606065771287863,200
merge-top-down,512,16,35976,14976748,0.002402123611881565,200
merge-top-down,512,17,26421,11056975,0.002389532399232159,200
merge-top-down,512,18,18820,7898059,0.0023828639416342673,200
merge-top-down,512,19,13142,5343027,0.0024596544243553325,200
merge-top-down,512,20,8868,3596800,0.0024655249110320287,200
merge-top-down,512,21,5777,2270458,0.002544420553033793,200
merge-top-down,512,22,3778,1491545,0.0025329440278369073,200
merge-top-down,512,23,2360,877309,0.002690044214752157,200
merge-top-down,512,24,1458,519941,0.002804164318643846,200
merge-top-down,512,25,895,341419,0.002621412399427097,200
merge-top-down,512,26,560,211040,0.00265352539802881,198
merge-top-down,512,27,324,109768,0.002951679906712339,189
merge-top-down,512,28,184,53461,0.0034417612839266008,165
merge-top-down,512,29,109,36996,0.0029462644610228133,123
merge-top-down,512,30,62,13523,0.004584781483398654,84
merge-top-down,512,31,35,7522,0.004653017814411061,54
merge-top-down,512,32,20,7607,0.002629157355067701,33
merge-top-down,512,33,13,3418,0.0038033937975424223,20
merge-top-down,512,34,8,1667,0.004799040191961607,13
merge-top-down,512,35,5,514,0.009727626459143969,8
merge-top-down,512,36,4,612,0.006535947712418301,5
merge-top-down,512,37,2,521,0.003838771593090211,4
merge-top-down,512,38,2,2,1.0,2
merge-top-down,512,39,0,325,0.0,2
merge-top-down,1024,0,204800,708696452,0.0002889812689509556,200
merge-top-down,1024,1,204800,752532,0.27214789537189116,200
merge-top-down,1024,2,204798,1359563,0.1506351673295022,200
merge-top-down,1024,3,204794,2893116,0.07078665355969135,200
merge-top-down,1024,4,204777,4669544,0.043853746747005706,200
merge-top-down,1024,5,204750,7820682,0.026180581182050362,200
merge-top-down,1024,6,204668,12718436,0.016092230208179684,200
merge-top-down,1024,7,204479,19828023,0.010312626730360359,200
merge-top-down,1024,8,204113,30101292,0.006780871731352927,200
merge-top-down,1024,9,203353,45419059,0.004477261406934917,200
merge-top-down,1024,10,201583,64793937,0.003111139858656837,200
merge-top-down,1024,11,197616,86236352,0.002291562611553884,200
merge-top-down,1024,12,189494,103987537,0.0018222760675637504,200
merge-top-down,1024,13,176851,114649486,0.0015425363529322756,200
merge-top-down,1024,14,159347,116072914,0.0013728181236149547,200
merge-top-down,1024,15,138563,108531402,0.0012767088367659713,200
merge-top-down,1024,16,116424,96614429,0.0012050373966397917,200
merge-top-down,1024,17,94151,81077948,0.001161240538549397,200
merge-top-down,1024,18,73580,64257353,0.0011450829603889847,200
merge-top-down,1024,19,55668,49293336,0.0011293210100448467,200
merge-top-down,1024,20,40602,35946490,0.0011295122277585378,200
merge-top-down,1024,21,29111,25428365,0.00114482390039627,200
merge-top-down,1024,22,20448,17695154,0.001155570615548189,200
merge-top-down,1024,23,13969,12159670,0.00114879762361972,200
merge-top-down,1024,24,9284,7908425,0.001173937920635272,200
merge-top-down,1024,25,6082,4972154,0.001223212314019236,200
merge-top-down,1024,26,3968,3259546,0.0012173474465462368,200
merge-top-down,1024,27,2542,2047433,0.0012415546686997817,200
merge-top-down,1024,28,1629,1181716,0.001378503802944193,200
merge-top-down,1024,29,1024,846883,0.0012091398693798317,200
merge-top-down,1024,30,600,486063,0.001234407885397572,199
merge-top-down,1024,31,361,266760,0.0013532763532763533,189
merge-top-down,1024,32,198,144884,0.0013666105298031528,171
merge-top-down,1024,33,125,63544,0.0019671408787611732,126
merge-top-down,1024,34,73,47510,0.0015365186276573353,99
merge-top-down,1024,35,39,34379,0.0011344134500712645,64
merge-top-down,1024,36,21,20720,0.0010135135135135136,35
merge-top-down,1024,37,13,9642,0.0013482679941920763,20
merge-top-down,1024,38,6,2936,0.0020435967302452314,13
merge-top-down,1024,39,2,1701,0.0011757789535567313,6
merge-top-down,1024,40,1,734,0.0013623978201634877,2
merge-top-down,1024,41,1,1,1.0,1
merge-top-down,1024,42,0,393,0.0,1
quick,128,0,25600,1625800,0.01574609423053266,200
quick,128,1,25599,5740584,0.0044593023985016154,200
quick,128,2,25581,3633232,0.007040838570176636,200
quick,128,3,25471,2160819,0.011787660141825853,200
quick,128,4,25144,1413675,0.0177862662917573,200
quick,128,5,24319,1055580,0.023038519107978554,200
quick,128,6,22990,848237,0.02710327420284661,200
quick,128,7,21098,816153,0.02585054517964156,200
quick,128,8,18616,867976,0.02144759762942754,200
quick,128,9,15804,877145,0.018017545559742117,200
quick,128,10,13122,795611,0.016492984636964546,200
quick,128,11,10595,710813,0.014905467401412185,200
quick,128,12,8427,588902,0.0143096814070932,200
quick,128,13,6884,405856,0.01696168099030198,200
quick,128,14,5741,308602,0.018603249492874317,200
quick,128,15,4878,224560,0.02172247951549697,200
quick,128,16,4236,171306,0.024727680291408358,200
quick,128,17,3749,126059,0.02974004236111662,200
quick,128,18,3381,104001,0.03250930279516543,200
quick,128,19,3101,90975,0.034086287441604836,200
quick,128,20,2855,80152,0.035619822337558636,200
quick,128,21,2670,59037,0.04522587529854159,200
quick,128,22,2497,60430,0.04132053615753765,200
quick,128,23,2349,43778,0.05365708803508611,200
quick,128,24,2213,42260,0.05236630383341221,200
quick,128,25,2085,40459,0.051533651350750144,200
quick,128,26,1957,45453,0.04305546388577212,200
quick,128,27,1854,32816,0.05649683081423696,200
quick,128,28,1779,24552,0.07245845552297166,200
quick,128,29,1701,26111,0.06514495806365134,200
quick,128,30,1616,29483,0.05481124715937998,200
quick,128,31,1546,24945,0.061976347965524155,200
quick,128,32,1494,19750,0.07564556962025316,200
quick,128,33,1439,20767,0.06929262772668175,200
quick,128,34,1386,18384,0.07539164490861619,200
quick,128,35,1329,21344,0.062265742128935535,200
quick,128,36,1280,20866,0.06134381290137065,200
quick,128,37,1233,17765,0.06940613566000563,200
quick,128,38,1191,17518,0.06798721315218632,200
quick,128,39,1154,16902,0.06827594367530469,200
quick,128,40,1126,11370,0.0990325417766051,200
quick,128,41,1089,14328,0.07600502512562814,200
quick,128,42,1054,14062,0.07495377613426255,200
quick,128,43,1022,11490,0.08894691035683203,200
quick,128,44,988,14803,0.06674322772410998,200
quick,128,45,961,12037,0.07983716872974994,200
quick,128,46,930,12119,0.07673900486838849,200
quick,128,47,909,9464,0.09604818258664413,200
quick,128,48,888,7980,0.11127819548872181,200
quick,128,49,858,11862,0.07233181588265047,200
quick,128,50,833,8789,0.09477756286266925,200
quick,128,51,814,8905,0.0914093206064009,200
quick,128,52,799,7371,0.10839777506444173,200
quick,128,53,786,5388,0.14587973273942093,200
quick,128,54,763,10052,0.07590529247910864,200
quick,128,55,742,11034,0.06724669204277688,200
quick,128,56,725,8534,0.08495430044527771,200
quick,128,57,708,8763,0.08079424854501883,200
quick,128,58,695,7084,0.09810841332580462,200
quick,128,59,681,6142,0.11087593617714099,200
quick,128,60,667,7353,0.09071127430980552,200
quick,128,61,651,7289,0.08931266291672384,200
quick,128,62,642,4843,0.1325624612843279,200
quick,128,63,627,7647,0.08199293840721851,200
quick,128,64,616,6061,0.10163339382940109,200
quick,128,65,603,6324,0.09535104364326376,200
quick,128,66,596,3939,0.1513074384361513,200
quick,128,67,584,6224,0.09383033419023136,200
quick,128,68,570,7622,0.07478352138546314,200
quick,128,69,562,4807,0.11691283544830455,200
quick,128,70,549,7811,0.07028549481500448,200
quick,128,71,539,5671,0.09504496561453006,200
quick,128,72,521,9743,0.053474289233295696,200
quick,128,73,511,5528,0.09243849493487699,200
quick,128,74,501,5396,0.09284655300222387,200
quick,128,75,494,3730,0.1324396782841823,200
quick,128,76,487,4039,0.12057439960386235,200
quick,128,77,481,3507,0.1371542629027659,200
quick,128,78,472,5352,0.08819133034379671,200
quick,128,79,458,7697,0.05950370274132779,200
quick,128,80,448,6275,0.07139442231075697,200
quick,128,81,445,2264,0.1965547703180212,200
quick,128,82,441,2490,0.17710843373493976,200
quick,128,83,434,3773,0.1150278293135436,200
quick,128,84,428,3364,0.1272294887039239,200
quick,128,85,422,3604,0.11709211986681466,200
quick,128,86,408,8323,0.049020785774360205,200
quick,128,87,402,3795,0.10592885375494071,200
quick,128,88,394,4934,0.07985407377381434,200
quick,128,89,384,6631,0.05790981752375207,200
quick,128,90,376,4703,0.0799489687433553,200
quick,128,91,371,3118,0.11898652982681206,200
quick,128,92,366,3351,0.10922112802148612,200
quick,128,93,359,4586,0.07828172699520279,200
quick,128,94,349,6573,0.05309599878289974,200
quick,128,95,347,1343,0.25837676842889057,200
quick,128,96,344,2089,0.1646720919100048,200
quick,128,97,337,4767,0.07069435703796938,200
quick,128,98,328,5700,0.05754385964912281,200
quick,128,99,323,3321,0.09725986148750376,200
quick,128,100,321,1577,0.20355104629042486,200
quick,128,101,319,1740,0.18333333333333332,200
quick,128,102,315,2903,0.10850843954529797,200
quick,128,103,313,1503,0.20825016633399868,200
quick,128,104,306,4850,0.06309278350515464,200
quick,128,105,296,6770,0.04372230428360414,200
quick,128,106,290,4136,0.07011605415860735,200
quick,128,107,287,2332,0.12307032590051457,200
quick,128,108,281,4421,0.06356028047952952,200
quick,128,109,274,5288,0.051815431164901664,200
quick,128,110,267,4934,0.05411430887717876,200
quick,128,111,264,2362,0.1117696867061812,200
quick,128,112,260,2925,0.08888888888888889,200
quick,128,113,256,2728,0.093841642228739,200
quick,128,114,254,1689,0.15038484310242747,200
quick,128,115,249,3780,0.06587301587301587,200
quick,128,116,240,6630,0.03619909502262444,200
quick,128,117,236,3062,0.07707380796864795,200
quick,128,118,230,4820,0.04771784232365145,200
quick,128,119,227,2555,0.0888454011741683,200
quick,128,120,224,2443,0.09169054441260745,200
quick,128,121,222,1698,0.13074204946996468,200
quick,128,122,219,2465,0.08884381338742393,200
quick,128,123,213,4993,0.04265972361305828,200
quick,128,124,211,1646,0.12818955042527339,200
quick,128,125,209,1774,0.11781285231116122,200
quick,128,126,206,2386,0.08633696563285834,200
quick,128,127,124,65802,0.001884441202395064,200
quick,128,128,1,99486,1.0051665560983455e-05,121
quick,128,129,0,784,0.0,1
quick,256,0,51200,6528200,0.00784289697006832,200
quick,256,1,51199,26081129,0.001963066859567314,200
quick,256,2,51181,16061134,0.003186636759272415,200
quick,256,3,51099,10319943,0.004951480836667412,200
quick,256,4,50847,6384781,0.00796378137323739,200
quick,256,5,50124,4435733,0.011300048943432799,200
quick,256,6,48783,3468319,0.014065315214661627,200
quick,256,7,46326,3500803,0.013232963979978307,200
quick,256,8,42865,3647180,0.011752915951502256,200
quick,256,9,38469,3896840,0.009871844879440778,200
quick,256,10,33457,4038426,0.00828466338122823,200
quick,256,11,28449,3770676,0.007544800985287519,200
quick,256,12,23538,3608407,0.006523100082668059,200
quick,256,13,19322,3020340,0.006397293019991127,200
quick,256,14,15777,2494698,0.00632421238963594,200
quick,256,15,13141,1884995,0.006971371276846888,200
quick,256,16,11100,1388558,0.007993904467800409,200
quick,256,17,9565,1059112,0.009031150624296581,200
quick,256,18,8405,831636,0.010106585092516437,200
quick,256,19,7519,604652,0.012435252012727983,200
quick,256,20,6879,463258,0.014849176916534632,200
quick,256,21,6317,405640,0.015572921802583573,200
quick,256,22,5828,381873,0.01526161839145475,200
quick,256,23,5427,286707,0.018928732120248197,200
quick,256,24,5077,262920,0.019310056290886963,200
quick,256,25,4807,211172,0.02276343454624666,200
quick,256,26,4565,185822,0.02456652064879293,200
quick,256,27,4319,198784,0.021727100772698005,200
quick,256,28,4119,151457,0.02719583776253326,200
quick,256,29,3908,153793,0.025410779424291093,200
quick,256,30,3725,145587,0.02558607567983405,200
quick,256,31,3567,126750,0.028142011834319528,200
quick,256,32,3422,114342,0.029927760577915376,200
quick,256,33,3304,101062,0.0326928024381073,200
quick,256,34,3190,89512,0.03563767986415229,200
quick,256,35,3082,95153,0.032389940411757905,200
quick,256,36,2969,87035,0.03411271327626817,200
quick,256,37,2858,90158,0.03169990461190355,200
quick,256,38,2766,81600,0.03389705882352941,200
quick,256,39,2675,73816,0.03623875582529533,200
quick,256,40,2594,64834,0.040009871363790604,200
quick,256,41,2528,53902,0.046899929501688246,200
quick,256,42,2467,49620,0.04971785570334542,200
quick,256,43,2397,58742,0.04080555650131082,200
quick,256,44,2338,56779,0.0411771957942197,200
quick,256,45,2291,34782,0.0658674026795469,200
quick,256,46,2225,62688,0.035493236345074015,200
quick,256,47,2157,52562,0.041037251246147405,200
quick,256,48,2115,40788,0.05185348631950574,200
quick,256,49,2055,60821,0.0337876720211769,200
quick,256,50,2004,42440,0.0472196041470311,200
quick,256,51,1953,41124,0.04749051648672308,200
quick,256,52,1904,40136,0.047438708391469006,200
quick,256,53,1851,42866,0.043181075910978396,200
quick,256,54,1799,44480,0.040445143884892086,200
quick,256,55,1760,30602,0.05751258087706686,200
quick,256,56,1728,30144,0.05732484076433121,200
quick,256,57,1691,29311,0.05769165159837604,200
quick,256,58,1665,24600,0.0676829268292683,200
quick,256,59,1628,34472,0.047226734741239264,200
quick,256,60,1588,38018,0.04176968804250618,200
quick,256,61,1556,30992,0.05020650490449148,200
quick,256,62,1532,22628,0.067703729892169,200
quick,256,63,1508,21725,0.06941311852704257,200
quick,256,64,1480,25280,0.058544303797468354,200
quick,256,65,1450,24324,0.0596119059365236,200
quick,256,66,1425,27962,0.05096201988412846,200
quick,256,67,1401,19611,0.07143949824078323,200
quick,256,68,1377,21032,0.0654716622289844,200
quick,256,69,1352,26752,0.05053827751196172,200
quick,256,70,1325,27069,0.048948982230595885,200
quick,256,71,1296,27420,0.04726477024070022,200
quick,256,72,1271,26111,0.048676802880012256,200
quick,256,73,1251,19517,0.06409796587590307,200
quick,256,74,1228,22559,0.05443503701405204,200
quick,256,75,1208,16571,0.07289843702854384,200
quick,256,76,1185,22927,0.05168578531861997,200
quick,256,77,1165,21770,0.053514010105649976,200
quick,256,78,1146,19223,0.059616084898298914,200
quick,256,79,1135,11242,0.10096068315246397,200
quick,256,80,1120,13424,0.08343265792610251,200
quick,256,81,1100,23382,0.047044735266444274,200
quick,256,82,1087,13920,0.07808908045977012,200
quick,256,83,1075,12156,0.08843369529450477,200
quick,256,84,1060,16090,0.06587942821628341,200
quick,256,85,1041,21420,0.048599439775910365,200
quick,256,86,1025,17269,0.05935491342868724,200
quick,256,87,994,32553,0.030534820139464874,200
quick,256,88,978,19458,0.05026210299105766,200
quick,256,89,967,12013,0.08049612919337384,200
quick,256,90,948,21138,0.044848140789100197,200
quick,256,91,940,6232,0.15083440308087293,200
quick,256,92,927,14311,0.0647753476346866,200
quick,256,93,918,9857,0.09313178451861621,200
quick,256,94,907,14997,0.0604787624191505,200
quick,256,95,887,18774,0.04724619154149356,200
quick,256,96,879,8242,0.10664887163309876,200
quick,256,97,864,20038,0.04311807565625312,200
quick,256,98,853,11934,0.071476453829395,200
quick,256,99,844,9688,0.08711808422791081,200
quick,256,100,837,7861,0.10647500318025696,200
quick,256,101,827,11884,0.06958936385055536,200
quick,256,102,820,8713,0.09411224606909216,200
quick,256,103,810,13088,0.061888753056234716,200
quick,256,104,802,9119,0.08794823993858976,200
quick,256,105,797,6011,0.1325902512061221,200
quick,256,106,788,10769,0.07317299656421208,200
quick,256,107,780,9371,0.08323551381922954,200
quick,256,108,773,8338,0.09270808347325497,200
quick,256,109,765,7401,0.10336441021483583,200
quick,256,110,755,11733,0.06434841898917583,200
quick,256,111,746,10789,0.06914449902678654,200
quick,256,112,735,14134,0.05200226404414886,200
quick,256,113,723,13763,0.05253215142047519,200
quick,256,114,713,12460,0.057223113964686996,200
quick,256,115,708,6048,0.11706349206349206,200
quick,256,116,699,11425,0.061181619256017505,200
quick,256,117,692,8403,0.082351541116268,200
quick,256,118,682,12025,0.056715176715176716,200
quick,256,119,674,9408,0.07164115646258504,200
quick,256,120,669,7417,0.09019819333962519,200
quick,256,121,659,13049,0.050501954172733544,200
quick,256,122,653,9465,0.06899101954569467,200
quick,256,123,647,8966,0.0721614989962079,200
quick,256,124,637,11937,0.05336349166457234,200
quick,256,125,628,11990,0.05237698081734779,200
quick,256,126,617,12396,0.04977412068409164,200
quick,256,127,612,6330,0.0966824644549763,200
quick,256,128,606,7693,0.07877291043806058,200
quick,256,129,598,10033,0.05960330908003588,200
quick,256,130,591,9235,0.0639956686518679,200
quick,256,131,587,5524,0.10626357711803042,200
quick,256,132,578,10901,0.053022658471699846,200
quick,256,133,574,6395,0.08975762314308053,200
quick,256,134,566,10072,0.05619539316918189,200
quick,256,135,561,6077,0.09231528714826395,200
quick,256,136,555,7689,0.0721810378462739,200
quick,256,137,549,8296,0.0661764705882353,200
quick,256,138,545,4421,0.12327527708663198,200
quick,256,139,540,6403,0.08433546774949242,200
quick,256,140,536,4728,0.11336717428087986,200
quick,256,141,532,4939,0.10771411216845515,200
quick,256,142,529,4452,0.1188230008984726,200
quick,256,143,525,6202,0.08465011286681716,200
quick,256,144,519,8910,0.05824915824915825,200
quick,256,145,515,6145,0.0838079739625712,200
quick,256,146,509,8908,0.057139649753030985,200
quick,256,147,506,4854,0.10424392253811289,200
quick,256,148,500,8321,0.06008893161879582,200
quick,256,149,496,4983,0.09953843066425848,200
quick,256,150,491,6044,0.08123759099933818,200
quick,256,151,488,3533,0.13812623832437024,200
quick,256,152,484,5596,0.0864903502501787,200
quick,256,153,477,9268,0.05146741476046612,200
quick,256,154,470,9167,0.05127086287771354,200
quick,256,155,469,2095,0.22386634844868736,200
quick,256,156,464,5850,0.07931623931623932,200
quick,256,157,461,4250,0.10847058823529412,200
quick,256,158,456,7472,0.061027837259100645,200
quick,256,159,453,4483,0.10104840508587999,200
quick,256,160,451,3218,0.1401491609695463,200
quick,256,161,443,11618,0.03813048717507316,200
quick,256,162,437,8704,0.05020680147058824,200
quick,256,163,434,4290,0.10116550116550116,200
quick,256,164,431,5102,0.08447667581340651,200
quick,256,165,427,5613,0.07607340103331552,200
quick,256,166,424,4435,0.09560315670800451,200
quick,256,167,421,4515,0.09324473975636767,200
quick,256,168,414,10277,0.04028412960980831,200
quick,256,169,409,7915,0.05167403663929248,200
quick,256,170,403,9224,0.04369037294015612,200
quick,256,171,399,6344,0.06289407313997478,200
quick,256,172,395,5811,0.06797453106177938,200
quick,256,173,389,8904,0.043688230008984724,200
quick,256,174,386,4689,0.08232032416293453,200
quick,256,175,385,1496,0.25735294117647056,200
quick,256,176,384,1610,0.23850931677018633,200
quick,256,177,383,1734,0.22087658592848905,200
quick,256,178,379,6261,0.06053346110844913,200
quick,256,179,375,5890,0.0636672325976231,200
quick,256,180,370,8176,0.04525440313111546,200
quick,256,181,363,10133,0.035823546827198266,200
quick,256,182,361,3092,0.1167529107373868,200
quick,256,183,359,4169,0.0861117774046534,200
quick,256,184,351,12041,0.029150402790465907,200
quick,256,185,348,4658,0.0747101760412194,200
quick,256,186,346,3541,0.09771251059022874,200
quick,256,187,346,346,1.0,200
quick,256,188,344,3424,0.10046728971962617,200
quick,256,189,342,3226,0.1060136391816491,200
quick,256,190,341,1574,0.21664548919949175,200
quick,256,191,339,3925,0.08636942675159236,200
quick,256,192,337,3538,0.09525155455059356,200
quick,256,193,335,3701,0.09051607673601729,200
quick,256,194,333,3257,0.10224132637396377,200
quick,256,195,329,6612,0.04975801572897762,200
quick,256,196,327,3467,0.09431785405249495,200
quick,256,197,323,6040,0.05347682119205298,200
quick,256,198,322,1823,0.1766319253976961,200
quick,256,199,321,1670,0.19221556886227545,200
quick,256,200,319,3426,0.09311150029188558,200
quick,256,201,315,6721,0.04686802559142985,200
quick,256,202,314,1949,0.16110826064648537,200
quick,256,203,309,8532,0.03621659634317862,200
quick,256,204,308,2047,0.15046409379579873,200
quick,256,205,305,4897,0.06228303042679191,200
quick,256,206,301,7252,0.041505791505791506,200
quick,256,207,296,8588,0.034466697717745694,200
quick,256,208,294,3550,0.0828169014084507,200
quick,256,209,290,6880,0.04215116279069767,200
quick,256,210,290,290,1.0,200
quick,256,211,288,3199,0.09002813379180995,200
quick,256,212,287,1814,0.1582138919514884,200
quick,256,213,284,4709,0.06031004459545551,200
quick,256,214,282,4088,0.06898238747553816,200
quick,256,215,278,6390,0.04350547730829421,200
quick,256,216,276,3617,0.07630633121371302,200
quick,256,217,274,3709,0.07387435966567808,200
quick,256,218,272,3626,0.07501378929950359,200
quick,256,219,269,5552,0.048451008645533145,200
quick,256,220,268,2093,0.12804586717630195,200
quick,256,221,264,7327,0.03603111778354033,200
quick,256,222,261,5145,0.05072886297376093,200
quick,256,223,257,7404,0.03471096704484063,200
quick,256,224,254,5237,0.04850105021959137,200
quick,256,225,252,3263,0.07722954336500153,200
quick,256,226,249,5207,0.04782024198194738,200
quick,256,227,248,1947,0.12737544940934772,200
quick,256,228,245,5204,0.047079169869331285,200
quick,256,229,241,7009,0.03438436296190612,200
quick,256,230,239,3401,0.07027344898559247,200
quick,256,231,238,1933,0.12312467666839111,200
quick,256,232,238,238,1.0,200
quick,256,233,236,4086,0.05775819872736172,200
quick,256,234,235,1875,0.12533333333333332,200
quick,256,235,232,6220,0.03729903536977492,200
quick,256,236,230,3899,0.05898948448320082,200
quick,256,237,228,3706,0.06152185644900162,200
quick,256,238,227,2006,0.113160518444666,200
quick,256,239,223,8039,0.0277397686279388,200
quick,256,240,221,3798,0.05818852027382833,200
quick,256,241,220,2069,0.10633156114064765,200
quick,256,242,219,2273,0.0963484381874175,200
quick,256,243,217,3756,0.05777422790202343,200
quick,256,244,216,2002,0.10789210789210789,200
quick,256,245,212,7951,0.02666331279084392,200
quick,256,246,210,4121,0.050958505217180296,200
quick,256,247,208,3912,0.053169734151329244,200
quick,256,248,207,2268,0.09126984126984126,200
quick,256,249,206,1960,0.10510204081632653,200
quick,256,250,204,3923,0.05200101962783584,200
quick,256,251,202,4325,0.046705202312138726,200
quick,256,252,202,202,1.0,200
quick,256,253,202,202,1.0,200
quick,256,254,202,202,1.0,200
quick,256,255,109,181977,0.0005989767937706413,200
quick,256,256,0,215324,0.0,108
quick,512,0,102400,26163400,0.003913864406002278,200
quick,512,1,102399,116778371,0.0008768661450158438,200
quick,512,2,102393,69468320,0.0014739524433583539,200
quick,512,3,102346,46617649,0.002195434608896729,200
quick,512,4,102126,31901069,0.003201334726431895,200
quick,512,5,101570,20887109,0.00486280796447225,200
quick,512,6,100323,14114956,0.007107567320790798,200
quick,512,7,97873,11864671,0.008249112006561329,200
quick,512,8,93667,12631097,0.007415587102212896,200
quick,512,9,87736,13848047,0.0063356226332854015,200
quick,512,10,79904,16303376,0.00490107079662519,200
quick,512,11,70457,18292424,0.00385170385291747,200
quick,512,12,60986,17606767,0.0034637818516028525,200
quick,512,13,51434,17591062,0.0029238712250573614,200
quick,512,14,42669,15729439,0.0027126841586657987,200
quick,512,15,35251,13223808,0.0026657223093378246,200
quick,512,16,29264,10392731,0.0028158142455529736,200
quick,512,17,24469,8122634,0.0030124464551769784,200
quick,512,18,20811,6183391,0.0033656289890126633,200
quick,512,19,18046,4589555,0.0039319716181634165,200
quick,512,20,15969,3505143,0.004555876892897094,200
quick,512,21,14373,2755547,0.00521602425943016,200
quick,512,22,13117,2092797,0.006267688648253987,200
quick,512,23,12085,1833981,0.006589490294610468,200
quick,512,24,11196,1536704,0.007285723210195327,200
quick,512,25,10509,1188745,0.008840415732558286,200
quick,512,26,9902,1048199,0.009446679495019553,200
quick,512,27,9376,966780,0.009698173317611039,200
quick,512,28,8939,772071,0.011577950732510353,200
quick,512,29,8529,748238,0.011398779532715526,200
quick,512,30,8158,657951,0.012399099628999728,200
quick,512,31,7808,630795,0.01237803089751821,200
quick,512,32,7484,610704,0.012254709319080929,200
quick,512,33,7181,548500,0.013092069279854148,200
quick,512,34,6906,530743,0.013011947402038275,200
quick,512,35,6652,452870,0.014688541965685517,200
quick,512,36,6371,517827,0.012303336828709202,200
quick,512,37,6137,473647,0.012956906725895024,200
quick,512,38,5925,412069,0.014378659884630971,200
quick,512,39,5750,340493,0.01688727815256114,200
quick,512,40,5584,345428,0.016165452713734846,200
quick,512,41,5434,285597,0.019026810505712595,200
quick,512,42,5270,296414,0.017779187217877697,200
quick,512,43,5120,320899,0.01595517592762832,200
quick,512,44,4976,276301,0.01800934488112602,200
quick,512,45,4843,249163,0.01943707532819881,200
quick,512,46,4704,269372,0.017462839493340064,200
quick,512,47,4586,219645,0.0208791458945116,200
quick,512,48,4481,205156,0.021841915420460527,200
quick,512,49,4370,234464,0.01863825576634366,200
quick,512,50,4274,183139,0.02333746498561202,200
quick,512,51,4169,198466,0.021006116916751486,200
quick,512,52,4078,174863,0.023321114243722227,200
quick,512,53,3989,161670,0.024673718067668708,200
quick,512,54,3903,156220,0.024983996927410063,200
quick,512,55,3807,178167,0.021367593325363282,200
quick,512,56,3725,150147,0.02480902049324995,200
quick,512,57,3646,164743,0.02213144109309652,200
quick,512,58,3565,170872,0.02086357039187228,200
quick,512,59,3497,136330,0.025650993911831586,200
quick,512,60,3416,165671,0.02061917897519783,200
quick,512,61,3353,120974,0.027716699456081472,200
quick,512,62,3283,143006,0.022957078723969623,200
quick,512,63,3224,122454,0.026328253874924462,200
quick,512,64,3173,119156,0.02662895699754943,200
quick,512,65,3111,107065,0.029057114836781396,200
quick,512,66,3055,140969,0.02167143130759245,200
quick,512,67,3019,75525,0.039973518702416416,200
quick,512,68,2973,89642,0.033165257357042455,200
quick,512,69,2932,70330,0.04168917958197071,200
quick,512,70,2890,92018,0.03140689865026408,200
quick,512,71,2845,90626,0.0313927570454395,200
quick,512,72,2798,113472,0.02465806542583192,200
quick,512,73,2755,97872,0.028149010953081578,200
quick,512,74,2707,99639,0.027168076757093106,200
quick,512,75,2657,107663,0.024678859032350946,200
quick,512,76,2620,70827,0.03699154277323619,200
quick,512,77,2582,60980,0.04234175139389964,200
quick,512,78,2550,71186,0.03582165032450201,200
quick,512,79,2501,111452,0.022440153608728423,200
quick,512,80,2464,66505,0.037049845876249904,200
quick,512,81,2435,52579,0.04631126495368874,200
quick,512,82,2401,61310,0.03916163757951394,200
quick,512,83,2374,61875,0.038367676767676766,200
quick,512,84,2341,56672,0.04130787690570299,200
quick,512,85,2306,79764,0.028910285341758185,200
quick,512,86,2269,69458,0.03266722335800052,200
quick,512,87,2236,70984,0.031500056350726925,200
quick,512,88,2212,56112,0.03942115768463074,200
quick,512,89,2178,83391,0.026117926394934706,200
quick,512,90,2151,62343,0.03450267070882056,200
quick,512,91,2129,44054,0.04832705316202842,200
quick,512,92,2105,49527,0.042502069578209865,200
quick,512,93,2077,66250,0.03135094339622641,200
quick,512,94,2049,60852,0.033671859593768484,200
quick,512,95,2024,49607,0.0408006934505211,200
quick,512,96,2003,50223,0.03988212571929196,200
quick,512,97,1978,45117,0.04384156748010728,200
quick,512,98,1948,66127,0.029458466284573624,200
quick,512,99,1927,43798,0.043997442805607564,200
quick,512,100,1907,41858,0.04555879401786994,200
quick,512,101,1882,58263,0.032301803889260766,200
quick,512,102,1862,42473,0.04383961575589198,200
quick,512,103,1846,35040,0.05268264840182649,200
quick,512,104,1834,28241,0.0649410431641939,200
quick,512,105,1817,50079,0.03628267337606582,200
quick,512,106,1796,51324,0.03499337541890733,200
quick,512,107,1779,35378,0.05028548815648143,200
quick,512,108,1760,38397,0.045836914342266326,200
quick,512,109,1740,35394,0.04916087472452958,200
quick,512,110,1718,49563,0.03466295421988177,200
quick,512,111,1701,39638,0.0429133659619557,200
quick,512,112,1681,43538,0.038609949928797835,200
quick,512,113,1662,51213,0.03245269755726085,200
quick,512,114,1646,38918,0.04229405416516779,200
quick,512,115,1628,44973,0.03619949747626353,200
quick,512,116,1607,43869,0.03663179010235018,200
quick,512,117,1594,35319,0.04513151561482488,200
quick,512,118,1570,58834,0.02668525002549546,200
quick,512,119,1555,34808,0.04467363824408182,200
quick,512,120,1538,34586,0.044468860232464005,200
quick,512,121,1521,39274,0.038727911595457555,200
quick,512,122,1506,36085,0.04173479285021477,200
quick,512,123,1489,40784,0.03650941545704198,200
quick,512,124,1475,29772,0.04954319494827355,200
quick,512,125,1463,34060,0.04295361127422196,200
quick,512,126,1449,31234,0.04639175257731959,200
quick,512,127,1435,25225,0.05688800792864222,200
quick,512,128,1421,35528,0.03999662238234632,200
quick,512,129,1417,9796,0.14465087790935074,200
quick,512,130,1405,30582,0.04594205741939703,200
quick,512,131,1386,50371,0.0275158325226817,200
quick,512,132,1372,33314,0.04118388665425947,200
quick,512,133,1357,28144,0.048216316088686755,200
quick,512,134,1345,27619,0.04869835982475832,200
quick,512,135,1332,26103,0.05102861740029881,200
quick,512,136,1319,26999,0.048853661246712844,200
quick,512,137,1310,24353,0.05379214059869421,200
quick,512,138,1301,21674,0.06002583740887699,200
quick,512,139,1293,21927,0.05896839512929265,200
quick,512,140,1283,25430,0.05045222178529296,200
quick,512,141,1272,30273,0.0420176394807254,200
quick,512,142,1261,19529,0.06457063853755952,200
quick,512,143,1249,28532,0.04377541006589093,200
quick,512,144,1240,25097,0.049408295812248475,200
quick,512,145,1230,22495,0.054678817515003336,200
quick,512,146,1215,43711,0.02779620690444053,200
quick,512,147,1211,9720,0.12458847736625514,200
quick,512,148,1200,27602,0.04347511049923919,200
quick,512,149,1191,20900,0.056985645933014355,200
quick,512,150,1183,14180,0.08342736248236954,200
quick,512,151,1169,28455,0.04108241082410824,200
quick,512,152,1159,24203,0.04788662562492253,200
quick,512,153,1153,14434,0.07988083691284467,200
quick,512,154,1145,15712,0.07287423625254583,200
quick,512,155,1134,25592,0.04431072210065645,200
quick,512,156,1130,11961,0.09447370621185519,200
quick,512,157,1123,24630,0.045594803085667886,200
quick,512,158,1120,6888,0.16260162601626016,200
quick,512,159,1113,19031,0.058483526877200355,200
quick,512,160,1106,22006,0.050259020267199854,200
quick,512,161,1098,18654,0.058861370215503375,200
quick,512,162,1084,36614,0.029606161577538648,200
quick,512,163,1077,19249,0.0559509584913502,200
quick,512,164,1071,13532,0.07914572864321608,200
quick,512,165,1065,12429,0.08568670045860488,200
quick,512,166,1060,11048,0.09594496741491673,200
quick,512,167,1055,12758,0.08269321210221038,200
quick,512,168,1042,27241,0.03825116552255791,200
quick,512,169,1034,22834,0.04528334939125865,200
quick,512,170,1026,20467,0.05012947671862022,200
quick,512,171,1017,20247,0.05022966365387465,200
quick,512,172,1006,31406,0.032032095777876836,200
quick,512,173,999,21822,0.04577948858949684,200
quick,512,174,995,10957,0.09080952815551702,200
quick,512,175,988,17283,0.057166001272927154,200
quick,512,176,980,21160,0.046313799621928164,200
quick,512,177,973,16824,0.057834046600095106,200
quick,512,178,967,12908,0.07491478153083359,200
quick,512,179,961,16282,0.059022233140891785,200
quick,512,180,956,14511,0.06588105575080973,200
quick,512,181,949,23971,0.039589503983980645,200
quick,512,182,939,27826,0.03374541795443111,200
quick,512,183,932,18339,0.050820655433775015,200
quick,512,184,925,20808,0.04445405613225682,200
quick,512,185,921,10216,0.09015270164447925,200
quick,512,186,915,18543,0.0493447662190584,200
quick,512,187,913,8305,0.10993377483443709,200
quick,512,188,906,18816,0.048150510204081634,200
quick,512,189,901,13228,0.06811309343816148,200
quick,512,190,894,17460,0.05120274914089347,200
quick,512,191,889,11324,0.0785058283292123,200
quick,512,192,883,12979,0.06803297634640573,200
quick,512,193,875,17217,0.05082186211302782,200
quick,512,194,872,7180,0.12144846796657381,200
quick,512,195,870,7431,0.11707710940654018,200
quick,512,196,866,9665,0.08960165545783756,200
quick,512,197,861,14430,0.05966735966735967,200
quick,512,198,858,7199,0.11918321989165162,200
quick,512,199,853,11608,0.07348380427291523,200
quick,512,200,847,13272,0.06381856540084388,200
quick,512,201,841,15579,0.053982925733359007,200
quick,512,202,835,15364,0.05434782608695652,200
quick,512,203,829,14508,0.057140887786049074,200
quick,512,204,827,7627,0.10843057558673135,200
quick,512,205,822,10942,0.07512337781027234,200
quick,512,206,812,26962,0.030116460203249016,200
quick,512,207,809,9096,0.08894019349164468,200
quick,512,208,803,13793,0.05821793663452476,200
quick,512,209,797,19495,0.04088227750705309,200
quick,512,210,795,3602,0.2207107162687396,200
quick,512,211,788,17814,0.0442348714494218,200
quick,512,212,785,7516,0.10444385311335817,200
quick,512,213,780,18036,0.04324683965402528,200
quick,512,214,778,3598,0.2162312395775431,200
quick,512,215,772,14653,0.05268545690302327,200
quick,512,216,762,25393,0.030008269995668097,200
quick,512,217,761,2472,0.30784789644012944,200
quick,512,218,756,12196,0.06198753689734339,200
quick,512,219,751,14776,0.05082566323768273,200
quick,512,220,746,15999,0.04662791424464029,200
quick,512,221,741,15144,0.04893026941362916,200
quick,512,222,738,8354,0.08834091453196073,200
quick,512,223,732,16534,0.04427240837063021,200
quick,512,224,732,732,1.0,200
quick,512,225,724,19553,0.03702756610238838,200
quick,512,226,721,5951,0.12115610821710637,200
quick,512,227,719,7182,0.10011138958507379,200
quick,512,228,715,11130,0.06424079065588499,200
quick,512,229,711,9131,0.07786660825758406,200
quick,512,230,708,6461,0.10958056028478563,200
quick,512,231,704,10811,0.06511886041994265,200
quick,512,232,704,704,1.0,200
quick,512,233,701,11648,0.060182005494505496,200
quick,512,234,697,15694,0.044411877150503376,200
quick,512,235,697,697,1.0,200
quick,512,236,693,9100,0.07615384615384616,200
quick,512,237,687,19978,0.0343878266092702,200
quick,512,238,684,8931,0.07658716829022506,200
quick,512,239,684,684,1.0,200
quick,512,240,681,9432,0.07220101781170483,200
quick,512,241,677,9467,0.07151156649413754,200
quick,512,242,671,17505,0.03833190516995144,200
quick,512,243,666,12112,0.05498678996036988,200
quick,512,244,662,12149,0.054490081488188326,200
quick,512,245,660,6112,0.10798429319371727,200
quick,512,246,659,3917,0.16824100076589227,200
quick,512,247,656,9752,0.06726825266611977,200
quick,512,248,653,8299,0.0786841788167249,200
quick,512,249,651,5941,0.10957751220333277,200
quick,512,250,648,8414,0.07701449964345139,200
quick,512,251,645,7034,0.09169746943417685,200
quick,512,252,643,5648,0.11384560906515581,200
quick,512,253,641,4458,0.14378645132346343,200
quick,512,254,637,13422,0.04745939502309641,200
quick,512,255,636,2595,0.24508670520231213,200
quick,512,256,634,6803,0.09319417903865941,200
quick,512,257,634,634,1.0,200
quick,512,258,631,11773,0.05359721396415527,200
quick,512,259,621,31290,0.01984659635666347,200
quick,512,260,619,8505,0.07278071722516168,200
quick,512,261,615,14537,0.04230584026965674,200
quick,512,262,611,13219,0.046221348059611166,200
quick,512,263,610,4712,0.12945670628183362,200
quick,512,264,607,9577,0.06338101701994361,200
quick,512,265,602,14752,0.04080802603036876,200
quick,512,266,601,4363,0.13774925509970204,200
quick,512,267,600,3157,0.19005384859043395,200
quick,512,268,598,5220,0.11455938697318008,200
quick,512,269,595,10843,0.05487411233053583,200
quick,512,270,594,3805,0.15611038107752956,200
quick,512,271,590,13836,0.042642382191384796,200
quick,512,272,586,11831,0.04953089341560308,200
quick,512,273,585,2693,0.21722985518009655,200
quick,512,274,582,10301,0.05649936899330162,200
quick,512,275,578,9072,0.06371252204585538,200
quick,512,276,572,18387,0.031108935661064884,200
quick,512,277,571,2693,0.21203119197920534,200
quick,512,278,569,6426,0.08854652972300031,200
quick,512,279,567,6801,0.08337009263343625,200
quick,512,280,565,5940,0.09511784511784512,200
quick,512,281,564,3622,0.15571507454445058,200
quick,512,282,560,13897,0.0402964668633518,200
quick,512,283,558,6736,0.08283847980997625,200
quick,512,284,553,14818,0.03731947631259279,200
quick,512,285,553,553,1.0,200
quick,512,286,549,9885,0.05553869499241275,200
quick,512,287,545,15270,0.03569089718402096,200
quick,512,288,543,4639,0.11705108859668031,200
quick,512,289,540,9889,0.05460612802103347,200
quick,512,290,539,4338,0.12425080682342093,200
quick,512,291,539,539,1.0,200
quick,512,292,536,10351,0.05178243647956719,200
quick,512,293,532,15580,0.03414634146341464,200
quick,512,294,528,14502,0.03640877120397187,200
quick,512,295,525,9969,0.05266325609389106,200
quick,512,296,522,11294,0.04621923145032761,200
quick,512,297,521,2686,0.1939687267311988,200
quick,512,298,520,2875,0.1808695652173913,200
quick,512,299,518,7901,0.06556132135172762,200
quick,512,300,516,7244,0.07123136388735506,200
quick,512,301,513,11620,0.04414802065404475,200
quick,512,302,512,2640,0.19393939393939394,200
quick,512,303,506,18454,0.027419529641270184,200
quick,512,304,504,6862,0.07344797435150102,200
quick,512,305,501,10664,0.04698049512378095,200
quick,512,306,498,9584,0.05196160267111853,200
quick,512,307,495,9072,0.054563492063492064,200
quick,512,308,492,11562,0.0425531914893617,200
quick,512,309,491,2912,0.16861263736263737,200
quick,512,310,489,8824,0.055417044424297374,200
quick,512,311,486,10273,0.04730847853596807,200
quick,512,312,484,7695,0.06289798570500325,200
quick,512,313,478,21132,0.02261972364187015,200
quick,512,314,477,3009,0.1585244267198405,200
quick,512,315,473,15192,0.031134807793575567,200
quick,512,316,473,473,1.0,200
quick,512,317,472,3121,0.1512335789810958,200
quick,512,318,471,4084,0.11532810969637611,200
quick,512,319,468,8324,0.056222969726093225,200
quick,512,320,466,6564,0.07099329677026203,200
quick,512,321,463,9584,0.04830968280467446,200
quick,512,322,461,7530,0.06122177954847278,200
quick,512,323,458,11334,0.04040938768307747,200
quick,512,324,455,9812,0.04637178964533225,200
quick,512,325,454,4148,0.109450337512054,200
quick,512,326,451,10344,0.04360015467904099,200
quick,512,327,451,451,1.0,200
quick,512,328,449,6095,0.07366694011484824,200
quick,512,329,447,7051,0.06339526308325061,200
quick,512,330,444,9442,0.04702393560686295,200
quick,512,331,444,444,1.0,200
quick,512,332,444,444,1.0,200
quick,512,333,443,4930,0.0898580121703854,200
quick,512,334,440,9135,0.0481663929939792,200
quick,512,335,439,5369,0.08176569193518346,200
quick,512,336,436,9665,0.04511122607346094,200
quick,512,337,435,3993,0.10894064613072878,200
quick,512,338,435,435,1.0,200
quick,512,339,430,15980,0.02690863579474343,200
quick,512,340,428,8526,0.050199390100867936,200
quick,512,341,426,7018,0.060701054431461954,200
quick,512,342,424,6831,0.06206997511345337,200
quick,512,343,421,9978,0.04219282421326919,200
quick,512,344,419,8451,0.04957993136906875,200
quick,512,345,419,419,1.0,200
quick,512,346,419,419,1.0,200
quick,512,347,419,419,1.0,200
quick,512,348,415,15223,0.02726138080536031,200
quick,512,349,412,9595,0.04293903074517978,200
quick,512,350,409,11258,0.03632972108722686,200
quick,512,351,404,16918,0.023879891240099302,200
quick,512,352,402,6718,0.05983923786841322,200
quick,512,353,400,7030,0.05689900426742532,200
quick,512,354,399,4086,0.09765051395007342,200
quick,512,355,396,10386,0.038128249566724434,200
quick,512,356,394,6610,0.05960665658093797,200
quick,512,357,389,19688,0.019758228362454288,200
quick,512,358,389,389,1.0,200
quick,512,359,388,4560,0.08508771929824561,200
quick,512,360,388,388,1.0,200
quick,512,361,388,388,1.0,200
quick,512,362,383,20986,0.01825026207948156,200
quick,512,363,379,15597,0.024299544784253384,200
quick,512,364,377,7018,0.05371900826446281,200
quick,512,365,377,377,1.0,200
quick,512,366,377,377,1.0,200
quick,512,367,374,11800,0.03169491525423729,200
quick,512,368,372,7650,0.04862745098039216,200
quick,512,369,372,372,1.0,200
quick,512,370,372,372,1.0,200
quick,512,371,370,8972,0.04123941150245207,200
quick,512,372,369,4173,0.0884255930984903,200
quick,512,373,368,4204,0.08753568030447194,200
quick,512,374,368,368,1.0,200
quick,512,375,367,3208,0.11440149625935161,200
quick,512,376,365,6030,0.06053067993366501,200
quick,512,377,363,8842,0.041054060167382944,200
quick,512,378,360,10438,0.034489365778884847,200
quick,512,379,360,360,1.0,200
quick,512,380,360,360,1.0,200
quick,512,381,359,3354,0.10703637447823494,200
quick,512,382,357,9863,0.0361958836053939,200
quick,512,383,356,3654,0.09742747673782157,200
quick,512,384,355,3993,0.08890558477335336,200
quick,512,385,354,3190,0.11097178683385579,200
quick,512,386,352,7935,0.04436042848141147,200
quick,512,387,350,7642,0.04579952891913112,200
quick,512,388,346,15005,0.023058980339886705,200
quick,512,389,344,7394,0.04652420881796051,200
quick,512,390,343,4612,0.0743712055507372,200
quick,512,391,343,343,1.0,200
quick,512,392,343,343,1.0,200
quick,512,393,341,7704,0.044262720664589826,200
quick,512,394,339,7398,0.045823195458231956,200
quick,512,395,339,339,1.0,200
quick,512,396,338,4372,0.07731015553522415,200
quick,512,397,337,3650,0.09232876712328768,200
quick,512,398,336,4746,0.07079646017699115,200
quick,512,399,333,11284,0.029510811768876283,200
quick,512,400,332,3648,0.09100877192982457,200
quick,512,401,330,7978,0.041363750313361744,200
quick,512,402,330,330,1.0,200
quick,512,403,330,330,1.0,200
quick,512,404,328,8214,0.0399318237156075,200
quick,512,405,325,10206,0.03184401332549481,200
quick,512,406,323,7546,0.04280413464086934,200
quick,512,407,322,3948,0.08156028368794327,200
quick,512,408,320,7884,0.04058853373921867,200
quick,512,409,319,4662,0.06842556842556842,200
quick,512,410,319,319,1.0,200
quick,512,411,315,14332,0.021978788724532513,200
quick,512,412,315,315,1.0,200
quick,512,413,315,315,1.0,200
quick,512,414,315,315,1.0,200
quick,512,415,315,315,1.0,200
quick,512,416,311,15032,0.02068919638105375,200
quick,512,417,309,7327,0.042172785587552886,200
quick,512,418,305,16236,0.018785415126878542,200
quick,512,419,301,18102,0.016627996906419182,200
quick,512,420,300,4158,0.07215007215007214,200
quick,512,421,300,300,1.0,200
quick,512,422,299,3982,0.07508789552988449,200
quick,512,423,295,18455,0.015984827959902467,200
quick,512,424,294,4105,0.07161997563946407,200
quick,512,425,294,294,1.0,200
quick,512,426,293,3533,0.0829323521086895,200
quick,512,427,293,293,1.0,200
quick,512,428,292,4377,0.06671236006397076,200
quick,512,429,290,7370,0.03934871099050204,200
quick,512,430,290,290,1.0,200
quick,512,431,289,4457,0.06484182185326452,200
quick,512,432,287,8491,0.033800494641384994,200
quick,512,433,286,4109,0.06960330980773911,200
quick,512,434,283,11973,0.023636515493193018,200
quick,512,435,283,283,1.0,200
quick,512,436,283,283,1.0,200
quick,512,437,282,4578,0.061598951507208385,200
quick,512,438,280,7991,0.03503941934676511,200
quick,512,439,279,3980,0.07010050251256282,200
quick,512,440,276,12439,0.02218827880054667,200
quick,512,441,275,4342,0.06333486872409028,200
quick,512,442,274,4454,0.061517736865738665,200
quick,512,443,274,274,1.0,200
quick,512,444,273,4462,0.061183325862841774,200
quick,512,445,272,4683,0.05808242579543028,200
quick,512,446,272,272,1.0,200
quick,512,447,270,8546,0.03159372805991107,200
quick,512,448,269,4152,0.06478805394990365,200
quick,512,449,267,8463,0.031549096065225095,200
quick,512,450,264,13141,0.020089795297161556,200
quick,512,451,262,8838,0.02964471599909482,200
quick,512,452,261,4289,0.060853345768244346,200
quick,512,453,260,3801,0.06840305182846619,200
quick,512,454,259,4998,0.05182072829131653,200
quick,512,455,258,4137,0.06236403190717912,200
quick,512,456,257,4733,0.0542995985632791,200
quick,512,457,257,257,1.0,200
quick,512,458,255,9381,0.027182603133994242,200
quick,512,459,255,255,1.0,200
quick,512,460,253,8778,0.02882205513784461,200
quick,512,461,251,8430,0.02977461447212337,200
quick,512,462,251,251,1.0,200
quick,512,463,249,9981,0.024947400060114217,200
quick,512,464,248,4652,0.05331040412725709,200
quick,512,465,245,13190,0.018574677786201668,200
quick,512,466,245,245,1.0,200
quick,512,467,245,245,1.0,200
quick,512,468,245,245,1.0,200
quick,512,469,244,4236,0.05760151085930123,200
quick,512,470,241,13068,0.01844199571472299,200
quick,512,471,241,241,1.0,200
quick,512,472,239,8257,0.02894513745912559,200
quick,512,473,238,5103,0.04663923182441701,200
quick,512,474,236,9186,0.025691269322882647,200
quick,512,475,233,13031,0.01788043895326529,200
quick,512,476,232,4428,0.052393857271906055,200
quick,512,477,231,3981,0.058025621703089676,200
quick,512,478,230,4495,0.05116796440489433,200
quick,512,479,228,8456,0.02696310312204352,200
quick,512,480,226,9183,0.024610693673091582,200
quick,512,481,226,226,1.0,200
quick,512,482,225,5008,0.04492811501597444,200
quick,512,483,225,225,1.0,200
quick,512,484,224,4129,0.05425042383143618,200
quick,512,485,224,224,1.0,200
quick,512,486,224,224,1.0,200
quick,512,487,223,4783,0.046623458080702486,200
quick,512,488,222,4260,0.05211267605633803,200
quick,512,489,222,222,1.0,200
quick,512,490,220,8436,0.026078710289236605,200
quick,512,491,220,220,1.0,200
quick,512,492,219,4168,0.052543186180422266,200
quick,512,493,218,4765,0.045750262329485834,200
quick,512,494,217,5733,0.03785103785103785,200
quick,512,495,216,5341,0.04044186481932222,200
quick,512,496,216,216,1.0,200
quick,512,497,216,216,1.0,200
quick,512,498,213,14360,0.014832869080779944,200
quick,512,499,213,213,1.0,200
quick,512,500,213,213,1.0,200
quick,512,501,212,4729,0.04482977373651935,200
quick,512,502,211,4778,0.04416073670992047,200
quick,512,503,210,4547,0.04618429733890477,200
quick,512,504,208,9010,0.023085460599334074,200
quick,512,505,207,4444,0.04657965796579658,200
quick,512,506,207,207,1.0,200
quick,512,507,207,207,1.0,200
quick,512,508,204,14018,0.014552717934084749,200
quick,512,509,203,4266,0.04758556024378809,200
quick,512,510,202,5030,0.040159045725646124,200
quick,512,511,99,476166,0.00020791068660929173,200
quick,512,512,1,456086,2.192568945330486e-06,97
quick,512,513,0,4405,0.0,1
quick,1024,0,204800,104755400,0.0019550304805289274,200
quick,1024,1,204800,516362673,0.0003966204582723585,200
quick,1024,2,204796,328376171,0.0006236627931202718,200
quick,1024,3,204767,197210427,0.0010383173096623335,200
quick,1024,4,204652,129842965,0.0015761500825246866,200
quick,1024,5,204210,81247941,0.0025134175400211064,200
quick,1024,6,203094,54982583,0.0036937879037076157,200
quick,1024,7,200512,42132350,0.004759098412502507,200
quick,1024,8,195859,39948147,0.004902830661957862,200
quick,1024,9,188202,45984616,0.004092716572864282,200
quick,1024,10,176728,59404384,0.0029749992862479644,200
quick,1024,11,162057,69822100,0.002320998652289175,200
quick,1024,12,145003,77869893,0.0018621189064687684,200
quick,1024,13,126502,81545604,0.001551303734288362,200
quick,1024,14,107991,80560000,0.0013405039721946376,200
quick,1024,15,90582,73535694,0.0012318099561282442,200
quick,1024,16,75366,63487386,0.0011871019543945312,200
quick,1024,17,62645,52786431,0.0011867633180201178,200
quick,1024,18,52377,41896626,0.0012501484009714767,200
quick,1024,19,44282,33129218,0.0013366448915274728,200
quick,1024,20,38170,24878893,0.0015342322506069702,200
quick,1024,21,33381,19514199,0.0017106005734593564,200
quick,1024,22,29915,14018579,0.002133953805160994,200
quick,1024,23,27171,11062494,0.0024561369253624002,200
quick,1024,24,24984,9029995,0.0027667789406306425,200
quick,1024,25,23168,7590254,0.0030523352709935663,200
quick,1024,26,21631,6556572,0.0032991325345012607,200
quick,1024,27,20313,5725278,0.003547949986009413,200
quick,1024,28,19135,4881653,0.003919778812627608,200
quick,1024,29,18123,4363054,0.004153741851464593,200
quick,1024,30,17257,3717673,0.004641882166613363,200
quick,1024,31,16459,3466584,0.004747901680732387,200
quick,1024,32,15725,3038148,0.005175850551059395,200
quick,1024,33,15086,2774513,0.005437350626938854,200
quick,1024,34,14503,2516508,0.005763144802241837,200
quick,1024,35,13978,2200563,0.006352010826320355,200
quick,1024,36,13473,2213546,0.006086613966911011,200
quick,1024,37,12985,2160614,0.006009865714097937,200
quick,1024,38,12559,1864296,0.00673659118509078,200
quick,1024,39,12149,1824332,0.006659423832942688,200
quick,1024,40,11740,1703136,0.006893166488172407,200
quick,1024,41,11364,1661953,0.006837738492003083,200
quick,1024,42,11016,1517494,0.007259336774972421,200
quick,1024,43,10700,1377628,0.0077669733774284495,200
quick,1024,44,10407,1318679,0.007891988876747108,200
quick,1024,45,10113,1242657,0.008138207083692443,200
quick,1024,46,9877,1019934,0.009683959942506084,200
quick,1024,47,9642,1024448,0.009411897919660149,200
quick,1024,48,9371,1257443,0.007452425278919203,200
quick,1024,49,9151,947956,0.009653401634675027,200
quick,1024,50,8912,1104222,0.008070840827297409,200
quick,1024,51,8709,914954,0.009518511313137053,200
quick,1024,52,8500,936632,0.009075068970524175,200
quick,1024,53,8317,836268,0.009945376362601463,200
quick,1024,54,8171,677604,0.012058665533261315,200
quick,1024,55,7991,801279,0.009972805976445159,200
quick,1024,56,7815,712023,0.010975769041168613,200
quick,1024,57,7632,845062,0.009031290011857119,200
quick,1024,58,7492,609937,0.012283235809600009,200
quick,1024,59,7349,652924,0.011255521316416613,200
quick,1024,60,7211,603238,0.011953822537704852,200
quick,1024,61,7066,666325,0.01060443477282107,200
quick,1024,62,6929,580130,0.011943874648785617,200
quick,1024,63,6803,547892,0.012416680659692056,200
quick,1024,64,6693,493609,0.013559315166457662,200
quick,1024,65,6561,548723,0.011956852546731228,200
quick,1024,66,6443,555446,0.01159968745836679,200
quick,1024,67,6341,445813,0.01422345243409232,200
quick,1024,68,6229,479309,0.012995791858696582,200
quick,1024,69,6124,466368,0.013131261149993138,200
quick,1024,70,6019,486912,0.012361576629863301,200
quick,1024,71,5909,490812,0.012039232944589782,200
quick,1024,72,5816,441639,0.013169126820774434,200
quick,1024,73,5731,396065,0.014469847121053363,200
quick,1024,74,5665,261294,0.021680559063736633,200
quick,1024,75,5578,394745,0.014130641300079799,200
quick,1024,76,5488,366165,0.014987778733631014,200
quick,1024,77,5399,382205,0.014125927185672611,200
quick,1024,78,5330,328506,0.016224970015768357,200
quick,1024,79,5246,387039,0.013554189629468865,200
quick,1024,80,5167,335683,0.01539249827962691,200
quick,1024,81,5092,381567,0.01334496955973656,200
quick,1024,82,5020,282645,0.017760795343982734,200
quick,1024,83,4942,354140,0.013954933077314057,200
quick,1024,84,4891,217508,0.02248652923110874,200
quick,1024,85,4832,278344,0.017359813755640503,200
quick,1024,86,4758,304228,0.01563958609989876,200
quick,1024,87,4700,267057,0.017599239113747254,200
quick,1024,88,4651,176565,0.026341573924616998,200
quick,1024,89,4597,240628,0.019104177402463552,200
quick,1024,90,4547,230334,0.019740898000295222,200
quick,1024,91,4495,261384,0.017196921005111256,200
quick,1024,92,4434,280546,0.015804894740969397,200
quick,1024,93,4377,283259,0.015452289247649678,200
quick,1024,94,4323,268392,0.016107037467584726,200
quick,1024,95,4268,205239,0.02079526795589532,200
quick,1024,96,4228,178333,0.02370845552982342,200
quick,1024,97,4175,242309,0.017230065742502344,200
quick,1024,98,4128,221659,0.018623200501671485,200
quick,1024,99,4077,246384,0.016547340736411457,200
quick,1024,100,4027,243293,0.016552058628896024,200
quick,1024,101,3995,139729,0.028591058405914305,200
quick,1024,102,3941,265304,0.014854657298796852,200
quick,1024,103,3899,198470,0.01964528644127576,200
quick,1024,104,3855,225154,0.017121614539381935,200
quick,1024,105,3798,267765,0.01418407932328721,200
quick,1024,106,3766,134125,0.028078285181733456,200
quick,1024,107,3727,159868,0.023312983211149198,200
quick,1024,108,3691,165114,0.022354252213622104,200
quick,1024,109,3661,168222,0.02176290853752779,200
quick,1024,110,3626,134096,0.0270403293163107,200
quick,1024,111,3598,110469,0.03257022332056957,200
quick,1024,112,3561,235371,0.015129306499101419,200
quick,1024,113,3523,159608,0.02207282842965265,200
quick,1024,114,3496,119752,0.029193666911617344,200
quick,1024,115,3467,151950,0.022816716025008225,200
quick,1024,116,3435,166469,0.020634472484366458,200
quick,1024,117,3398,202153,0.01680905057060741,200
quick,1024,118,3366,180613,0.018636532254045945,200
quick,1024,119,3337,130924,0.0254880694143167,200
quick,1024,120,3316,93891,0.03531754907286108,200
quick,1024,121,3271,223918,0.0146080261524308,200
quick,1024,122,3235,195362,0.016559003286207144,200
quick,1024,123,3215,88731,0.036233109059967766,200
quick,1024,124,3185,159453,0.019974537951622108,200
quick,1024,125,3160,138934,0.02274461254984381,200
quick,1024,126,3136,121117,0.025892318997333158,200
quick,1024,127,3110,126176,0.024648110575703777,200
quick,1024,128,3080,152957,0.020136378197794153,200
quick,1024,129,3049,141824,0.021498476985559567,200
quick,1024,130,3019,159347,0.01894607366313768,200
quick,1024,131,2990,140976,0.02120928384973329,200
quick,1024,132,2969,72330,0.04104797456103968,200
quick,1024,133,2942,135792,0.021665488394014373,200
quick,1024,134,2913,146675,0.0198602352139083,200
quick,1024,135,2890,80431,0.03593141947756462,200
quick,1024,136,2869,83094,0.03452716200929068,200
quick,1024,137,2838,123963,0.022893928026911255,200
quick,1024,138,2819,89179,0.031610580966371,200
quick,1024,139,2801,102391,0.0273559199539022,200
quick,1024,140,2784,79930,0.0348304766670837,200
quick,1024,141,2749,168461,0.016318316999186757,200
quick,1024,142,2723,135524,0.02009238216109324,200
quick,1024,143,2693,132359,0.020346179708217803,200
quick,1024,144,2673,69302,0.038570315431012095,200
quick,1024,145,2651,112187,0.02363018888106465,200
quick,1024,146,2628,130527,0.020133765427842516,200
quick,1024,147,2605,122162,0.021324143350632766,200
quick,1024,148,2590,75627,0.0342470281777672,200
quick,1024,149,2571,80182,0.03206455314160285,200
quick,1024,150,2545,153059,0.01662757498742315,200
quick,1024,151,2529,86166,0.029350323793607688,200
quick,1024,152,2504,109630,0.022840463376812916,200
quick,1024,153,2484,105810,0.023476041962007373,200
quick,1024,154,2462,110162,0.022348904340879796,200
quick,1024,155,2448,73749,0.0331936704226498,200
quick,1024,156,2428,91039,0.02666988872900625,200
quick,1024,157,2413,71374,0.033807829181494664,200
quick,1024,158,2390,100153,0.023863488862041076,200
quick,1024,159,2365,129722,0.018231294614637454,200
quick,1024,160,2348,95031,0.024707726952257685,200
quick,1024,161,2332,70800,0.032937853107344636,200
quick,1024,162,2315,91487,0.025304141572026626,200
quick,1024,163,2304,56022,0.04112670022491164,200
quick,1024,164,2290,72844,0.0314370435451101,200
quick,1024,165,2276,78662,0.02893391980880222,200
quick,1024,166,2258,67232,0.0335851975249881,200
quick,1024,167,2237,99213,0.022547448419057987,200
quick,1024,168,2220,71784,0.03092611166833835,200
quick,1024,169,2209,52786,0.041848217330352745,200
quick,1024,170,2188,109942,0.01990140255771225,200
quick,1024,171,2168,88208,0.024578269544712497,200
quick,1024,172,2159,60853,0.03547894105467274,200
quick,1024,173,2138,126217,0.01693908110634859,200
quick,1024,174,2126,67532,0.03148137179411242,200
quick,1024,175,2111,65684,0.03213872480360514,200
quick,1024,176,2096,65664,0.03192007797270955,200
quick,1024,177,2082,81806,0.025450455956775787,200
quick,1024,178,2065,75085,0.027502164213890925,200
quick,1024,179,2054,67059,0.03062974395681415,200
quick,1024,180,2044,63841,0.03201704233956235,200
quick,1024,181,2033,51771,0.0392690888721485,200
quick,1024,182,2021,54095,0.03736019964876606,200
quick,1024,183,2008,67154,0.02990142061530214,200
quick,1024,184,1995,64725,0.03082271147161066,200
quick,1024,185,1984,52737,0.03762064584636972,200
quick,1024,186,1976,50065,0.039468690702087285,200
quick,1024,187,1970,24530,0.08030982470444353,200
quick,1024,188,1960,60485,0.032404728445069024,200
quick,1024,189,1949,62798,0.031036020255422146,200
quick,1024,190,1940,49314,0.0393397412499493,200
quick,1024,191,1923,78824,0.024396123008220846,200
quick,1024,192,1913,63677,0.030042244452471063,200
quick,1024,193,1902,52790,0.03602955105133548,200
quick,1024,194,1891,68419,0.02763852146333621,200
quick,1024,195,1882,50022,0.03762344568389908,200
quick,1024,196,1874,45243,0.04142077227416396,200
quick,1024,197,1864,75865,0.024569959797007844,200
quick,1024,198,1853,64341,0.028799676722463127,200
quick,1024,199,1846,40570,0.04550160216909046,200
quick,1024,200,1839,37780,0.04867654843832716,200
quick,1024,201,1835,19996,0.09176835367073415,200
quick,1024,202,1820,88157,0.020644985650600634,200
quick,1024,203,1813,31506,0.05754459468037834,200
quick,1024,204,1803,50347,0.03581146840923988,200
quick,1024,205,1791,65954,0.027155290050641358,200
quick,1024,206,1784,33344,0.05350287907869482,200
quick,1024,207,1777,34178,0.05199250980162678,200
quick,1024,208,1768,54353,0.032528103324563504,200
quick,1024,209,1756,70417,0.024937160060780776,200
quick,1024,210,1747,50138,0.03484383102636723,200
quick,1024,211,1735,48779,0.035568584841837676,200
quick,1024,212,1728,30795,0.05611300535801266,200
quick,1024,213,1720,42686,0.04029424167174249,200
quick,1024,214,1712,48921,0.03499519633695141,200
quick,1024,215,1703,34703,0.04907356712676138,200
quick,1024,216,1697,39298,0.04318285917858415,200
quick,1024,217,1688,61270,0.027550187693814263,200
quick,1024,218,1683,29158,0.057720008231017216,200
quick,1024,219,1672,39387,0.042450554751567775,200
quick,1024,220,1664,38088,0.04368830077714766,200
quick,1024,221,1653,69670,0.02372613750538252,200
quick,1024,222,1645,47167,0.03487607861428541,200
quick,1024,223,1638,36556,0.04480796586059744,200
quick,1024,224,1631,32064,0.050867015968063874,200
quick,1024,225,1625,29579,0.05493762466614828,200
quick,1024,226,1617,54076,0.029902359641985354,200
quick,1024,227,1608,38928,0.04130702836004932,200
quick,1024,228,1602,28250,0.05670796460176991,200
quick,1024,229,1596,31052,0.05139765554553652,200
quick,1024,230,1585,51518,0.030765945882992352,200
quick,1024,231,1583,16976,0.0932492931196984,200
quick,1024,232,1576,50968,0.0309213624234814,200
quick,1024,233,1568,40940,0.0382999511480215,200
quick,1024,234,1565,17469,0.08958726887629515,200
quick,1024,235,1551,79108,0.01960610810537493,200
quick,1024,236,1542,47980,0.032138390996248434,200
quick,1024,237,1536,31220,0.049199231262011534,200
quick,1024,238,1531,30495,0.05020495163141499,200
quick,1024,239,1518,71232,0.021310646900269542,200
quick,1024,240,1505,74895,0.020094799385806796,200
quick,1024,241,1495,57890,0.025824840214199344,200
quick,1024,242,1488,38485,0.038664414707028714,200
quick,1024,243,1484,25382,0.05846662989520132,200
quick,1024,244,1479,27939,0.052936755073553096,200
quick,1024,245,1468,60541,0.02424803026048463,200
quick,1024,246,1453,80979,0.01794292347398708,200
quick,1024,247,1446,43251,0.033432752999930634,200
quick,1024,248,1440,35177,0.04093583875827956,200
quick,1024,249,1436,16017,0.0896547418367984,200
quick,1024,250,1432,26464,0.05411124546553809,200
quick,1024,251,1428,25039,0.05703103159071848,200
quick,1024,252,1424,25733,0.05533750437181829,200
quick,1024,253,1417,37494,0.0377927135008268,200
quick,1024,254,1412,23037,0.06129270304293094,200
quick,1024,255,1404,50858,0.027606276298714066,200
quick,1024,256,1395,42852,0.032553906468776254,200
quick,1024,257,1386,48720,0.028448275862068967,200
quick,1024,258,1382,12921,0.10695766581533937,200
quick,1024,259,1378,27014,0.05101058710298364,200
quick,1024,260,1372,40881,0.03356082287615274,200
quick,1024,261,1364,40419,0.033746505356391794,200
quick,1024,262,1360,23049,0.05900472905549048,200
quick,1024,263,1353,29203,0.046330856418861074,200
quick,1024,264,1349,25273,0.053377121829620545,200
quick,1024,265,1339,51835,0.02583196681778721,200
quick,1024,266,1335,32453,0.04113641265830586,200
quick,1024,267,1332,25536,0.052161654135338346,200
quick,1024,268,1328,18063,0.07352045618114378,200
quick,1024,269,1327,3536,0.37528280542986425,200
quick,1024,270,1319,52399,0.025172236111376173,200
quick,1024,271,1316,17996,0.0731273616359191,200
quick,1024,272,1312,22625,0.057988950276243095,200
quick,1024,273,1308,27579,0.0474273904057435,200
quick,1024,274,1301,47169,0.027581674404799764,200
quick,1024,275,1299,17441,0.0744796743306003,200
quick,1024,276,1292,39333,0.032847735997762695,200
quick,1024,277,1288,20102,0.06407322654462243,200
quick,1024,278,1283,28241,0.04543040260614001,200
quick,1024,279,1280,14393,0.08893211978044883,200
quick,1024,280,1276,26161,0.04877489392607316,200
quick,1024,281,1270,31302,0.04057248738099802,200
quick,1024,282,1267,11405,0.11109162647961421,200
quick,1024,283,1261,30100,0.041893687707641195,200
quick,1024,284,1257,20607,0.06099868976561363,200
quick,1024,285,1252,37008,0.03383052313013402,200
quick,1024,286,1249,21697,0.05756556205927087,200
quick,1024,287,1243,31818,0.03906593751964297,200
quick,1024,288,1239,31538,0.03928594076986493,200
quick,1024,289,1234,29590,0.041703278134504904,200
quick,1024,290,1226,39193,0.03128109611410201,200
quick,1024,291,1223,17739,0.06894413439314505,200
quick,1024,292,1218,27882,0.043684097267054016,200
quick,1024,293,1214,21287,0.05703011227509748,200
quick,1024,294,1203,56902,0.021141611894133775,200
quick,1024,295,1200,10181,0.11786661428150476,200
quick,1024,296,1193,50658,0.023550080934896758,200
quick,1024,297,1186,40378,0.029372430531477537,200
quick,1024,298,1179,38203,0.03086145067141324,200
quick,1024,299,1177,7720,0.15246113989637305,200
quick,1024,300,1171,33269,0.03519793200877694,200
quick,1024,301,1169,6519,0.1793219818990643,200
quick,1024,302,1166,26586,0.04385766945008651,200
quick,1024,303,1160,26814,0.04326098306854628,200
quick,1024,304,1152,52796,0.021819834835972423,200
quick,1024,305,1147,24502,0.04681250510162436,200
quick,1024,306,1136,57995,0.019587895508233467,200
quick,1024,307,1134,8012,0.1415376934598103,200
quick,1024,308,1132,18877,0.05996715579806113,200
quick,1024,309,1127,29040,0.03880853994490358,200
quick,1024,310,1123,24611,0.04563000284425663,200
quick,1024,311,1118,16737,0.06679811196749716,200
quick,1024,312,1113,30829,0.03610237114405268,200
quick,1024,313,1109,26568,0.04174194519722975,200
quick,1024,314,1104,20248,0.05452390359541683,200
quick,1024,315,1102,17789,0.06194839507560852,200
quick,1024,316,1100,10841,0.10146665436767825,200
quick,1024,317,1096,32267,0.03396659125422258,200
quick,1024,318,1088,54509,0.01996000660441395,200
quick,1024,319,1085,19203,0.05650158829349581,200
quick,1024,320,1079,35398,0.03048194813266286,200
quick,1024,321,1075,29974,0.03586441582705011,200
quick,1024,322,1071,26473,0.040456313980281794,200
quick,1024,323,1067,13802,0.0773076365744095,200
quick,1024,324,1064,21002,0.05066184172935911,200
quick,1024,325,1058,29448,0.03592773702798153,200
quick,1024,326,1051,42570,0.024688747944561898,200
quick,1024,327,1042,49097,0.021223292665539645,200
quick,1024,328,1038,18601,0.05580345142734262,200
quick,1024,329,1035,15041,0.06881191410145603,200
quick,1024,330,1031,20170,0.05111551809618245,200
quick,1024,331,1026,25238,0.04065298359616452,200
quick,1024,332,1022,17739,0.05761316872427984,200
quick,1024,333,1020,7704,0.13239875389408098,200
quick,1024,334,1013,41113,0.024639408459611316,200
quick,1024,335,1010,19159,0.05271673886946083,200
quick,1024,336,1005,33298,0.030181992912487236,200
quick,1024,337,1001,28937,0.03459239036527629,200
quick,1024,338,998,12021,0.08302137925297397,200
quick,1024,339,990,56064,0.017658390410958905,200
quick,1024,340,985,25686,0.03834773806742973,200
quick,1024,341,982,19677,0.04990598160288662,200
quick,1024,342,978,32769,0.02984528060056761,200
quick,1024,343,973,23000,0.042304347826086955,200
quick,1024,344,971,8443,0.11500651427217813,200
quick,1024,345,966,28967,0.033348292885007076,200
quick,1024,346,958,53308,0.017971036242215053,200
quick,1024,347,954,21091,0.04523256365274288,200
quick,1024,348,954,954,1.0,200
quick,1024,349,947,35427,0.02673102435995145,200
quick,1024,350,946,4199,0.22529173612764944,200
quick,1024,351,943,17251,0.05466349776824532,200
quick,1024,352,937,52643,0.01779913758714359,200
quick,1024,353,933,23329,0.03999314158343693,200
quick,1024,354,926,30632,0.03022982501958736,200
quick,1024,355,923,24768,0.03726582687338501,200
quick,1024,356,920,16463,0.05588288890238717,200
quick,1024,357,919,3665,0.25075034106412003,200
quick,1024,358,912,46861,0.019461812594694948,200
quick,1024,359,910,11684,0.07788428620335501,200
quick,1024,360,908,13366,0.06793356277121053,200
quick,1024,361,903,32363,0.027902234032691653,200
quick,1024,362,898,32425,0.027694680030840402,200
quick,1024,363,897,3839,0.2336545975514457,200
quick,1024,364,892,37631,0.023703861178283863,200
quick,1024,365,889,22948,0.03873975945616176,200
quick,1024,366,888,4315,0.20579374275782156,200
quick,1024,367,886,8722,0.1015822059160743,200
quick,1024,368,884,17719,0.049889948642699924,200
quick,1024,369,881,14678,0.06002180133533179,200
quick,1024,370,881,881,1.0,200
quick,1024,371,880,5013,0.17554358667464592,200
quick,1024,372,877,15838,0.05537315317590605,200
quick,1024,373,874,17431,0.05014055418507257,200
quick,1024,374,873,4742,0.18409953606073387,200
quick,1024,375,872,6942,0.12561221549985596,200
quick,1024,376,871,6888,0.12645180023228803,200
quick,1024,377,868,23282,0.037282020444978956,200
quick,1024,378,867,8379,0.10347296813462227,200
quick,1024,379,863,24628,0.03504141627415949,200
quick,1024,380,859,28335,0.03031586377271925,200
quick,1024,381,859,859,1.0,200
quick,1024,382,858,4313,0.19893345699049386,200
quick,1024,383,855,16291,0.05248296605487693,200
quick,1024,384,851,20835,0.040844732421406287,200
quick,1024,385,848,19420,0.043666323377960864,200
quick,1024,386,845,14636,0.05773435364853785,200
quick,1024,387,842,17122,0.04917649807265506,200
quick,1024,388,841,7211,0.11662737484398836,200
quick,1024,389,839,14360,0.058426183844011145,200
quick,1024,390,837,7877,0.10625872794210994,200
quick,1024,391,832,32050,0.025959438377535102,200
quick,1024,392,831,8900,0.09337078651685393,200
quick,1024,393,828,29109,0.02844481088323199,200
quick,1024,394,824,26733,0.0308233269741518,200
quick,1024,395,820,33980,0.02413184226015303,200
quick,1024,396,815,40831,0.0199603242634273,200
quick,1024,397,815,815,1.0,200
quick,1024,398,815,815,1.0,200
quick,1024,399,814,8831,0.0921752915864568,200
quick,1024,400,810,20310,0.03988183161004431,200
quick,1024,401,805,33816,0.02380529926661935,200
quick,1024,402,805,805,1.0,200
quick,1024,403,803,8705,0.09224583572659391,200
quick,1024,404,803,803,1.0,200
quick,1024,405,799,18436,0.04333911911477544,200
quick,1024,406,794,37205,0.02134121757828249,200
quick,1024,407,791,18337,0.043136827180018544,200
quick,1024,408,789,13274,0.05943950580081362,200
quick,1024,409,788,8495,0.09276044732195408,200
quick,1024,410,786,13752,0.05715532286212915,200
quick,1024,411,785,5720,0.13723776223776224,200
quick,1024,412,783,11606,0.06746510425641909,200
quick,1024,413,782,4305,0.18164924506387922,200
quick,1024,414,781,9173,0.08514117518805189,200
quick,1024,415,779,12766,0.06102146326178913,200
quick,1024,416,776,19833,0.03912670801189936,200
quick,1024,417,775,4663,0.16620201586961184,200
quick,1024,418,773,11773,0.06565871060902063,200
quick,1024,419,772,4229,0.18254906597304327,200
quick,1024,420,770,16569,0.04647232784114914,200
quick,1024,421,767,22702,0.03378556955334332,200
quick,1024,422,765,14601,0.05239367166632423,200
quick,1024,423,764,10203,0.07487993727335097,200
quick,1024,424,763,9105,0.08380010982976387,200
quick,1024,425,759,32348,0.023463583529120813,200
quick,1024,426,757,20071,0.03771610781724877,200
quick,1024,427,756,9416,0.08028887000849617,200
quick,1024,428,751,30498,0.024624565545281658,200
quick,1024,429,750,10088,0.07434575733544806,200
quick,1024,430,744,39076,0.019039819838263895,200
quick,1024,431,744,744,1.0,200
quick,1024,432,743,4745,0.1565858798735511,200
quick,1024,433,742,5389,0.13768788272406754,200
quick,1024,434,740,11542,0.06411367180731242,200
quick,1024,435,739,9533,0.07752019301374174,200
quick,1024,436,736,17656,0.04168554599003172,200
quick,1024,437,733,21740,0.03371665133394664,200
quick,1024,438,731,13394,0.05457667612363745,200
quick,1024,439,729,10778,0.0676377806643162,200
quick,1024,440,726,20283,0.03579352166839225,200
quick,1024,441,722,27049,0.026692299160782283,200
quick,1024,442,722,722,1.0,200
quick,1024,443,719,12170,0.0590797041906327,200
quick,1024,444,717,9673,0.07412384989145043,200
quick,1024,445,712,32138,0.02215445889601095,200
quick,1024,446,710,9454,0.07510048656653269,200
quick,1024,447,706,26046,0.027105889579973893,200
quick,1024,448,702,36634,0.0191625266146203,200
quick,1024,449,700,16442,0.04257389611969347,200
quick,1024,450,698,11772,0.05929323819232076,200
quick,1024,451,697,8376,0.08321394460362942,200
quick,1024,452,696,4402,0.15810995002271694,200
quick,1024,453,692,21581,0.03206524257448682,200
quick,1024,454,691,10616,0.0650904295403165,200
quick,1024,455,690,9124,0.07562472599736958,200
quick,1024,456,689,10495,0.06565030967127203,200
quick,1024,457,688,10165,0.067683226758485,200
quick,1024,458,685,23657,0.028955488861647716,200
quick,1024,459,683,13611,0.05018000146939975,200
quick,1024,460,680,21813,0.031174070508412415,200
quick,1024,461,678,20101,0.03372966519078653,200
quick,1024,462,678,678,1.0,200
quick,1024,463,677,8358,0.08100023929169657,200
quick,1024,464,677,677,1.0,200
quick,1024,465,677,677,1.0,200
quick,1024,466,675,9157,0.07371409850387682,200
quick,1024,467,674,9029,0.07464835529959021,200
quick,1024,468,673,7289,0.09233090958979284,200
quick,1024,469,673,673,1.0,200
quick,1024,470,669,27088,0.024697282929710573,200
quick,1024,471,668,5265,0.12687559354226022,200
quick,1024,472,663,23993,0.027633059642395697,200
quick,1024,473,660,18948,0.03483217226092464,200
quick,1024,474,657,15036,0.0436951316839585,200
quick,1024,475,655,10385,0.06307173808377467,200
quick,1024,476,653,13263,0.049234713111664025,200
quick,1024,477,653,653,1.0,200
quick,1024,478,649,29019,0.022364657638099177,200
quick,1024,479,648,7457,0.08689821644092799,200
quick,1024,480,645,15956,0.04042366507896716,200
quick,1024,481,644,5102,0.1262250098000784,200
quick,1024,482,643,5533,0.11621181998915597,200
quick,1024,483,639,21664,0.029495937961595272,200
quick,1024,484,638,9021,0.07072386653364372,200
quick,1024,485,635,22914,0.027712315614907918,200
quick,1024,486,634,10693,0.05929112503506967,200
quick,1024,487,632,13416,0.04710793082886106,200
quick,1024,488,631,9123,0.06916584456867259,200
quick,1024,489,627,25096,0.024984061204972905,200
quick,1024,490,626,5079,0.12325260878125616,200
quick,1024,491,624,10451,0.05970720505214812,200
quick,1024,492,620,22274,0.02783514411421388,200
quick,1024,493,618,13921,0.044393362545794124,200
quick,1024,494,616,13724,0.04488487321480618,200
quick,1024,495,615,6382,0.09636477593230962,200
quick,1024,496,612,18664,0.03279039862837548,200
quick,1024,497,609,14823,0.04108480064764218,200
quick,1024,498,608,9998,0.060812162432486494,200
quick,1024,499,603,27025,0.022312673450508788,200
quick,1024,500,603,603,1.0,200
quick,1024,501,603,603,1.0,200
quick,1024,502,602,9712,0.06198517298187809,200
quick,1024,503,601,5953,0.10095750041995633,200
quick,1024,504,600,5197,0.11545122185876468,200
quick,1024,505,598,16029,0.0373073803730738,200
quick,1024,506,596,10047,0.05932119040509605,200
quick,1024,507,594,14510,0.04093728463128877,200
quick,1024,508,592,19609,0.030190218777092152,200
quick,1024,509,589,21026,0.028012936364501095,200
quick,1024,510,588,9296,0.06325301204819277,200
quick,1024,511,586,18577,0.03154438283899445,200
quick,1024,512,586,586,1.0,200
quick,1024,513,586,586,1.0,200
quick,1024,514,586,586,1.0,200
quick,1024,515,585,4862,0.12032085561497326,200
quick,1024,516,582,24046,0.024203609747983034,200
quick,1024,517,582,582,1.0,200
quick,1024,518,582,582,1.0,200
quick,1024,519,580,14912,0.03889484978540773,200
quick,1024,520,578,17246,0.03351501797518265,200
quick,1024,521,576,16503,0.034902744955462646,200
quick,1024,522,573,22917,0.025003272679670115,200
quick,1024,523,572,7951,0.07194063639793737,200
quick,1024,524,571,4983,0.11458960465582982,200
quick,1024,525,570,9481,0.06012024048096192,200
quick,1024,526,567,21521,0.026346359369917756,200
quick,1024,527,564,26283,0.021458737587033445,200
quick,1024,528,562,19242,0.029206943145203203,200
quick,1024,529,562,562,1.0,200
quick,1024,530,562,562,1.0,200
quick,1024,531,561,10292,0.05450835600466382,200
quick,1024,532,561,561,1.0,200
quick,1024,533,561,561,1.0,200
quick,1024,534,559,16832,0.03321055133079848,200
quick,1024,535,557,10502,0.05303751666349267,200
quick,1024,536,556,10037,0.05539503835807512,200
quick,1024,537,554,13911,0.039824599238013084,200
quick,1024,538,547,48626,0.011249125981984947,200
quick,1024,539,546,5648,0.096671388101983,200
quick,1024,540,546,546,1.0,200
quick,1024,541,545,10795,0.05048633626679018,200
quick,1024,542,544,8906,0.06108241634852908,200
quick,1024,543,542,16719,0.03241820683055207,200
quick,1024,544,540,13744,0.03928987194412107,200
quick,1024,545,539,5407,0.0996855927501387,200
quick,1024,546,537,15823,0.03393793844403716,200
quick,1024,547,536,5823,0.09204877211059591,200
quick,1024,548,536,536,1.0,200
quick,1024,549,533,27483,0.019393807080740823,200
quick,1024,550,533,533,1.0,200
quick,1024,551,533,533,1.0,200
quick,1024,552,527,52751,0.009990331936835321,200
quick,1024,553,525,18358,0.028597886480008716,200
quick,1024,554,524,10251,0.05111696419861477,200
quick,1024,555,523,7031,0.07438486701749396,200
quick,1024,556,523,523,1.0,200
quick,1024,557,522,7806,0.0668716372021522,200
quick,1024,558,522,522,1.0,200
quick,1024,559,520,10837,0.0479837593429916,200
quick,1024,560,520,520,1.0,200
quick,1024,561,520,520,1.0,200
quick,1024,562,520,520,1.0,200
quick,1024,563,520,520,1.0,200
quick,1024,564,515,29833,0.01726276271243254,200
quick,1024,565,513,11032,0.04650108774474257,200
quick,1024,566,512,5473,0.09355015530787503,200
quick,1024,567,510,10382,0.0491234829512618,200
quick,1024,568,510,510,1.0,200
quick,1024,569,508,11972,0.042432342131640495,200
quick,1024,570,506,12393,0.04082950052448963,200
quick,1024,571,503,22463,0.02239237857810622,200
quick,1024,572,503,503,1.0,200
quick,1024,573,501,15878,0.03155309232900869,200
quick,1024,574,499,12715,0.03924498623672827,200
quick,1024,575,499,499,1.0,200
quick,1024,576,498,9888,0.05036407766990291,200
quick,1024,577,497,7814,0.06360378807269004,200
quick,1024,578,496,8328,0.059558117195004805,200
quick,1024,579,494,15040,0.032845744680851066,200
quick,1024,580,493,10413,0.04734466532219341,200
quick,1024,581,493,493,1.0,200
quick,1024,582,493,493,1.0,200
quick,1024,583,490,24719,0.019822808366034225,200
quick,1024,584,489,7812,0.06259600614439324,200
quick,1024,585,489,489,1.0,200
quick,1024,586,489,489,1.0,200
quick,1024,587,487,14773,0.03296554525147228,200
quick,1024,588,486,10060,0.04831013916500994,200
quick,1024,589,484,10963,0.0441484994983125,200
quick,1024,590,483,10130,0.04768015794669299,200
quick,1024,591,481,15396,0.03124188100805404,200
quick,1024,592,481,481,1.0,200
quick,1024,593,481,481,1.0,200
quick,1024,594,480,6758,0.07102693104468778,200
quick,1024,595,479,6834,0.0700907228563067,200
quick,1024,596,477,13237,0.03603535544307623,200
quick,1024,597,476,6653,0.07154667067488352,200
quick,1024,598,473,26168,0.01807551207581779,200
quick,1024,599,471,15495,0.030396902226524684,200
quick,1024,600,470,5913,0.07948587857263656,200
quick,1024,601,470,470,1.0,200
quick,1024,602,469,6858,0.06838728492271799,200
quick,1024,603,468,5907,0.0792280345352971,200
quick,1024,604,467,9062,0.05153387773118517,200
quick,1024,605,466,5835,0.07986289631533848,200
quick,1024,606,466,466,1.0,200
quick,1024,607,464,17851,0.025992941571900734,200
quick,1024,608,463,5634,0.08217962371317004,200
quick,1024,609,462,9519,0.048534509927513396,200
quick,1024,610,462,462,1.0,200
quick,1024,611,462,462,1.0,200
quick,1024,612,462,462,1.0,200
quick,1024,613,461,9174,0.05025070852408982,200
quick,1024,614,460,8159,0.05637945826694448,200
quick,1024,615,459,9068,0.05061755624172916,200
quick,1024,616,459,459,1.0,200
quick,1024,617,458,7602,0.060247303341225994,200
quick,1024,618,458,458,1.0,200
quick,1024,619,458,458,1.0,200
quick,1024,620,454,32411,0.014007590015735398,200
quick,1024,621,454,454,1.0,200
quick,1024,622,454,454,1.0,200
quick,1024,623,450,28650,0.015706806282722512,200
quick,1024,624,449,9733,0.046131716839617795,200
quick,1024,625,449,449,1.0,200
quick,1024,626,449,449,1.0,200
quick,1024,627,449,449,1.0,200
quick,1024,628,446,20017,0.022281061098066643,200
quick,1024,629,446,446,1.0,200
quick,1024,630,446,446,1.0,200
quick,1024,631,444,16255,0.027314672408489695,200
quick,1024,632,443,9215,0.04807379272924579,200
quick,1024,633,439,27670,0.015865558366461873,200
quick,1024,634,438,9397,0.046610620410769396,200
quick,1024,635,438,438,1.0,200
quick,1024,636,437,8431,0.05183252283240422,200
quick,1024,637,437,437,1.0,200
quick,1024,638,437,437,1.0,200
quick,1024,639,435,15598,0.027888190793691498,200
quick,1024,640,434,8562,0.050689091333800514,200
quick,1024,641,433,9665,0.04480082772891878,200
quick,1024,642,433,433,1.0,200
quick,1024,643,433,433,1.0,200
quick,1024,644,432,7310,0.059097127222982215,200
quick,1024,645,431,6790,0.06347569955817378,200
quick,1024,646,430,9193,0.04677471989557272,200
quick,1024,647,429,6835,0.06276517922457937,200
quick,1024,648,429,429,1.0,200
quick,1024,649,429,429,1.0,200
quick,1024,650,429,429,1.0,200
quick,1024,651,428,10988,0.0389515835456862,200
quick,1024,652,428,428,1.0,200
quick,1024,653,428,428,1.0,200
quick,1024,654,428,428,1.0,200
quick,1024,655,425,23602,0.018006948563681045,200
quick,1024,656,424,9914,0.042767803106717774,200
quick,1024,657,423,6296,0.06718551461245235,200
quick,1024,658,419,32434,0.012918542270456928,200
quick,1024,659,419,419,1.0,200
quick,1024,660,418,6089,0.06864838232878961,200
quick,1024,661,414,27022,0.015320849678040115,200
quick,1024,662,412,14167,0.029081668666619608,200
quick,1024,663,411,8720,0.04713302752293578,200
quick,1024,664,409,18944,0.021589949324324325,200
quick,1024,665,408,9841,0.04145920130068083,200
quick,1024,666,407,7094,0.05737242740343953,200
quick,1024,667,407,407,1.0,200
quick,1024,668,404,24066,0.016787168619629353,200
quick,1024,669,401,25813,0.015534808042459226,200
quick,1024,670,399,13154,0.03033297856165425,200
quick,1024,671,397,13272,0.029912597950572634,200
quick,1024,672,395,15489,0.025501969139389243,200
quick,1024,673,394,8069,0.04882885115875573,200
quick,1024,674,393,6650,0.05909774436090225,200
quick,1024,675,392,9683,0.04048332128472581,200
quick,1024,676,392,392,1.0,200
quick,1024,677,392,392,1.0,200
quick,1024,678,390,16753,0.02327941264251179,200
quick,1024,679,388,15809,0.024542981845784045,200
quick,1024,680,388,388,1.0,200
quick,1024,681,388,388,1.0,200
quick,1024,682,385,19828,0.019416986080290497,200
quick,1024,683,381,30016,0.012693230277185502,200
quick,1024,684,378,20004,0.01889622075584883,200
quick,1024,685,378,378,1.0,200
quick,1024,686,378,378,1.0,200
quick,1024,687,376,18229,0.020626474299193592,200
quick,1024,688,376,376,1.0,200
quick,1024,689,373,19820,0.018819374369323915,200
quick,1024,690,372,8939,0.0416153932207182,200
quick,1024,691,371,7597,0.048835066473608,200
quick,1024,692,370,9278,0.039879284328519074,200
quick,1024,693,370,370,1.0,200
quick,1024,694,368,18693,0.01968651366821805,200
quick,1024,695,367,8124,0.04517479074347612,200
quick,1024,696,367,367,1.0,200
quick,1024,697,367,367,1.0,200
quick,1024,698,367,367,1.0,200
quick,1024,699,367,367,1.0,200
quick,1024,700,365,16089,0.02268630741500404,200
quick,1024,701,365,365,1.0,200
quick,1024,702,364,7714,0.047186932849364795,200
quick,1024,703,362,17635,0.020527360362914658,200
quick,1024,704,361,8135,0.044376152427781194,200
quick,1024,705,360,9684,0.03717472118959108,200
quick,1024,706,360,360,1.0,200
quick,1024,707,360,360,1.0,200
quick,1024,708,359,7547,0.04756857029283159,200
quick,1024,709,358,6916,0.051764025448235974,200
quick,1024,710,358,358,1.0,200
quick,1024,711,357,7578,0.047110055423594616,200
quick,1024,712,356,10175,0.03498771498771499,200
quick,1024,713,355,9634,0.03684866099231887,200
quick,1024,714,355,355,1.0,200
quick,1024,715,355,355,1.0,200
quick,1024,716,354,8866,0.03992781412136251,200
quick,1024,717,353,6743,0.05235058579267388,200
quick,1024,718,351,16538,0.021223848107389042,200
quick,1024,719,351,351,1.0,200
quick,1024,720,351,351,1.0,200
quick,1024,721,351,351,1.0,200
quick,1024,722,350,6809,0.05140255544132766,200
quick,1024,723,349,10364,0.0336742570436125,200
quick,1024,724,349,349,1.0,200
quick,1024,725,349,349,1.0,200
quick,1024,726,348,11086,0.031390943532383184,200
quick,1024,727,348,348,1.0,200
quick,1024,728,347,8149,0.04258191189102958,200
quick,1024,729,347,347,1.0,200
quick,1024,730,347,347,1.0,200
quick,1024,731,347,347,1.0,200
quick,1024,732,345,17331,0.01990652587848364,200
quick,1024,733,343,16268,0.02108433734939759,200
quick,1024,734,341,15952,0.021376629889669006,200
quick,1024,735,338,25474,0.013268430556645993,200
quick,1024,736,338,338,1.0,200
quick,1024,737,337,9253,0.036420620339349404,200
quick,1024,738,337,337,1.0,200
quick,1024,739,337,337,1.0,200
quick,1024,740,337,337,1.0,200
quick,1024,741,337,337,1.0,200
quick,1024,742,337,337,1.0,200
quick,1024,743,337,337,1.0,200
quick,1024,744,337,337,1.0,200
quick,1024,745,337,337,1.0,200
quick,1024,746,337,337,1.0,200
quick,1024,747,336,7131,0.04711821623895667,200
quick,1024,748,336,336,1.0,200
quick,1024,749,336,336,1.0,200
quick,1024,750,336,336,1.0,200
quick,1024,751,336,336,1.0,200
quick,1024,752,335,9831,0.03407588241277591,200
quick,1024,753,335,335,1.0,200
quick,1024,754,335,335,1.0,200
quick,1024,755,334,7416,0.04503775620280474,200
quick,1024,756,333,7825,0.04255591054313099,200
quick,1024,757,333,333,1.0,200
quick,1024,758,332,7567,0.04387471917536672,200
quick,1024,759,331,9212,0.035931393834129396,200
quick,1024,760,331,331,1.0,200
quick,1024,761,331,331,1.0,200
quick,1024,762,330,8055,0.040968342644320296,200
quick,1024,763,329,10649,0.030894919710770963,200
quick,1024,764,328,7471,0.0439030919555615,200
quick,1024,765,328,328,1.0,200
quick,1024,766,328,328,1.0,200
quick,1024,767,328,328,1.0,200
quick,1024,768,327,9147,0.03574942604132503,200
quick,1024,769,327,327,1.0,200
quick,1024,770,326,7405,0.04402430790006752,200
quick,1024,771,326,326,1.0,200
quick,1024,772,325,8217,0.03955214798588293,200
quick,1024,773,325,325,1.0,200
quick,1024,774,325,325,1.0,200
quick,1024,775,323,19145,0.01687124575607208,200
quick,1024,776,323,323,1.0,200
quick,1024,777,323,323,1.0,200
quick,1024,778,323,323,1.0,200
quick,1024,779,323,323,1.0,200
quick,1024,780,322,7944,0.0405337361530715,200
quick,1024,781,322,322,1.0,200
quick,1024,782,322,322,1.0,200
quick,1024,783,321,9742,0.03295011291315952,200
quick,1024,784,321,321,1.0,200
quick,1024,785,321,321,1.0,200
quick,1024,786,321,321,1.0,200
quick,1024,787,320,9588,0.033375052148518984,200
quick,1024,788,319,9573,0.03332288728716181,200
quick,1024,789,318,7677,0.041422430636967565,200
quick,1024,790,317,10442,0.03035816893315457,200
quick,1024,791,316,8203,0.03852249177130318,200
quick,1024,792,316,316,1.0,200
quick,1024,793,314,17029,0.018439133243290856,200
quick,1024,794,314,314,1.0,200
quick,1024,795,314,314,1.0,200
quick,1024,796,313,10375,0.03016867469879518,200
quick,1024,797,313,313,1.0,200
quick,1024,798,312,10029,0.031109781633263535,200
quick,1024,799,312,312,1.0,200
quick,1024,800,312,312,1.0,200
quick,1024,801,310,17861,0.017356251049773248,200
quick,1024,802,307,23561,0.013030007215313442,200
quick,1024,803,305,16822,0.01813101890381643,200
quick,1024,804,305,305,1.0,200
quick,1024,805,305,305,1.0,200
quick,1024,806,304,8250,0.036848484848484846,200
quick,1024,807,304,304,1.0,200
quick,1024,808,304,304,1.0,200
quick,1024,809,304,304,1.0,200
quick,1024,810,303,10557,0.02870133560670645,200
quick,1024,811,302,9711,0.031098753990320256,200
quick,1024,812,302,302,1.0,200
quick,1024,813,301,8402,0.03582480361818614,200
quick,1024,814,301,301,1.0,200
quick,1024,815,299,19544,0.015298812934916087,200
quick,1024,816,299,299,1.0,200
quick,1024,817,297,15741,0.018867924528301886,200
quick,1024,818,295,20285,0.014542765590337688,200
quick,1024,819,295,295,1.0,200
quick,1024,820,295,295,1.0,200
quick,1024,821,295,295,1.0,200
quick,1024,822,295,295,1.0,200
quick,1024,823,294,8189,0.03590181951398217,200
quick,1024,824,294,294,1.0,200
quick,1024,825,293,9049,0.03237926842745055,200
quick,1024,826,292,9505,0.030720673329826406,200
quick,1024,827,292,292,1.0,200
quick,1024,828,289,25826,0.011190273367923798,200
quick,1024,829,288,10152,0.028368794326241134,200
quick,1024,830,288,288,1.0,200
quick,1024,831,288,288,1.0,200
quick,1024,832,287,8855,0.03241106719367589,200
quick,1024,833,286,10566,0.027067953814120766,200
quick,1024,834,286,286,1.0,200
quick,1024,835,286,286,1.0,200
quick,1024,836,284,17447,0.016277870120937697,200
quick,1024,837,284,284,1.0,200
quick,1024,838,284,284,1.0,200
quick,1024,839,284,284,1.0,200
quick,1024,840,283,8240,0.03434466019417476,200
quick,1024,841,283,283,1.0,200
quick,1024,842,281,19768,0.014214892755969244,200
quick,1024,843,281,281,1.0,200
quick,1024,844,281,281,1.0,200
quick,1024,845,281,281,1.0,200
quick,1024,846,281,281,1.0,200
quick,1024,847,280,7968,0.035140562248995984,200
quick,1024,848,279,8509,0.03278881184628041,200
quick,1024,849,279,279,1.0,200
quick,1024,850,278,8631,0.03220947746495192,200
quick,1024,851,276,19834,0.01391549863870122,200
quick,1024,852,275,8903,0.03088846456250702,200
quick,1024,853,275,275,1.0,200
quick,1024,854,275,275,1.0,200
quick,1024,855,274,8583,0.03192356984737271,200
quick,1024,856,274,274,1.0,200
quick,1024,857,273,9498,0.02874289324068225,200
quick,1024,858,273,273,1.0,200
quick,1024,859,272,9328,0.029159519725557463,200
quick,1024,860,271,9859,0.027487574804746933,200
quick,1024,861,271,271,1.0,200
quick,1024,862,271,271,1.0,200
quick,1024,863,270,9513,0.02838221381267739,200
quick,1024,864,270,270,1.0,200
quick,1024,865,270,270,1.0,200
quick,1024,866,270,270,1.0,200
quick,1024,867,270,270,1.0,200
quick,1024,868,268,18755,0.01428952279392162,200
quick,1024,869,267,8515,0.03135642982971227,200
quick,1024,870,266,9249,0.02875986593145205,200
quick,1024,871,266,266,1.0,200
quick,1024,872,265,8945,0.029625489100055896,200
quick,1024,873,265,265,1.0,200
quick,1024,874,264,9213,0.028655161185281667,200
quick,1024,875,264,264,1.0,200
quick,1024,876,264,264,1.0,200
quick,1024,877,264,264,1.0,200
quick,1024,878,264,264,1.0,200
quick,1024,879,264,264,1.0,200
quick,1024,880,264,264,1.0,200
quick,1024,881,264,264,1.0,200
quick,1024,882,262,17819,0.014703406476233234,200
quick,1024,883,262,262,1.0,200
quick,1024,884,259,30050,0.008618968386023294,200
quick,1024,885,258,9867,0.02614776527820006,200
quick,1024,886,257,8812,0.029164775306400364,200
quick,1024,887,257,257,1.0,200
quick,1024,888,257,257,1.0,200
quick,1024,889,257,257,1.0,200
quick,1024,890,257,257,1.0,200
quick,1024,891,257,257,1.0,200
quick,1024,892,257,257,1.0,200
quick,1024,893,257,257,1.0,200
quick,1024,894,256,9915,0.025819465456379222,200
quick,1024,895,256,256,1.0,200
quick,1024,896,256,256,1.0,200
quick,1024,897,256,256,1.0,200
quick,1024,898,256,256,1.0,200
quick,1024,899,255,10457,0.024385579037965,200
quick,1024,900,254,10098,0.025153495741731036,200
quick,1024,901,252,18709,0.013469453204340157,200
quick,1024,902,251,9088,0.027618838028169015,200
quick,1024,903,251,251,1.0,200
quick,1024,904,250,9286,0.02692224854619858,200
quick,1024,905,249,8555,0.029105786090005845,200
quick,1024,906,249,249,1.0,200
quick,1024,907,249,249,1.0,200
quick,1024,908,249,249,1.0,200
quick,1024,909,249,249,1.0,200
quick,1024,910,249,249,1.0,200
quick,1024,911,249,249,1.0,200
quick,1024,912,246,28000,0.008785714285714286,200
quick,1024,913,245,9021,0.027158851568562244,200
quick,1024,914,244,10107,0.024141683981399032,200
quick,1024,915,243,9310,0.026100966702470463,200
quick,1024,916,243,243,1.0,200
quick,1024,917,243,243,1.0,200
quick,1024,918,243,243,1.0,200
quick,1024,919,243,243,1.0,200
quick,1024,920,242,9808,0.02467373572593801,200
quick,1024,921,241,9589,0.025132964855563666,200
quick,1024,922,240,10882,0.02205476934387061,200
quick,1024,923,240,240,1.0,200
quick,1024,924,240,240,1.0,200
quick,1024,925,239,9987,0.02393111044357665,200
quick,1024,926,238,10209,0.023312763248114408,200
quick,1024,927,237,9398,0.025218131517344117,200
quick,1024,928,237,237,1.0,200
quick,1024,929,237,237,1.0,200
quick,1024,930,237,237,1.0,200
quick,1024,931,237,237,1.0,200
quick,1024,932,236,9291,0.025400925626950812,200
quick,1024,933,234,19130,0.012232096184004181,200
quick,1024,934,234,234,1.0,200
quick,1024,935,234,234,1.0,200
quick,1024,936,233,9930,0.023464249748237662,200
quick,1024,937,232,9881,0.023479404918530514,200
quick,1024,938,232,232,1.0,200
quick,1024,939,231,9895,0.023345123799898938,200
quick,1024,940,230,10436,0.022039095438865466,200
quick,1024,941,230,230,1.0,200
quick,1024,942,229,10671,0.02146003186205604,200
quick,1024,943,229,229,1.0,200
quick,1024,944,229,229,1.0,200
quick,1024,945,228,10604,0.02150132025650698,200
quick,1024,946,228,228,1.0,200
quick,1024,947,228,228,1.0,200
quick,1024,948,227,10545,0.02152678994784258,200
quick,1024,949,227,227,1.0,200
quick,1024,950,227,227,1.0,200
quick,1024,951,227,227,1.0,200
quick,1024,952,227,227,1.0,200
quick,1024,953,224,30477,0.007349804770810775,200
quick,1024,954,224,224,1.0,200
quick,1024,955,224,224,1.0,200
quick,1024,956,223,10893,0.02047186266409621,200
quick,1024,957,223,223,1.0,200
quick,1024,958,222,10568,0.021006813020439063,200
quick,1024,959,221,9056,0.024403710247349823,200
quick,1024,960,220,11132,0.019762845849802372,200
quick,1024,961,218,19648,0.011095276872964169,200
quick,1024,962,218,218,1.0,200
quick,1024,963,216,20227,0.01067879566915509,200
quick,1024,964,216,216,1.0,200
quick,1024,965,216,216,1.0,200
quick,1024,966,215,9697,0.022171805713107146,200
quick,1024,967,215,215,1.0,200
quick,1024,968,213,21397,0.009954666542038604,200
quick,1024,969,213,213,1.0,200
quick,1024,970,213,213,1.0,200
quick,1024,971,213,213,1.0,200
quick,1024,972,213,213,1.0,200
quick,1024,973,213,213,1.0,200
quick,1024,974,213,213,1.0,200
quick,1024,975,213,213,1.0,200
quick,1024,976,213,213,1.0,200
quick,1024,977,213,213,1.0,200
quick,1024,978,213,213,1.0,200
quick,1024,979,212,10698,0.01981678818470742,200
quick,1024,980,212,212,1.0,200
quick,1024,981,212,212,1.0,200
quick,1024,982,212,212,1.0,200
quick,1024,983,211,10929,0.019306432427486503,200
quick,1024,984,211,211,1.0,200
quick,1024,985,211,211,1.0,200
quick,1024,986,211,211,1.0,200
quick,1024,987,211,211,1.0,200
quick,1024,988,211,211,1.0,200
quick,1024,989,211,211,1.0,200
quick,1024,990,210,9748,0.021542880590890438,200
quick,1024,991,210,210,1.0,200
quick,1024,992,210,210,1.0,200
quick,1024,993,210,210,1.0,200
quick,1024,994,209,9545,0.02189628077527501,200
quick,1024,995,209,209,1.0,200
quick,1024,996,209,209,1.0,200
quick,1024,997,207,20743,0.009979270115219593,200
quick,1024,998,207,207,1.0,200
quick,1024,999,207,207,1.0,200
quick,1024,1000,207,207,1.0,200
quick,1024,1001,207,207,1.0,200
quick,1024,1002,206,9881,0.02084809229835037,200
quick,1024,1003,206,206,1.0,200
quick,1024,1004,206,206,1.0,200
quick,1024,1005,206,206,1.0,200
quick,1024,1006,206,206,1.0,200
quick,1024,1007,206,206,1.0,200
quick,1024,1008,206,206,1.0,200
quick,1024,1009,206,206,1.0,200
quick,1024,1010,206,206,1.0,200
quick,1024,1011,204,21932,0.009301477293452489,200
quick,1024,1012,204,204,1.0,200
quick,1024,1013,203,11411,0.017789851897292087,200
quick,1024,1014,202,10447,0.019335694457739062,200
quick,1024,1015,202,202,1.0,200
quick,1024,1016,202,202,1.0,200
quick,1024,1017,202,202,1.0,200
quick,1024,1018,202,202,1.0,200
quick,1024,1019,202,202,1.0,200
quick,1024,1020,202,202,1.0,200
quick,1024,1021,202,202,1.0,200
quick,1024,1022,201,10479,0.019181219582021184,200
quick,1024,1023,110,961876,0.00011435985511645992,200
quick,1024,1024,0,1155907,0.0,110
quick-dual-pivot,128,0,25600,2604300,0.009829896709288485,200
quick-dual-pivot,128,1,25600,3063605,0.008356168631399936,200
quick-dual-pivot,128,2,25591,5145143,0.004973817054258744,200
quick-dual-pivot,128,3,25489,1605396,0.015877079549220255,200
quick-dual-pivot,128,4,25073,1374578,0.01824050726841256,200
quick-dual-pivot,128,5,24052,843565,0.028512325665479246,200
quick-dual-pivot,128,6,22017,881654,0.024972381455763824,200
quick-dual-pivot,128,7,19045,907920,0.02097651775486827,200
quick-dual-pivot,128,8,15646,926839,0.016881033275466396,200
quick-dual-pivot,128,9,12316,860171,0.0143180832648392,200
quick-dual-pivot,128,10,9590,669086,0.014332985595274747,200
quick-dual-pivot,128,11,7441,501393,0.014840653938128374,200
quick-dual-pivot,128,12,6035,323788,0.018638738927940504,200
quick-dual-pivot,128,13,5044,235149,0.021450229429000336,200
quick-dual-pivot,128,14,4358,162190,0.026869720697946853,200
quick-dual-pivot,128,15,3817,131785,0.02896384262245324,200
quick-dual-pivot,128,16,3416,101041,0.03380805811502261,200
quick-dual-pivot,128,17,3093,85058,0.03636342260575137,200
quick-dual-pivot,128,18,2847,63872,0.044573522044088175,200
quick-dual-pivot,128,19,2627,62025,0.04235388956066102,200
quick-dual-pivot,128,20,2448,52361,0.04675235385114876,200
quick-dual-pivot,128,21,2310,39718,0.058160028198801554,200
quick-dual-pivot,128,22,2174,40163,0.05412942260289321,200
quick-dual-pivot,128,23,2060,33806,0.06093592853339644,200
quick-dual-pivot,128,24,1970,28025,0.07029438001784122,200
quick-dual-pivot,128,25,1849,38015,0.04863869525187426,200
quick-dual-pivot,128,26,1775,24124,0.07357817940640027,200
quick-dual-pivot,128,27,1692,28365,0.05965097831835008,200
quick-dual-pivot,128,28,1615,27148,0.059488728451451305,200
quick-dual-pivot,128,29,1548,21963,0.07048217456631607,200
quick-dual-pivot,128,30,1489,16766,0.08881068829774544,200
quick-dual-pivot,128,31,1428,18738,0.07620877361511368,200
quick-dual-pivot,128,32,1372,20207,0.06789726332459049,200
quick-dual-pivot,128,33,1306,21967,0.059452815587016886,200
quick-dual-pivot,128,34,1259,16426,0.0766467794959211,200
quick-dual-pivot,128,35,1211,17023,0.07113904717147389,200
quick-dual-pivot,128,36,1165,18184,0.06406731192256929,200
quick-dual-pivot,128,37,1126,13546,0.08312416949653034,200
quick-dual-pivot,128,38,1083,15673,0.06909972564282524,200
quick-dual-pivot,128,39,1035,16253,0.06368055128284009,200
quick-dual-pivot,128,40,1005,13143,0.07646656014608537,200
quick-dual-pivot,128,41,975,12521,0.077869179777973,200
quick-dual-pivot,128,42,956,7595,0.12587228439763,200
quick-dual-pivot,128,43,926,12873,0.07193350423366737,200
quick-dual-pivot,128,44,899,10445,0.08606988989947344,200
quick-dual-pivot,128,45,873,11706,0.07457713992824193,200
quick-dual-pivot,128,46,854,9077,0.09408394844111491,200
quick-dual-pivot,128,47,829,9729,0.08520916846541268,200
quick-dual-pivot,128,48,807,8314,0.09706519124368534,200
quick-dual-pivot,128,49,791,6653,0.11889373215090937,200
quick-dual-pivot,128,50,770,9881,0.07792733528995041,200
quick-dual-pivot,128,51,755,7811,0.0966585584432211,200
quick-dual-pivot,128,52,737,7766,0.09490084985835694,200
quick-dual-pivot,128,53,719,8449,0.08509882826369984,200
quick-dual-pivot,128,54,697,9082,0.07674521030609997,200
quick-dual-pivot,128,55,677,9157,0.073932510647592,200
quick-dual-pivot,128,56,659,8009,0.08228243226370334,200
quick-dual-pivot,128,57,646,6352,0.10170025188916877,200
quick-dual-pivot,128,58,626,8992,0.06961743772241993,200
quick-dual-pivot,128,59,614,5633,0.10900053257589207,200
quick-dual-pivot,128,60,602,6136,0.09810951760104303,200
quick-dual-pivot,128,61,591,5461,0.1082219373741073,200
quick-dual-pivot,128,62,582,5332,0.109152288072018,200
quick-dual-pivot,128,63,567,7070,0.0801980198019802,200
quick-dual-pivot,128,64,553,7120,0.0776685393258427,200
quick-dual-pivot,128,65,543,5989,0.09066622140591084,200
quick-dual-pivot,128,66,526,8029,0.06551251712542035,200
quick-dual-pivot,128,67,519,3709,0.139929900242653,200
quick-dual-pivot,128,68,511,3902,0.1309584828293183,200
quick-dual-pivot,128,69,494,8246,0.059907834101382486,200
quick-dual-pivot,128,70,485,5298,0.09154397885994715,200
quick-dual-pivot,128,71,471,7476,0.0630016051364366,200
quick-dual-pivot,128,72,464,4234,0.1095890410958904,200
quick-dual-pivot,128,73,452,6218,0.07269218398198778,200
quick-dual-pivot,128,74,444,5363,0.08278948349804215,200
quick-dual-pivot,128,75,438,3773,0.11608799363901405,200
quick-dual-pivot,128,76,428,5966,0.0717398592021455,200
quick-dual-pivot,128,77,424,2698,0.15715344699777614,200
quick-dual-pivot,128,78,412,6993,0.05891605891605892,200
quick-dual-pivot,128,79,404,5098,0.07924676343664182,200
quick-dual-pivot,128,80,392,6658,0.05887653950135176,200
quick-dual-pivot,128,81,385,4181,0.09208323367615404,200
quick-dual-pivot,128,82,379,3630,0.10440771349862259,200
quick-dual-pivot,128,83,370,5468,0.06766642282370154,200
quick-dual-pivot,128,84,365,3339,0.10931416591793951,200
quick-dual-pivot,128,85,361,2929,0.12325025606008877,200
quick-dual-pivot,128,86,355,3825,0.09281045751633987,200
quick-dual-pivot,128,87,349,4074,0.0856651939126166,200
quick-dual-pivot,128,88,345,3143,0.10976773783009863,200
quick-dual-pivot,128,89,338,4597,0.07352621274744399,200
quick-dual-pivot,128,90,331,4970,0.06659959758551308,200
quick-dual-pivot,128,91,325,3700,0.08783783783783784,200
quick-dual-pivot,128,92,321,3010,0.10664451827242524,200
quick-dual-pivot,128,93,316,3701,0.08538232910024318,200
quick-dual-pivot,128,94,311,3311,0.09392932648746602,200
quick-dual-pivot,128,95,308,2114,0.1456953642384106,200
quick-dual-pivot,128,96,300,5107,0.05874290189935383,200
quick-dual-pivot,128,97,292,5320,0.05488721804511278,200
quick-dual-pivot,128,98,289,2415,0.11966873706004141,200
quick-dual-pivot,128,99,286,2205,0.12970521541950114,200
quick-dual-pivot,128,100,275,7111,0.0386724792574884,200
quick-dual-pivot,128,101,268,4703,0.05698490325324261,198
quick-dual-pivot,128,102,264,2655,0.09943502824858758,197
quick-dual-pivot,128,103,263,1091,0.24106324472960586,196
quick-dual-pivot,128,104,254,5853,0.04339654877840424,196
quick-dual-pivot,128,105,246,5152,0.047748447204968944,194
quick-dual-pivot,128,106,240,3951,0.060744115413819286,192
quick-dual-pivot,128,107,234,4088,0.05724070450097847,191
quick-dual-pivot,128,108,225,5889,0.038206826286296486,188
quick-dual-pivot,128,109,222,2231,0.09950694755714926,182
quick-dual-pivot,128,110,213,5801,0.03671780727460783,181
quick-dual-pivot,128,111,205,5249,0.03905505810630596,176
quick-dual-pivot,128,112,197,5043,0.039064049177077134,174
quick-dual-pivot,128,113,188,5944,0.031628532974428,168
quick-dual-pivot,128,114,179,6078,0.02945047713063508,163
quick-dual-pivot,128,115,171,5038,0.03394204049225883,158
quick-dual-pivot,128,116,162,5774,0.02805680637339799,152
quick-dual-pivot,128,117,156,3837,0.040656763096168884,145
quick-dual-pivot,128,118,143,8211,0.01741566191694069,141
quick-dual-pivot,128,119,129,9055,0.01424627277747101,133
quick-dual-pivot,128,120,119,6730,0.017682020802377414,121
quick-dual-pivot,128,121,100,12072,0.00828363154406892,114
quick-dual-pivot,128,122,89,7246,0.012282638697212255,99
quick-dual-pivot,128,123,81,5109,0.015854374633000587,89
quick-dual-pivot,128,124,64,11213,0.005707660750914117,81
quick-dual-pivot,128,125,51,8603,0.005928164593746368,64
quick-dual-pivot,128,126,35,10658,0.0032839181835241133,51
quick-dual-pivot,128,127,0,24582,0.0,35
quick-dual-pivot,256,0,51200,10300547,0.00497060981324584,200
quick-dual-pivot,256,1,51199,15020940,0.0034085083889556847,200
quick-dual-pivot,256,2,51195,22690034,0.0022562769187564904,200
quick-dual-pivot,256,3,51123,8224610,0.006215857043677451,200
quick-dual-pivot,256,4,50860,6665557,0.007630270058451229,200
quick-dual-pivot,256,5,50057,3498435,0.014308397897917212,200
quick-dual-pivot,256,6,48091,3338054,0.014406896952535818,200
quick-dual-pivot,256,7,44540,3361829,0.013248740492154716,200
quick-dual-pivot,256,8,39425,3884491,0.01014933488068321,200
quick-dual-pivot,256,9,33450,4141394,0.008076990501265998,200
quick-dual-pivot,256,10,27178,4077429,0.006665474739106432,200
quick-dual-pivot,256,11,21540,3583806,0.006010369980964371,200
quick-dual-pivot,256,12,17065,2768059,0.006164969749560974,200
quick-dual-pivot,256,13,13707,2084037,0.006577138505698315,200
quick-dual-pivot,256,14,11333,1441094,0.007864164308504512,200
quick-dual-pivot,256,15,9608,1047986,0.009168061405400454,200
quick-dual-pivot,256,16,8352,786282,0.010622143200531108,200
quick-dual-pivot,256,17,7458,570641,0.013069513056369941,200
quick-dual-pivot,256,18,6784,441173,0.015377187633876053,200
quick-dual-pivot,256,19,6223,355985,0.017481073640743288,200
quick-dual-pivot,256,20,5747,313700,0.018320051004144088,200
quick-dual-pivot,256,21,5356,258941,0.020684248535380645,200
quick-dual-pivot,256,22,5031,211722,0.02376229206223255,200
quick-dual-pivot,256,23,4744,203282,0.023337039186942278,200
quick-dual-pivot,256,24,4505,160117,0.028135675787080698,200
quick-dual-pivot,256,25,4249,175728,0.024179413639260676,200
quick-dual-pivot,256,26,4047,136513,0.02964552826470739,200
quick-dual-pivot,256,27,3843,145049,0.026494494963770862,200
quick-dual-pivot,256,28,3673,124000,0.029620967741935483,200
quick-dual-pivot,256,29,3516,107189,0.03280187332655403,200
quick-dual-pivot,256,30,3356,113990,0.02944117905079393,200
quick-dual-pivot,256,31,3219,101412,0.031741805703467046,200
quick-dual-pivot,256,32,3099,94922,0.03264785824150355,200
quick-dual-pivot,256,33,2978,92200,0.032299349240780914,200
quick-dual-pivot,256,34,2868,77030,0.03723224717642477,200
quick-dual-pivot,256,35,2759,76570,0.03603238866396761,200
quick-dual-pivot,256,36,2665,69363,0.03842106021942534,200
quick-dual-pivot,256,37,2598,55775,0.04658000896458987,200
quick-dual-pivot,256,38,2510,67144,0.03738234242821399,200
quick-dual-pivot,256,39,2420,69891,0.03462534518035226,200
quick-dual-pivot,256,40,2348,54364,0.04319034655286587,200
quick-dual-pivot,256,41,2296,44760,0.05129579982126899,200
quick-dual-pivot,256,42,2224,55472,0.0400922988174214,200
quick-dual-pivot,256,43,2167,38045,0.05695886450256275,200
quick-dual-pivot,256,44,2105,51925,0.0405392392874338,200
quick-dual-pivot,256,45,2058,33359,0.06169249677748134,200
quick-dual-pivot,256,46,2010,39217,0.051253283015019,200
quick-dual-pivot,256,47,1963,36504,0.053774928774928774,200
quick-dual-pivot,256,48,1913,39227,0.048767430596272976,200
quick-dual-pivot,256,49,1875,31341,0.05982578730736097,200
quick-dual-pivot,256,50,1822,38267,0.04761282567225024,200
quick-dual-pivot,256,51,1783,37789,0.047183042684379055,200
quick-dual-pivot,256,52,1730,43561,0.03971442345217052,200
quick-dual-pivot,256,53,1688,31588,0.05343801443586172,200
quick-dual-pivot,256,54,1640,40326,0.04066855130684918,200
quick-dual-pivot,256,55,1604,34964,0.04587575792243451,200
quick-dual-pivot,256,56,1571,28058,0.05599116116615582,200
quick-dual-pivot,256,57,1540,26451,0.058220861215076934,200
quick-dual-pivot,256,58,1500,31096,0.04823771546179573,200
quick-dual-pivot,256,59,1460,35482,0.04114762414745505,200
quick-dual-pivot,256,60,1424,29292,0.048613956028949884,200
quick-dual-pivot,256,61,1397,21097,0.0662179456794805,200
quick-dual-pivot,256,62,1364,29424,0.046356715606307775,200
quick-dual-pivot,256,63,1336,26009,0.05136683455726864,200
quick-dual-pivot,256,64,1310,23570,0.05557912600763683,200
quick-dual-pivot,256,65,1285,22715,0.056570548095971826,200
quick-dual-pivot,256,66,1249,34939,0.035748017974183574,200
quick-dual-pivot,256,67,1233,16406,0.07515543093990004,200
quick-dual-pivot,256,68,1214,17979,0.06752322153623672,200
quick-dual-pivot,256,69,1195,19691,0.06068762378751714,200
quick-dual-pivot,256,70,1182,13315,0.08877206158467893,200
quick-dual-pivot,256,71,1162,21957,0.05292161952907957,200
quick-dual-pivot,256,72,1141,19672,0.05800122000813339,200
quick-dual-pivot,256,73,1117,21765,0.05132092809556628,200
quick-dual-pivot,256,74,1092,26647,0.04098022291439937,200
quick-dual-pivot,256,75,1070,19651,0.05445015520838634,200
quick-dual-pivot,256,76,1047,21226,0.04932629793649298,200
quick-dual-pivot,256,77,1030,19010,0.054182009468700686,200
quick-dual-pivot,256,78,1020,11942,0.08541282867191426,200
quick-dual-pivot,256,79,1003,17179,0.058385237790325395,200
quick-dual-pivot,256,80,993,9886,0.10044507384179648,200
quick-dual-pivot,256,81,974,20178,0.04827039349786896,200
quick-dual-pivot,256,82,957,16732,0.05719579249342577,200
quick-dual-pivot,256,83,944,13119,0.07195670401707448,200
quick-dual-pivot,256,84,928,14239,0.06517311608961303,200
quick-dual-pivot,256,85,917,12269,0.0747412177031543,200
quick-dual-pivot,256,86,900,18798,0.047877433769549956,200
quick-dual-pivot,256,87,891,11941,0.07461686625910728,200
quick-dual-pivot,256,88,881,10725,0.08214452214452214,200
quick-dual-pivot,256,89,864,18995,0.045485654119505135,200
quick-dual-pivot,256,90,854,12580,0.06788553259141494,200
quick-dual-pivot,256,91,844,13151,0.06417762907763667,200
quick-dual-pivot,256,92,833,9232,0.09022963604852687,200
quick-dual-pivot,256,93,824,10199,0.08079223453279734,200
quick-dual-pivot,256,94,813,12248,0.06637818419333769,200
quick-dual-pivot,256,95,802,11385,0.07044356609574001,200
quick-dual-pivot,256,96,796,5436,0.14643119941133187,200
quick-dual-pivot,256,97,782,16440,0.0475669099756691,200
quick-dual-pivot,256,98,771,12344,0.06245949449125081,200
quick-dual-pivot,256,99,764,7863,0.09716393234134554,200
quick-dual-pivot,256,100,759,5091,0.14908662345315263,200
quick-dual-pivot,256,101,746,14582,0.05115896310519819,200
quick-dual-pivot,256,102,740,7455,0.09926224010731052,200
quick-dual-pivot,256,103,732,9740,0.07515400410677618,200
quick-dual-pivot,256,104,721,13854,0.05204273134112892,200
quick-dual-pivot,256,105,710,14065,0.05047991468183434,200
quick-dual-pivot,256,106,707,4311,0.16399907214103457,200
quick-dual-pivot,256,107,696,12885,0.054016298020954596,200
quick-dual-pivot,256,108,688,9110,0.07552140504939626,200
quick-dual-pivot,256,109,678,12906,0.052533705253370526,200
quick-dual-pivot,256,110,675,4358,0.15488756310234053,200
quick-dual-pivot,256,111,668,9213,0.07250624118093997,200
quick-dual-pivot,256,112,658,10411,0.06320238209586015,200
quick-dual-pivot,256,113,648,11143,0.05815310060127434,200
quick-dual-pivot,256,114,642,7364,0.08718087995654536,200
quick-dual-pivot,256,115,635,8533,0.07441696941286768,200
quick-dual-pivot,256,116,630,7266,0.08670520231213873,200
quick-dual-pivot,256,117,622,9059,0.06866100011038746,200
quick-dual-pivot,256,118,614,10654,0.05763093673737563,200
quick-dual-pivot,256,119,606,8067,0.07512086277426552,200
quick-dual-pivot,256,120,602,6306,0.09546463685379004,200
quick-dual-pivot,256,121,593,10243,0.05789319535292395,200
quick-dual-pivot,256,122,590,3978,0.14831573655103067,200
quick-dual-pivot,256,123,578,15164,0.03811659192825112,200
quick-dual-pivot,256,124,571,8749,0.06526460166876215,200
quick-dual-pivot,256,125,560,15063,0.03717718913894975,200
quick-dual-pivot,256,126,558,3301,0.16903968494395638,200
quick-dual-pivot,256,127,554,6729,0.08233021251300342,200
quick-dual-pivot,256,128,551,4456,0.12365350089766607,200
quick-dual-pivot,256,129,542,11125,0.0487191011235955,200
quick-dual-pivot,256,130,534,10593,0.05041064854148966,200
quick-dual-pivot,256,131,529,7372,0.07175800325556159,200
quick-dual-pivot,256,132,523,8409,0.0621952669758592,200
quick-dual-pivot,256,133,518,6903,0.07503983775170216,200
quick-dual-pivot,256,134,516,3465,0.14891774891774892,200
quick-dual-pivot,256,135,510,8041,0.06342494714587738,200
quick-dual-pivot,256,136,509,2497,0.2038446135362435,200
quick-dual-pivot,256,137,505,4733,0.10669765476442003,200
quick-dual-pivot,256,138,503,3870,0.12997416020671834,200
quick-dual-pivot,256,139,496,9067,0.05470387118120657,200
quick-dual-pivot,256,140,493,4627,0.10654851955910957,200
quick-dual-pivot,256,141,488,5998,0.08136045348449483,200
quick-dual-pivot,256,142,483,7968,0.06061746987951807,200
quick-dual-pivot,256,143,481,2439,0.1972119721197212,200
quick-dual-pivot,256,144,476,8110,0.05869297163995068,200
quick-dual-pivot,256,145,473,4984,0.09490369181380418,200
quick-dual-pivot,256,146,472,2601,0.18146866589773164,200
quick-dual-pivot,256,147,466,7182,0.06488443330548593,200
quick-dual-pivot,256,148,460,7547,0.06095137140585663,200
quick-dual-pivot,256,149,451,11586,0.03892629035042292,200
quick-dual-pivot,256,150,449,2849,0.1575991575991576,200
quick-dual-pivot,256,151,445,5814,0.07653938768489853,200
quick-dual-pivot,256,152,440,6868,0.064065230052417,200
quick-dual-pivot,256,153,437,4474,0.09767545820295039,200
quick-dual-pivot,256,154,431,6910,0.06237337192474674,200
quick-dual-pivot,256,155,422,11444,0.03687521845508564,200
quick-dual-pivot,256,156,418,6183,0.06760472262655669,200
quick-dual-pivot,256,157,411,10581,0.038843209526509784,200
quick-dual-pivot,256,158,405,9097,0.04452017148510498,200
quick-dual-pivot,256,159,400,8089,0.04944987019409074,200
quick-dual-pivot,256,160,399,2265,0.176158940397351,200
quick-dual-pivot,256,161,393,8471,0.04639357808995396,200
quick-dual-pivot,256,162,389,6041,0.0643933123655024,200
quick-dual-pivot,256,163,385,6505,0.05918524212144504,200
quick-dual-pivot,256,164,383,2891,0.13248011068834314,200
quick-dual-pivot,256,165,381,3260,0.11687116564417178,200
quick-dual-pivot,256,166,377,6492,0.05807147258163894,200
quick-dual-pivot,256,167,375,3278,0.11439902379499695,200
quick-dual-pivot,256,168,372,4494,0.08277703604806408,200
quick-dual-pivot,256,169,370,3072,0.12044270833333333,200
quick-dual-pivot,256,170,365,7219,0.05056101953179111,200
quick-dual-pivot,256,171,361,5836,0.06185743660041124,200
quick-dual-pivot,256,172,358,4635,0.07723840345199569,200
quick-dual-pivot,256,173,357,2325,0.15354838709677418,200
quick-dual-pivot,256,174,357,639,0.5586854460093896,200
quick-dual-pivot,256,175,352,7311,0.048146628368212284,200
quick-dual-pivot,256,176,351,2248,0.1561387900355872,200
quick-dual-pivot,256,177,351,638,0.5501567398119123,200
quick-dual-pivot,256,178,350,2201,0.15901862789641072,200
quick-dual-pivot,256,179,348,3697,0.09413037598052475,200
quick-dual-pivot,256,180,344,6318,0.05444761000316556,200
quick-dual-pivot,256,181,340,6531,0.05205940897259225,200
quick-dual-pivot,256,182,338,3573,0.09459837671424573,200
quick-dual-pivot,256,183,335,5011,0.06685292356815006,200
quick-dual-pivot,256,184,335,582,0.5756013745704467,200
quick-dual-pivot,256,185,332,4919,0.06749339296605002,200
quick-dual-pivot,256,186,323,12831,0.025173408152131555,200
quick-dual-pivot,256,187,320,4258,0.0751526538280883,200
quick-dual-pivot,256,188,318,3595,0.08845618915159945,200
quick-dual-pivot,256,189,315,4905,0.06422018348623854,200
quick-dual-pivot,256,190,312,4901,0.0636604774535809,200
quick-dual-pivot,256,191,309,4647,0.06649451258876694,200
quick-dual-pivot,256,192,309,534,0.5786516853932584,200
quick-dual-pivot,256,193,304,8140,0.03734643734643735,200
quick-dual-pivot,256,194,301,4571,0.06584992343032159,200
quick-dual-pivot,256,195,297,6194,0.047949628672909264,200
quick-dual-pivot,256,196,294,5161,0.056965704320868046,199
quick-dual-pivot,256,197,287,11054,0.025963452144020262,199
quick-dual-pivot,256,198,284,5064,0.05608214849921011,199
quick-dual-pivot,256,199,278,9335,0.02978039635779325,198
quick-dual-pivot,256,200,276,3454,0.07990735379270411,198
quick-dual-pivot,256,201,275,1947,0.14124293785310735,198
quick-dual-pivot,256,202,271,6115,0.04431725265739984,198
quick-dual-pivot,256,203,264,11353,0.02325376552453096,197
quick-dual-pivot,256,204,261,5092,0.051256873527101336,197
quick-dual-pivot,256,205,257,6437,0.039925431101444774,196
quick-dual-pivot,256,206,254,4962,0.051189036678758564,196
quick-dual-pivot,256,207,253,2026,0.12487660414610069,195
quick-dual-pivot,256,208,250,4599,0.05435964340073929,194
quick-dual-pivot,256,209,246,6203,0.0396582298887635,193
quick-dual-pivot,256,210,244,3613,0.0675339053418212,191
quick-dual-pivot,256,211,242,3417,0.07082235879426398,191
quick-dual-pivot,256,212,241,1967,0.12252160650737164,189
quick-dual-pivot,256,213,237,6241,0.0379746835443038,189
quick-dual-pivot,256,214,233,6433,0.036219493237991604,189
quick-dual-pivot,256,215,229,6526,0.03509040760036776,187
quick-dual-pivot,256,216,228,1772,0.12866817155756208,186
quick-dual-pivot,256,217,223,7882,0.028292311596041612,186
quick-dual-pivot,256,218,220,4991,0.044079342817070724,185
quick-dual-pivot,256,219,217,4998,0.04341736694677871,184
quick-dual-pivot,256,220,211,9693,0.021768286392241824,182
quick-dual-pivot,256,221,209,3728,0.056062231759656654,181
quick-dual-pivot,256,222,204,7858,0.025960804275897174,180
quick-dual-pivot,256,223,198,9456,0.020939086294416244,177
quick-dual-pivot,256,224,192,9819,0.01955392606171708,173
quick-dual-pivot,256,225,187,7888,0.023706896551724137,169
quick-dual-pivot,256,226,185,3323,0.05567258501354198,165
quick-dual-pivot,256,227,182,4972,0.03660498793242156,163
quick-dual-pivot,256,228,179,4884,0.03665028665028665,161
quick-dual-pivot,256,229,174,7861,0.02213458847474876,158
quick-dual-pivot,256,230,170,6678,0.025456723569931117,153
quick-dual-pivot,256,231,166,6553,0.0253319090492904,149
quick-dual-pivot,256,232,164,3315,0.04947209653092006,146
quick-dual-pivot,256,233,162,3357,0.04825737265415549,144
quick-dual-pivot,256,234,160,3444,0.04645760743321719,142
quick-dual-pivot,256,235,155,8539,0.01815200843190069,140
quick-dual-pivot,256,236,151,6537,0.023099281015756465,138
quick-dual-pivot,256,237,144,11147,0.012918273975060554,136
quick-dual-pivot,256,238,141,4935,0.02857142857142857,131
quick-dual-pivot,256,239,136,8734,0.01557133043279139,128
quick-dual-pivot,256,240,131,8544,0.015332397003745318,126
quick-dual-pivot,256,241,127,6539,0.019421929958709283,122
quick-dual-pivot,256,242,123,6458,0.019046144317126045,119
quick-dual-pivot,256,243,117,10361,0.011292346298619825,116
quick-dual-pivot,256,244,112,8233,0.013603789627110409,111
quick-dual-pivot,256,245,107,8069,0.013260627091337216,107
quick-dual-pivot,256,246,101,9879,0.010223706852920336,102
quick-dual-pivot,256,247,94,11766,0.007989121196668366,97
quick-dual-pivot,256,248,89,8038,0.01107240607116198,90
quick-dual-pivot,256,249,80,14643,0.005463361333060165,85
quick-dual-pivot,256,250,70,16674,0.0041981528127623844,77
quick-dual-pivot,256,251,59,18200,0.003241758241758242,69
quick-dual-pivot,256,252,47,19652,0.002391614085080399,59
quick-dual-pivot,256,253,34,21800,0.0015596330275229357,47
quick-dual-pivot,256,254,20,23711,0.0008434903631226013,34
quick-dual-pivot,256,255,0,35117,0.0,20
quick-dual-pivot,512,0,102400,40305215,0.002540614161219584,200
quick-dual-pivot,512,1,102400,68347768,0.0014982201028130135,200
quick-dual-pivot,512,2,102395,100946838,0.001014345788621928,200
quick-dual-pivot,512,3,102366,40588680,0.002522033236853231,200
quick-dual-pivot,512,4,102147,31654660,0.003226918248371646,200
quick-dual-pivot,512,5,101519,16835480,0.006030062700914973,200
quick-dual-pivot,512,6,99855,13467144,0.007414712429004992,200
quick-dual-pivot,512,7,96311,11306560,0.008518152293889565,200
quick-dual-pivot,512,8,90346,13215397,0.006836419670177143,200
quick-dual-pivot,512,9,81516,15694850,0.00519380561139482,200
quick-dual-pivot,512,10,70801,18175924,0.0038953177841192558,200
quick-dual-pivot,512,11,59447,18431484,0.003225296454696757,200
quick-dual-pivot,512,12,48570,17473679,0.0027796092625943284,200
quick-dual-pivot,512,13,38740,15384194,0.0025181689726481607,200
quick-dual-pivot,512,14,31237,11559748,0.0027022215363172275,200
quick-dual-pivot,512,15,25476,8875094,0.002870504808174426,200
quick-dual-pivot,512,16,21245,6505211,0.0032658433369801535,200
quick-dual-pivot,512,17,18184,4787127,0.0037985204904737225,200
quick-dual-pivot,512,18,16020,3382650,0.004735931887721165,200
quick-dual-pivot,512,19,14444,2361675,0.006115998179258365,200
quick-dual-pivot,512,20,13140,1939251,0.006775811898511333,200
quick-dual-pivot,512,21,12138,1626748,0.007461512170293125,200
quick-dual-pivot,512,22,11256,1376696,0.008176096974204908,200
quick-dual-pivot,512,23,10519,1202440,0.008748045640530921,200
quick-dual-pivot,512,24,9922,941844,0.010534653297148998,200
quick-dual-pivot,512,25,9347,891695,0.010482283740516657,200
quick-dual-pivot,512,26,8847,837740,0.010560555781029914,200
quick-dual-pivot,512,27,8418,724307,0.0116221436490328,200
quick-dual-pivot,512,28,8036,607844,0.013220497364455354,200
quick-dual-pivot,512,29,7719,523752,0.014737891215689868,200
quick-dual-pivot,512,30,7387,546349,0.013520661701586348,200
quick-dual-pivot,512,31,7081,474714,0.01491634963367417,200
quick-dual-pivot,512,32,6786,479260,0.01415932896548846,200
quick-dual-pivot,512,33,6534,392760,0.016636113657195233,200
quick-dual-pivot,512,34,6277,441357,0.014222047005032207,200
quick-dual-pivot,512,35,6073,345096,0.017598001715464683,200
quick-dual-pivot,512,36,5853,381621,0.015337206285817605,200
quick-dual-pivot,512,37,5634,379878,0.014831077345884732,200
quick-dual-pivot,512,38,5455,273059,0.019977367528629345,200
quick-dual-pivot,512,39,5286,284824,0.018558829312136618,200
quick-dual-pivot,512,40,5146,238160,0.02160732280819617,200
quick-dual-pivot,512,41,4984,262781,0.018966363625985135,200
quick-dual-pivot,512,42,4847,223817,0.02165608510524223,200
quick-dual-pivot,512,43,4703,265489,0.01771448157927447,200
quick-dual-pivot,512,44,4593,213893,0.021473353499179497,200
quick-dual-pivot,512,45,4479,219782,0.020379284927792084,200
quick-dual-pivot,512,46,4353,217740,0.019991733259851197,200
quick-dual-pivot,512,47,4259,177966,0.023931537484688088,200
quick-dual-pivot,512,48,4145,196507,0.021093396164004335,200
quick-dual-pivot,512,49,4047,162755,0.02486559552701914,200
quick-dual-pivot,512,50,3960,144726,0.02736204966626591,200
quick-dual-pivot,512,51,3870,154082,0.025116496411001932,200
quick-dual-pivot,512,52,3789,155392,0.02438349464579901,200
quick-dual-pivot,512,53,3711,159075,0.02332861857614333,200
quick-dual-pivot,512,54,3621,157621,0.022972827224798726,200
quick-dual-pivot,512,55,3542,141065,0.025108992308510263,200
quick-dual-pivot,512,56,3473,121370,0.0286149789898657,200
quick-dual-pivot,512,57,3405,118795,0.02866282250936487,200
quick-dual-pivot,512,58,3330,122763,0.02712543681728208,200
quick-dual-pivot,512,59,3258,126607,0.02573317431105705,200
quick-dual-pivot,512,60,3192,119668,0.02667379750643447,200
quick-dual-pivot,512,61,3148,88901,0.03541017536360671,200
quick-dual-pivot,512,62,3099,88663,0.034952573226712386,200
quick-dual-pivot,512,63,3032,121898,0.024873254688345996,200
quick-dual-pivot,512,64,2980,91887,0.032431138245888974,200
quick-dual-pivot,512,65,2935,80990,0.036239041857019386,200
quick-dual-pivot,512,66,2891,81111,0.035642514578787095,200
quick-dual-pivot,512,67,2833,101441,0.027927563805561852,200
quick-dual-pivot,512,68,2776,97475,0.02847909720441139,200
quick-dual-pivot,512,69,2730,82544,0.03307327001356852,200
quick-dual-pivot,512,70,2676,105132,0.025453715329300308,200
quick-dual-pivot,512,71,2631,75055,0.035054293518086733,200
quick-dual-pivot,512,72,2596,72864,0.035628019323671496,200
quick-dual-pivot,512,73,2562,59398,0.043132765412976865,200
quick-dual-pivot,512,74,2518,77147,0.032638987906205036,200
quick-dual-pivot,512,75,2487,61337,0.04054648906858829,200
quick-dual-pivot,512,76,2451,66483,0.03686656739316818,200
quick-dual-pivot,512,77,2404,97136,0.024748805798056335,200
quick-dual-pivot,512,78,2370,70249,0.03373713504818574,200
quick-dual-pivot,512,79,2333,64345,0.03625767347890279,200
quick-dual-pivot,512,80,2303,69135,0.033311636652925435,200
quick-dual-pivot,512,81,2269,59404,0.038196081071981684,200
quick-dual-pivot,512,82,2243,47959,0.04676911528597343,200
quick-dual-pivot,512,83,2215,51265,0.04320686628303911,200
quick-dual-pivot,512,84,2179,72153,0.03019971449558577,200
quick-dual-pivot,512,85,2152,59842,0.03596136492764279,200
quick-dual-pivot,512,86,2116,77328,0.027363956134905856,200
quick-dual-pivot,512,87,2087,70955,0.02941300824466211,200
quick-dual-pivot,512,88,2055,57689,0.03562204233042694,200
quick-dual-pivot,512,89,2025,56164,0.03605512427889752,200
quick-dual-pivot,512,90,1997,66704,0.029938234588630368,200
quick-dual-pivot,512,91,1970,48412,0.040692390316450465,200
quick-dual-pivot,512,92,1952,45940,0.042490204614714845,200
quick-dual-pivot,512,93,1927,53630,0.035931381689352976,200
quick-dual-pivot,512,94,1899,62743,0.030266324530226478,200
quick-dual-pivot,512,95,1872,56026,0.03341305822296791,200
quick-dual-pivot,512,96,1845,54939,0.033582700813629664,200
quick-dual-pivot,512,97,1825,50129,0.03640607233337988,200
quick-dual-pivot,512,98,1812,34259,0.0528912110686243,200
quick-dual-pivot,512,99,1793,37208,0.04818856159965599,200
quick-dual-pivot,512,100,1780,28015,0.06353739068356237,200
quick-dual-pivot,512,101,1762,42191,0.04176246118840511,200
quick-dual-pivot,512,102,1743,36498,0.047756041426927506,200
quick-dual-pivot,512,103,1726,30807,0.05602622780536891,200
quick-dual-pivot,512,104,1709,32981,0.05181771322882872,200
quick-dual-pivot,512,105,1686,41092,0.04102988416236737,200
quick-dual-pivot,512,106,1665,47714,0.034895418535440335,200
quick-dual-pivot,512,107,1651,31647,0.052169241950263845,200
quick-dual-pivot,512,108,1634,43356,0.037687978595811425,200
quick-dual-pivot,512,109,1614,43268,0.037302394379217896,200
quick-dual-pivot,512,110,1597,33865,0.04715783257050052,200
quick-dual-pivot,512,111,1578,38099,0.041418409932019215,200
quick-dual-pivot,512,112,1560,41515,0.03757677947729736,200
quick-dual-pivot,512,113,1545,37706,0.04097491115472339,200
quick-dual-pivot,512,114,1528,39134,0.03904533142535902,200
quick-dual-pivot,512,115,1512,34910,0.04331137209968491,200
quick-dual-pivot,512,116,1495,32319,0.04625761935703456,200
quick-dual-pivot,512,117,1486,18364,0.08091918971901546,200
quick-dual-pivot,512,118,1469,29421,0.04993032187893002,200
quick-dual-pivot,512,119,1452,39066,0.037167869758869605,200
quick-dual-pivot,512,120,1444,23063,0.06261110870225035,200
quick-dual-pivot,512,121,1426,39070,0.036498592270284104,200
quick-dual-pivot,512,122,1407,40645,0.034616804034936645,200
quick-dual-pivot,512,123,1396,31313,0.044582122441158625,200
quick-dual-pivot,512,124,1379,37916,0.036369870239476736,200
quick-dual-pivot,512,125,1362,40919,0.033285270901048415,200
quick-dual-pivot,512,126,1350,21156,0.0638116846284742,200
quick-dual-pivot,512,127,1339,24018,0.055749854275959694,200
quick-dual-pivot,512,128,1327,28778,0.04611161303773716,200
quick-dual-pivot,512,129,1316,32226,0.04083659157202259,200
quick-dual-pivot,512,130,1307,24101,0.054230114932990334,200
quick-dual-pivot,512,131,1291,41345,0.031225057443463537,200
quick-dual-pivot,512,132,1277,33669,0.037928064391576824,200
quick-dual-pivot,512,133,1266,30501,0.04150683584144782,200
quick-dual-pivot,512,134,1259,17283,0.0728461493953596,200
quick-dual-pivot,512,135,1249,24109,0.05180637936040483,200
quick-dual-pivot,512,136,1235,35383,0.034903767345900574,200
quick-dual-pivot,512,137,1216,41022,0.029642630783482032,200
quick-dual-pivot,512,138,1208,17473,0.06913523722314428,200
quick-dual-pivot,512,139,1198,24358,0.04918301995237704,200
quick-dual-pivot,512,140,1189,19251,0.06176302529738715,200
quick-dual-pivot,512,141,1183,10183,0.11617401551605618,200
quick-dual-pivot,512,142,1180,13316,0.0886151997596876,200
quick-dual-pivot,512,143,1169,22637,0.05164111852277245,200
quick-dual-pivot,512,144,1161,17150,0.06769679300291545,200
quick-dual-pivot,512,145,1149,26422,0.0434864885322837,200
quick-dual-pivot,512,146,1141,19376,0.05888728323699422,200
quick-dual-pivot,512,147,1133,21073,0.053765481896265364,200
quick-dual-pivot,512,148,1125,19492,0.05771598604555715,200
quick-dual-pivot,512,149,1118,14385,0.07771984706291275,200
quick-dual-pivot,512,150,1107,30309,0.036523804810452344,200
quick-dual-pivot,512,151,1098,19163,0.05729791786254762,200
quick-dual-pivot,512,152,1093,18302,0.05972024915309802,200
quick-dual-pivot,512,153,1086,15191,0.07148969784740965,200
quick-dual-pivot,512,154,1079,15549,0.06939353013055502,200
quick-dual-pivot,512,155,1070,29277,0.03654746046384534,200
quick-dual-pivot,512,156,1061,22356,0.04745929504383611,200
quick-dual-pivot,512,157,1051,24177,0.04347106754353311,200
quick-dual-pivot,512,158,1040,26616,0.03907424105801022,200
quick-dual-pivot,512,159,1030,24333,0.04232934697735585,200
quick-dual-pivot,512,160,1021,18204,0.056086574379257306,200
quick-dual-pivot,512,161,1008,24294,0.041491726352185725,200
quick-dual-pivot,512,162,999,27006,0.03699177960453233,200
quick-dual-pivot,512,163,994,9695,0.10252707581227437,200
quick-dual-pivot,512,164,987,15273,0.06462384600274995,200
quick-dual-pivot,512,165,980,15643,0.06264782970018538,200
quick-dual-pivot,512,166,969,23120,0.04191176470588235,200
quick-dual-pivot,512,167,964,12875,0.07487378640776698,200
quick-dual-pivot,512,168,954,26542,0.03594303368246553,200
quick-dual-pivot,512,169,947,16902,0.056028872322802035,200
quick-dual-pivot,512,170,936,27246,0.034353666593261396,200
quick-dual-pivot,512,171,934,7473,0.12498327311655293,200
quick-dual-pivot,512,172,930,8354,0.11132391668661719,200
quick-dual-pivot,512,173,922,17237,0.05348958635493415,200
quick-dual-pivot,512,174,919,5599,0.16413645293802465,200
quick-dual-pivot,512,175,909,29188,0.03114293545292586,200
quick-dual-pivot,512,176,904,15045,0.06008640744433367,200
quick-dual-pivot,512,177,899,13389,0.06714467099858093,200
quick-dual-pivot,512,178,892,17307,0.05153983937135263,200
quick-dual-pivot,512,179,886,15009,0.05903124791791592,200
quick-dual-pivot,512,180,881,13120,0.06714939024390244,200
quick-dual-pivot,512,181,873,19311,0.045207394749106726,200
quick-dual-pivot,512,182,871,7538,0.11554789068718493,200
quick-dual-pivot,512,183,864,19715,0.043824499112351,200
quick-dual-pivot,512,184,860,10090,0.08523290386521308,200
quick-dual-pivot,512,185,853,15204,0.05610365693238621,200
quick-dual-pivot,512,186,849,10750,0.07897674418604651,200
quick-dual-pivot,512,187,846,9106,0.09290577641115748,200
quick-dual-pivot,512,188,842,12268,0.06863384414737529,200
quick-dual-pivot,512,189,834,22674,0.03678221751786187,200
quick-dual-pivot,512,190,828,14146,0.05853244733493567,200
quick-dual-pivot,512,191,822,16778,0.04899272857313148,200
quick-dual-pivot,512,192,816,18433,0.04426843161720827,200
quick-dual-pivot,512,193,813,8909,0.09125603322482882,200
quick-dual-pivot,512,194,810,9933,0.08154636061612806,200
quick-dual-pivot,512,195,802,20843,0.038478146140190954,200
quick-dual-pivot,512,196,800,5432,0.14727540500736377,200
quick-dual-pivot,512,197,799,2793,0.28607232366630864,200
quick-dual-pivot,512,198,793,14050,0.05644128113879004,200
quick-dual-pivot,512,199,789,9649,0.08177013161985698,200
quick-dual-pivot,512,200,782,18422,0.04244924546737596,200
quick-dual-pivot,512,201,779,10808,0.07207623982235381,200
quick-dual-pivot,512,202,778,4071,0.1911078359125522,200
quick-dual-pivot,512,203,770,18404,0.04183873071071506,200
quick-dual-pivot,512,204,764,17267,0.044246250072392426,200
quick-dual-pivot,512,205,756,21139,0.03576328113912673,200
quick-dual-pivot,512,206,755,2936,0.2571525885558583,200
quick-dual-pivot,512,207,748,20547,0.036404341266364916,200
quick-dual-pivot,512,208,741,24001,0.030873713595266864,200
quick-dual-pivot,512,209,736,18978,0.03878174728633154,200
quick-dual-pivot,512,210,729,21558,0.033815752852769276,200
quick-dual-pivot,512,211,724,14676,0.04933224311801581,200
quick-dual-pivot,512,212,716,20208,0.03543151227236738,200
quick-dual-pivot,512,213,713,9374,0.07606144655429913,200
quick-dual-pivot,512,214,710,11027,0.06438741271424685,200
quick-dual-pivot,512,215,705,12850,0.054863813229571984,200
quick-dual-pivot,512,216,699,17871,0.03911364780929998,200
quick-dual-pivot,512,217,696,9424,0.07385398981324279,200
quick-dual-pivot,512,218,689,22156,0.03109767105975808,200
quick-dual-pivot,512,219,687,7454,0.09216528038636973,200
quick-dual-pivot,512,220,682,15641,0.04360335016942651,200
quick-dual-pivot,512,221,680,7541,0.09017371701365867,200
quick-dual-pivot,512,222,679,2650,0.25622641509433963,200
quick-dual-pivot,512,223,676,9148,0.07389593353738522,200
quick-dual-pivot,512,224,672,10689,0.06286836935166994,200
quick-dual-pivot,512,225,665,16258,0.040902940091032104,200
quick-dual-pivot,512,226,661,13100,0.050458015267175575,200
quick-dual-pivot,512,227,658,11292,0.058271342543393556,200
quick-dual-pivot,512,228,652,16771,0.03887663228191521,200
quick-dual-pivot,512,229,649,8946,0.0725463894477979,200
quick-dual-pivot,512,230,646,7042,0.09173530247088896,200
quick-dual-pivot,512,231,646,1224,0.5277777777777778,200
quick-dual-pivot,512,232,645,3383,0.19065917824416198,200
quick-dual-pivot,512,233,642,9927,0.06467210637654881,200
quick-dual-pivot,512,234,639,8948,0.07141260616897631,200
quick-dual-pivot,512,235,630,29604,0.02128090798540738,200
quick-dual-pivot,512,236,626,11278,0.055506295442454334,200
quick-dual-pivot,512,237,622,12783,0.04865837440350466,200
quick-dual-pivot,512,238,617,19708,0.03130708341790136,200
quick-dual-pivot,512,239,615,6906,0.08905299739357081,200
quick-dual-pivot,512,240,609,16578,0.036735432500904816,200
quick-dual-pivot,512,241,604,15940,0.037892095357590964,200
quick-dual-pivot,512,242,601,10039,0.05986652056977786,200
quick-dual-pivot,512,243,598,7453,0.0802361465181806,200
quick-dual-pivot,512,244,596,5800,0.10275862068965518,200
quick-dual-pivot,512,245,595,2726,0.21826852531181218,200
quick-dual-pivot,512,246,589,16672,0.03532869481765835,200
quick-dual-pivot,512,247,585,13213,0.044274578067055176,200
quick-dual-pivot,512,248,584,4224,0.13825757575757575,200
quick-dual-pivot,512,249,582,6391,0.09106556094507902,200
quick-dual-pivot,512,250,581,2734,0.2125091441111924,200
quick-dual-pivot,512,251,578,9015,0.06411536328341653,200
quick-dual-pivot,512,252,576,4575,0.1259016393442623,200
quick-dual-pivot,512,253,573,9601,0.0596812831996667,200
quick-dual-pivot,512,254,572,4488,0.12745098039215685,200
quick-dual-pivot,512,255,570,7785,0.07321772639691715,200
quick-dual-pivot,512,256,567,12109,0.046824675860929886,200
quick-dual-pivot,512,257,562,14949,0.037594487925613755,200
quick-dual-pivot,512,258,560,7504,0.07462686567164178,200
quick-dual-pivot,512,259,558,7679,0.07266571168120849,200
quick-dual-pivot,512,260,557,3390,0.16430678466076695,200
quick-dual-pivot,512,261,555,7668,0.07237871674491393,200
quick-dual-pivot,512,262,555,1027,0.5404089581304771,200
quick-dual-pivot,512,263,555,1050,0.5285714285714286,200
quick-dual-pivot,512,264,553,8007,0.06906456850256026,200
quick-dual-pivot,512,265,550,11165,0.04926108374384237,200
quick-dual-pivot,512,266,548,7316,0.07490431930016403,200
quick-dual-pivot,512,267,545,10410,0.05235350624399616,200
quick-dual-pivot,512,268,544,4461,0.12194575207352612,200
quick-dual-pivot,512,269,543,4305,0.12613240418118468,200
quick-dual-pivot,512,270,540,11881,0.04545071963639424,200
quick-dual-pivot,512,271,535,14031,0.038129855320362054,200
quick-dual-pivot,512,272,532,10445,0.05093346098611776,200
quick-dual-pivot,512,273,529,9485,0.05577227200843437,200
quick-dual-pivot,512,274,526,10423,0.05046531708721098,200
quick-dual-pivot,512,275,524,7997,0.0655245717143929,200
quick-dual-pivot,512,276,519,18205,0.028508651469376544,200
quick-dual-pivot,512,277,517,5103,0.10131295316480501,200
quick-dual-pivot,512,278,513,12766,0.0401848660504465,200
quick-dual-pivot,512,279,507,18571,0.027300630014538797,200
quick-dual-pivot,512,280,502,14835,0.033838894506235256,200
quick-dual-pivot,512,281,500,5891,0.08487523340689188,200
quick-dual-pivot,512,282,499,4365,0.1143184421534937,200
quick-dual-pivot,512,283,499,912,0.5471491228070176,200
quick-dual-pivot,512,284,497,6561,0.07575064776710867,200
quick-dual-pivot,512,285,495,8134,0.06085566756823211,200
quick-dual-pivot,512,286,492,10769,0.045686693286284705,200
quick-dual-pivot,512,287,491,2972,0.1652086137281292,200
quick-dual-pivot,512,288,489,6935,0.07051189617880317,200
quick-dual-pivot,512,289,488,4359,0.11195228263363156,200
quick-dual-pivot,512,290,486,7095,0.06849894291754757,200
quick-dual-pivot,512,291,484,6934,0.0698009806749351,200
quick-dual-pivot,512,292,483,4388,0.1100729261622607,200
quick-dual-pivot,512,293,481,6732,0.07144979203802733,200
quick-dual-pivot,512,294,481,878,0.5478359908883826,200
quick-dual-pivot,512,295,479,5966,0.08028830036875628,200
quick-dual-pivot,512,296,476,9808,0.04853181076672104,200
quick-dual-pivot,512,297,476,905,0.5259668508287293,200
quick-dual-pivot,512,298,475,3031,0.15671395579016825,200
quick-dual-pivot,512,299,471,11947,0.039424123210847914,200
quick-dual-pivot,512,300,470,4585,0.1025081788440567,200
quick-dual-pivot,512,301,468,8288,0.056467181467181465,200
quick-dual-pivot,512,302,466,6639,0.07019129386955866,200
quick-dual-pivot,512,303,462,10220,0.045205479452054796,200
quick-dual-pivot,512,304,455,22903,0.019866393048945552,200
quick-dual-pivot,512,305,452,8612,0.0524849047840223,200
quick-dual-pivot,512,306,452,849,0.5323910482921084,200
quick-dual-pivot,512,307,449,9762,0.04599467322270027,200
quick-dual-pivot,512,308,447,6389,0.06996400062607606,200
quick-dual-pivot,512,309,445,6640,0.06701807228915663,200
quick-dual-pivot,512,310,443,7351,0.06026390967215345,200
quick-dual-pivot,512,311,441,5829,0.07565620174987134,200
quick-dual-pivot,512,312,440,4833,0.09104076143182288,200
quick-dual-pivot,512,313,439,4113,0.10673474349623147,200
quick-dual-pivot,512,314,436,11660,0.03739279588336192,200
quick-dual-pivot,512,315,433,8631,0.05016799907310856,200
quick-dual-pivot,512,316,429,14379,0.02983517629876904,200
quick-dual-pivot,512,317,429,811,0.528976572133169,200
quick-dual-pivot,512,318,426,10324,0.04126307632700504,200
quick-dual-pivot,512,319,425,4028,0.10551142005958292,200
quick-dual-pivot,512,320,425,781,0.5441741357234315,200
quick-dual-pivot,512,321,425,797,0.533249686323714,200
quick-dual-pivot,512,322,424,4224,0.10037878787878787,200
quick-dual-pivot,512,323,422,7023,0.060088281361241634,200
quick-dual-pivot,512,324,422,787,0.5362134688691232,200
quick-dual-pivot,512,325,420,6153,0.06825938566552901,200
quick-dual-pivot,512,326,416,13502,0.030810250333283957,200
quick-dual-pivot,512,327,416,735,0.5659863945578232,200
quick-dual-pivot,512,328,412,13167,0.031290347079820764,200
quick-dual-pivot,512,329,411,4276,0.0961178671655753,200
quick-dual-pivot,512,330,409,7570,0.05402906208718626,200
quick-dual-pivot,512,331,409,710,0.576056338028169,200
quick-dual-pivot,512,332,404,15925,0.025368916797488227,200
quick-dual-pivot,512,333,400,13465,0.029706646862235425,200
quick-dual-pivot,512,334,400,717,0.5578800557880056,200
quick-dual-pivot,512,335,399,3993,0.09992486851990984,200
quick-dual-pivot,512,336,397,7444,0.05333154218162278,200
quick-dual-pivot,512,337,393,13064,0.030082669932639316,200
quick-dual-pivot,512,338,392,3676,0.10663764961915125,200
quick-dual-pivot,512,339,391,3670,0.10653950953678475,200
quick-dual-pivot,512,340,390,3636,0.10726072607260725,200
quick-dual-pivot,512,341,389,3229,0.12047073397336637,200
quick-dual-pivot,512,342,385,15088,0.025516967126193002,200
quick-dual-pivot,512,343,382,10320,0.03701550387596899,200
quick-dual-pivot,512,344,381,4598,0.08286211396259244,200
quick-dual-pivot,512,345,380,3879,0.09796339262696571,200
quick-dual-pivot,512,346,375,19885,0.018858436007040482,200
quick-dual-pivot,512,347,373,8009,0.04657260581845424,200
quick-dual-pivot,512,348,370,10461,0.0353694675461237,200
quick-dual-pivot,512,349,367,10455,0.03510282161645146,200
quick-dual-pivot,512,350,365,6600,0.055303030303030305,200
quick-dual-pivot,512,351,365,635,0.5748031496062992,200
quick-dual-pivot,512,352,364,4482,0.08121374386434628,200
quick-dual-pivot,512,353,362,7328,0.04939956331877729,200
quick-dual-pivot,512,354,362,638,0.567398119122257,200
quick-dual-pivot,512,355,361,3577,0.10092256080514397,200
quick-dual-pivot,512,356,360,4268,0.08434864104967198,200
quick-dual-pivot,512,357,356,14692,0.024230873945004085,200
quick-dual-pivot,512,358,354,8387,0.04220817932514606,200
quick-dual-pivot,512,359,352,7710,0.04565499351491569,200
quick-dual-pivot,512,360,349,9407,0.03710003189114489,200
quick-dual-pivot,512,361,347,7887,0.04399644985419044,200
quick-dual-pivot,512,362,342,18198,0.018793273986152326,200
quick-dual-pivot,512,363,340,7830,0.04342273307790549,200
quick-dual-pivot,512,364,339,4122,0.08224163027656478,200
quick-dual-pivot,512,365,338,4234,0.07982994803967879,200
quick-dual-pivot,512,366,337,4282,0.07870154133582438,200
quick-dual-pivot,512,367,337,623,0.5409309791332263,200
quick-dual-pivot,512,368,335,8017,0.04178620431582886,200
quick-dual-pivot,512,369,334,3136,0.10650510204081633,200
quick-dual-pivot,512,370,333,3772,0.08828207847295864,200
quick-dual-pivot,512,371,331,7297,0.04536110730437166,200
quick-dual-pivot,512,372,329,7359,0.04470716129908955,200
quick-dual-pivot,512,373,327,7720,0.04235751295336788,200
quick-dual-pivot,512,374,327,577,0.5667244367417678,200
quick-dual-pivot,512,375,325,7984,0.0407064128256513,200
quick-dual-pivot,512,376,325,575,0.5652173913043478,200
quick-dual-pivot,512,377,322,11405,0.028233231039017974,200
quick-dual-pivot,512,378,322,570,0.5649122807017544,200
quick-dual-pivot,512,379,321,3778,0.08496559025939651,200
quick-dual-pivot,512,380,319,8033,0.039711191335740074,200
quick-dual-pivot,512,381,319,541,0.589648798521257,200
quick-dual-pivot,512,382,317,7815,0.04056301983365323,200
quick-dual-pivot,512,383,317,541,0.5859519408502772,200
quick-dual-pivot,512,384,312,18403,0.0169537575395316,200
quick-dual-pivot,512,385,309,10982,0.028136951374977237,200
quick-dual-pivot,512,386,307,7729,0.0397205330573166,200
quick-dual-pivot,512,387,307,519,0.5915221579961464,200
quick-dual-pivot,512,388,306,3406,0.08984145625366999,200
quick-dual-pivot,512,389,305,3499,0.0871677622177765,200
quick-dual-pivot,512,390,304,3564,0.08529741863075196,200
quick-dual-pivot,512,391,303,4244,0.07139491046182847,200
quick-dual-pivot,512,392,302,4415,0.06840317100792752,200
quick-dual-pivot,512,393,302,516,0.5852713178294574,200
quick-dual-pivot,512,394,298,14501,0.020550306875387905,200
quick-dual-pivot,512,395,295,10625,0.02776470588235294,200
quick-dual-pivot,512,396,292,11039,0.026451671347042304,200
quick-dual-pivot,512,397,291,3915,0.0743295019157088,200
quick-dual-pivot,512,398,291,510,0.5705882352941176,200
quick-dual-pivot,512,399,290,4451,0.06515389800044934,200
quick-dual-pivot,512,400,287,11758,0.02440891308045586,199
quick-dual-pivot,512,401,284,10711,0.026514797871347213,198
quick-dual-pivot,512,402,283,3494,0.08099599313108186,198
quick-dual-pivot,512,403,281,8183,0.0343394842967127,198
quick-dual-pivot,512,404,278,11515,0.024142422926617457,198
quick-dual-pivot,512,405,278,507,0.5483234714003945,198
quick-dual-pivot,512,406,276,8596,0.03210795718939041,198
quick-dual-pivot,512,407,274,7619,0.035962724767029795,197
quick-dual-pivot,512,408,272,7746,0.035114898011877095,197
quick-dual-pivot,512,409,270,7781,0.03469991003727027,197
quick-dual-pivot,512,410,269,4054,0.06635421805624075,197
quick-dual-pivot,512,411,268,3865,0.06934023285899095,197
quick-dual-pivot,512,412,267,4227,0.0631653655074521,197
quick-dual-pivot,512,413,264,11551,0.02285516405506017,197
quick-dual-pivot,512,414,261,12460,0.020947030497592296,196
quick-dual-pivot,512,415,258,11393,0.022645484069165278,195
quick-dual-pivot,512,416,255,10746,0.023729759910664432,194
quick-dual-pivot,512,417,255,415,0.6144578313253012,194
quick-dual-pivot,512,418,253,7637,0.033128191698310855,194
quick-dual-pivot,512,419,251,7460,0.033646112600536196,194
quick-dual-pivot,512,420,248,11963,0.02073058597341804,194
quick-dual-pivot,512,421,242,23229,0.010418011967798872,193
quick-dual-pivot,512,422,238,15231,0.015626025868294924,191
quick-dual-pivot,512,423,238,412,0.5776699029126213,188
quick-dual-pivot,512,424,237,4532,0.052294792586054725,188
quick-dual-pivot,512,425,235,7977,0.02945969662780494,188
quick-dual-pivot,512,426,233,7811,0.029829727307643068,187
quick-dual-pivot,512,427,231,7562,0.030547474213171118,186
quick-dual-pivot,512,428,228,11822,0.019286076805955,186
quick-dual-pivot,512,429,228,394,0.5786802030456852,185
quick-dual-pivot,512,430,227,4055,0.05598027127003699,185
quick-dual-pivot,512,431,225,8206,0.027418961735315623,185
quick-dual-pivot,512,432,223,7165,0.0311235170969993,184
quick-dual-pivot,512,433,221,8592,0.025721601489757915,183
quick-dual-pivot,512,434,220,4446,0.04948268106162843,183
quick-dual-pivot,512,435,219,4347,0.05037957211870255,182
quick-dual-pivot,512,436,218,3795,0.057444005270092226,182
quick-dual-pivot,512,437,216,8337,0.025908600215905003,182
quick-dual-pivot,512,438,213,12144,0.017539525691699604,181
quick-dual-pivot,512,439,213,352,0.6051136363636364,180
quick-dual-pivot,512,440,211,7277,0.028995465164216024,180
quick-dual-pivot,512,441,210,4129,0.05085977234197142,179
quick-dual-pivot,512,442,206,15171,0.01357853800013183,178
quick-dual-pivot,512,443,205,4316,0.04749768303985171,177
quick-dual-pivot,512,444,201,15130,0.013284864507600793,176
quick-dual-pivot,512,445,200,4185,0.04778972520908005,172
quick-dual-pivot,512,446,199,4140,0.04806763285024154,172
quick-dual-pivot,512,447,198,4186,0.04730052556139513,172
quick-dual-pivot,512,448,194,15386,0.012608865202131808,171
quick-dual-pivot,512,449,194,324,0.5987654320987654,168
quick-dual-pivot,512,450,192,8228,0.02333495381623724,168
quick-dual-pivot,512,451,191,4138,0.04615756404059932,167
quick-dual-pivot,512,452,189,8255,0.02289521502119927,167
quick-dual-pivot,512,453,188,3932,0.04781281790437437,166
quick-dual-pivot,512,454,182,23917,0.007609650039720701,165
quick-dual-pivot,512,455,182,294,0.6190476190476191,160
quick-dual-pivot,512,456,180,7589,0.02371853999209382,160
quick-dual-pivot,512,457,175,19308,0.009063600580070438,158
quick-dual-pivot,512,458,172,11663,0.014747492068935952,156
quick-dual-pivot,512,459,168,14802,0.011349817592217268,154
quick-dual-pivot,512,460,168,267,0.6292134831460674,151
quick-dual-pivot,512,461,165,11126,0.014830127628977171,151
quick-dual-pivot,512,462,165,271,0.6088560885608856,149
quick-dual-pivot,512,463,164,4535,0.036163175303197355,149
quick-dual-pivot,512,464,163,4892,0.03331970564186427,149
quick-dual-pivot,512,465,162,3949,0.04102304380855913,149
quick-dual-pivot,512,466,159,11561,0.01375313554190814,148
quick-dual-pivot,512,467,156,11426,0.013653071941186767,146
quick-dual-pivot,512,468,155,4015,0.038605230386052306,144
quick-dual-pivot,512,469,154,4192,0.036736641221374045,143
quick-dual-pivot,512,470,151,12085,0.01249482829954489,142
quick-dual-pivot,512,471,150,4012,0.03738783649052842,140
quick-dual-pivot,512,472,147,11498,0.012784832144720822,139
quick-dual-pivot,512,473,147,230,0.6391304347826087,137
quick-dual-pivot,512,474,143,16744,0.008540372670807454,137
quick-dual-pivot,512,475,142,3910,0.03631713554987212,134
quick-dual-pivot,512,476,141,4117,0.03424823900898712,133
quick-dual-pivot,512,477,139,7624,0.018231899265477438,133
quick-dual-pivot,512,478,137,7979,0.0171700714375235,131
quick-dual-pivot,512,479,132,20021,0.006593077268867689,129
quick-dual-pivot,512,480,132,218,0.6055045871559633,125
quick-dual-pivot,512,481,128,15479,0.008269268040571097,125
quick-dual-pivot,512,482,127,4178,0.030397319291527048,122
quick-dual-pivot,512,483,124,11394,0.010882920835527471,121
quick-dual-pivot,512,484,119,19238,0.006185674186505874,118
quick-dual-pivot,512,485,117,7794,0.015011547344110854,113
quick-dual-pivot,512,486,114,12130,0.009398186314921682,111
quick-dual-pivot,512,487,113,3786,0.029846804014791336,108
quick-dual-pivot,512,488,111,7755,0.014313346228239845,107
quick-dual-pivot,512,489,105,23405,0.004486220892971587,105
quick-dual-pivot,512,490,105,158,0.6645569620253164,99
quick-dual-pivot,512,491,103,7710,0.013359273670557717,99
quick-dual-pivot,512,492,100,11708,0.008541168431841476,97
quick-dual-pivot,512,493,98,7567,0.012950971322849213,95
quick-dual-pivot,512,494,95,11578,0.008205216790464674,93
quick-dual-pivot,512,495,93,7506,0.012390087929656275,90
quick-dual-pivot,512,496,89,16147,0.0055118597881959495,88
quick-dual-pivot,512,497,87,7836,0.01110260336906585,85
quick-dual-pivot,512,498,86,4167,0.020638348932085434,83
quick-dual-pivot,512,499,82,16146,0.005078657252570296,82
quick-dual-pivot,512,500,80,8360,0.009569377990430622,78
quick-dual-pivot,512,501,78,8270,0.0094316807738815,77
quick-dual-pivot,512,502,76,7838,0.009696351109977035,75
quick-dual-pivot,512,503,73,13289,0.005493265106479043,73
quick-dual-pivot,512,504,69,16015,0.0043084608179831405,70
quick-dual-pivot,512,505,63,24431,0.002578691007326757,67
quick-dual-pivot,512,506,56,28231,0.001983635011157947,62
quick-dual-pivot,512,507,48,33403,0.0014369966769451846,55
quick-dual-pivot,512,508,38,42851,0.000886793773774241,47
quick-dual-pivot,512,509,27,46015,0.0005867651852656743,38
quick-dual-pivot,512,510,17,41616,0.0004084967320261438,27
quick-dual-pivot,512,511,0,71140,0.0,17
quick-dual-pivot,1024,0,204800,164252928,0.001246857529382977,200
quick-dual-pivot,1024,1,204799,307522995,0.000665963207076596,200
quick-dual-pivot,1024,2,204795,450805362,0.00045428696564616284,200
quick-dual-pivot,1024,3,204776,172868264,0.0011845783330131667,200
quick-dual-pivot,1024,4,204677,142511892,0.0014362099690599856,200
quick-dual-pivot,1024,5,204257,69361628,0.0029448126563580658,200
quick-dual-pivot,1024,6,202869,53805104,0.003770441555135736,200
quick-dual-pivot,1024,7,199373,39259502,0.005078337468468143,200
quick-dual-pivot,1024,8,192543,42930848,0.0044849568310414,200
quick-dual-pivot,1024,9,181610,50817745,0.0035737516491532633,200
quick-dual-pivot,1024,10,165771,66278414,0.0025011310620679608,200
quick-dual-pivot,1024,11,146168,78316762,0.0018663692965242868,200
quick-dual-pivot,1024,12,124442,84952561,0.001464841065827315,200
quick-dual-pivot,1024,13,103118,81865465,0.0012596031794359197,200
quick-dual-pivot,1024,14,83816,73722078,0.0011369185768203658,200
quick-dual-pivot,1024,15,67844,60283922,0.001125407865798778,200
quick-dual-pivot,1024,16,55099,47915327,0.0011499243237972684,200
quick-dual-pivot,1024,17,45681,34801111,0.0013126305076869528,200
quick-dual-pivot,1024,18,38946,25006611,0.0015574281536990357,200
quick-dual-pivot,1024,19,33877,18890775,0.0017933091680992443,200
quick-dual-pivot,1024,20,30130,13856823,0.0021743800869795334,200
quick-dual-pivot,1024,21,27295,10842373,0.002517437833950188,200
quick-dual-pivot,1024,22,25111,8401346,0.0029889258221242167,200
quick-dual-pivot,1024,23,23221,7045639,0.003295797584860649,200
quick-dual-pivot,1024,24,21633,6000715,0.0036050703957778364,200
quick-dual-pivot,1024,25,20342,4720237,0.0043095293732073195,200
quick-dual-pivot,1024,26,19161,4473536,0.004283188958354197,200
quick-dual-pivot,1024,27,18138,4034593,0.004495620747867257,200
quick-dual-pivot,1024,28,17221,3555382,0.004843642680308333,200
quick-dual-pivot,1024,29,16377,3383561,0.004840166912906255,200
quick-dual-pivot,1024,30,15638,2852244,0.0054827006385147975,200
quick-dual-pivot,1024,31,14962,2644890,0.005656946035562916,200
quick-dual-pivot,1024,32,14387,2210165,0.006509468750070696,200
quick-dual-pivot,1024,33,13796,2095670,0.006583097529668316,200
quick-dual-pivot,1024,34,13301,2032653,0.006543664855732877,200
quick-dual-pivot,1024,35,12796,1942810,0.0065863362861010594,200
quick-dual-pivot,1024,36,12334,1707398,0.007223857589150274,200
quick-dual-pivot,1024,37,11907,1664372,0.007154049695620931,200
quick-dual-pivot,1024,38,11525,1450933,0.007943164846343697,200
quick-dual-pivot,1024,39,11142,1534080,0.007262984981226533,200
quick-dual-pivot,1024,40,10788,1409348,0.0076546034052625755,200
quick-dual-pivot,1024,41,10475,1250663,0.008375557604246707,200
quick-dual-pivot,1024,42,10170,1228279,0.008279877780211173,200
quick-dual-pivot,1024,43,9881,1145039,0.008629400395969046,200
quick-dual-pivot,1024,44,9605,1052697,0.009124182932030774,200
quick-dual-pivot,1024,45,9349,934483,0.010004462360470976,200
quick-dual-pivot,1024,46,9127,937965,0.009730640269093196,200
quick-dual-pivot,1024,47,8916,898618,0.009921902298863366,200
quick-dual-pivot,1024,48,8682,891593,0.00973762692170082,200
quick-dual-pivot,1024,49,8488,804336,0.01055280380338565,200
quick-dual-pivot,1024,50,8287,802156,0.010330908202394547,200
quick-dual-pivot,1024,51,8081,797380,0.010134440291956157,200
quick-dual-pivot,1024,52,7902,739170,0.010690368927310361,200
quick-dual-pivot,1024,53,7726,666905,0.011584858413117311,200
quick-dual-pivot,1024,54,7569,645412,0.011727392735183109,200
quick-dual-pivot,1024,55,7416,594945,0.012465017774752288,200
quick-dual-pivot,1024,56,7253,684901,0.01058985167199347,200
quick-dual-pivot,1024,57,7107,529715,0.013416648575177218,200
quick-dual-pivot,1024,58,6975,526351,0.013251613467059054,200
quick-dual-pivot,1024,59,6832,586605,0.011646678770211642,200
quick-dual-pivot,1024,60,6694,555294,0.012054875435354965,200
quick-dual-pivot,1024,61,6601,350959,0.01880846480643038,200
quick-dual-pivot,1024,62,6472,530713,0.012194915142459295,200
quick-dual-pivot,1024,63,6342,531174,0.011939590416699612,200
quick-dual-pivot,1024,64,6239,395073,0.01579201818398119,200
quick-dual-pivot,1024,65,6122,493817,0.012397305074551909,200
quick-dual-pivot,1024,66,6012,480115,0.01252199993751497,200
quick-dual-pivot,1024,67,5906,476422,0.012396572786311295,200
quick-dual-pivot,1024,68,5794,449573,0.012887784631194488,200
quick-dual-pivot,1024,69,5715,321068,0.01779996760810794,200
quick-dual-pivot,1024,70,5625,395240,0.014231859123570488,200
quick-dual-pivot,1024,71,5534,397980,0.013905221367907936,200
quick-dual-pivot,1024,72,5434,422834,0.012851379028176542,200
quick-dual-pivot,1024,73,5367,246420,0.02177988799610421,200
quick-dual-pivot,1024,74,5295,332171,0.015940584819264775,200
quick-dual-pivot,1024,75,5210,397673,0.013101216325976368,200
quick-dual-pivot,1024,76,5144,273716,0.01879320171272414,200
quick-dual-pivot,1024,77,5076,287560,0.017651968284879676,200
quick-dual-pivot,1024,78,5012,261108,0.019195122324861744,200
quick-dual-pivot,1024,79,4939,314880,0.015685340447154472,200
quick-dual-pivot,1024,80,4870,310518,0.01568347084549044,200
quick-dual-pivot,1024,81,4797,278655,0.0172148355493352,200
quick-dual-pivot,1024,82,4746,200084,0.02372003758421463,200
quick-dual-pivot,1024,83,4669,290923,0.0160489201610048,200
quick-dual-pivot,1024,84,4618,207662,0.022238059924300065,200
quick-dual-pivot,1024,85,4566,242460,0.018831972284088096,200
quick-dual-pivot,1024,86,4508,258433,0.017443592730030606,200
quick-dual-pivot,1024,87,4459,221237,0.020154856556543435,200
quick-dual-pivot,1024,88,4395,249958,0.017582953936261293,200
quick-dual-pivot,1024,89,4334,214027,0.020249781569615048,200
quick-dual-pivot,1024,90,4275,245344,0.01742451415155863,200
quick-dual-pivot,1024,91,4219,235613,0.017906482239944316,200
quick-dual-pivot,1024,92,4164,270248,0.015408069624937095,200
quick-dual-pivot,1024,93,4116,195418,0.021062542856850445,200
quick-dual-pivot,1024,94,4067,208078,0.019545555032247523,200
quick-dual-pivot,1024,95,4009,241313,0.01661327819056578,200
quick-dual-pivot,1024,96,3966,158356,0.025044835686680644,200
quick-dual-pivot,1024,97,3917,210576,0.01860136007902135,200
quick-dual-pivot,1024,98,3869,254803,0.01518427961994168,200
quick-dual-pivot,1024,99,3822,212601,0.017977337830019615,200
quick-dual-pivot,1024,100,3788,159842,0.023698402172144993,200
quick-dual-pivot,1024,101,3746,173008,0.021652177933968373,200
quick-dual-pivot,1024,102,3699,188416,0.019632090692934784,200
quick-dual-pivot,1024,103,3648,243633,0.014973341049857779,200
quick-dual-pivot,1024,104,3611,167756,0.021525310570113736,200
quick-dual-pivot,1024,105,3567,196477,0.018154796744657135,200
quick-dual-pivot,1024,106,3533,155960,0.022653244421646575,200
quick-dual-pivot,1024,107,3497,157143,0.02225361613307624,200
quick-dual-pivot,1024,108,3462,165693,0.020894063116727923,200
quick-dual-pivot,1024,109,3430,125157,0.027405578593286833,200
quick-dual-pivot,1024,110,3393,158025,0.021471286188894163,200
quick-dual-pivot,1024,111,3364,114717,0.029324337282181367,200
quick-dual-pivot,1024,112,3321,204235,0.01626068009890567,200
quick-dual-pivot,1024,113,3286,142206,0.02310732317905011,200
quick-dual-pivot,1024,114,3250,146366,0.022204610360329585,200
quick-dual-pivot,1024,115,3218,122156,0.02634336422279708,200
quick-dual-pivot,1024,116,3184,134591,0.02365685669918494,200
quick-dual-pivot,1024,117,3155,141648,0.02227352309951429,200
quick-dual-pivot,1024,118,3122,109034,0.02863327035603573,200
quick-dual-pivot,1024,119,3099,97213,0.031878452470348616,200
quick-dual-pivot,1024,120,3070,133167,0.02305375956505741,200
quick-dual-pivot,1024,121,3038,144896,0.020966762367491166,200
quick-dual-pivot,1024,122,3022,71434,0.04230478483635244,200
quick-dual-pivot,1024,123,3001,90939,0.03300014295296847,200
quick-dual-pivot,1024,124,2964,161287,0.01837717856987854,200
quick-dual-pivot,1024,125,2938,108376,0.02710932309736473,200
quick-dual-pivot,1024,126,2907,140719,0.020658191146895585,200
quick-dual-pivot,1024,127,2885,83244,0.0346571524674451,200
quick-dual-pivot,1024,128,2863,87053,0.032888010752070575,200
quick-dual-pivot,1024,129,2842,81031,0.03507299675432859,200
quick-dual-pivot,1024,130,2809,146949,0.019115475437056394,200
quick-dual-pivot,1024,131,2787,94828,0.02939005357067533,200
quick-dual-pivot,1024,132,2761,127962,0.02157671808818243,200
quick-dual-pivot,1024,133,2741,85385,0.032101657199742346,200
quick-dual-pivot,1024,134,2717,95551,0.028435076555975342,200
quick-dual-pivot,1024,135,2698,92699,0.029104952588485312,200
quick-dual-pivot,1024,136,2681,80615,0.03325683805743348,200
quick-dual-pivot,1024,137,2664,96125,0.027713914174252275,200
quick-dual-pivot,1024,138,2644,100163,0.02639697293411739,200
quick-dual-pivot,1024,139,2625,110356,0.023786654101272245,200
quick-dual-pivot,1024,140,2605,88069,0.029579080039514472,200
quick-dual-pivot,1024,141,2584,92733,0.02786494559649747,200
quick-dual-pivot,1024,142,2575,36954,0.0696812253071386,200
quick-dual-pivot,1024,143,2558,86586,0.029542882221144297,200
quick-dual-pivot,1024,144,2542,82076,0.030971294897412155,200
quick-dual-pivot,1024,145,2525,89189,0.02831066611353418,200
quick-dual-pivot,1024,146,2500,114955,0.02174764038101866,200
quick-dual-pivot,1024,147,2478,100706,0.02460627966556114,200
quick-dual-pivot,1024,148,2453,100400,0.02443227091633466,200
quick-dual-pivot,1024,149,2430,112998,0.021504805394785748,200
quick-dual-pivot,1024,150,2412,100727,0.02394591321095635,200
quick-dual-pivot,1024,151,2392,100609,0.02377520897732807,200
quick-dual-pivot,1024,152,2383,45562,0.052302357227514154,200
quick-dual-pivot,1024,153,2363,89872,0.026292949973295354,200
quick-dual-pivot,1024,154,2351,46674,0.05037065603976518,200
quick-dual-pivot,1024,155,2334,73946,0.03156357341844048,200
quick-dual-pivot,1024,156,2320,72934,0.03180958126525352,200
quick-dual-pivot,1024,157,2297,108755,0.021120868006068688,200
quick-dual-pivot,1024,158,2286,60050,0.03806827643630308,200
quick-dual-pivot,1024,159,2277,34577,0.06585302368626543,200
quick-dual-pivot,1024,160,2260,89299,0.025308234134760747,200
quick-dual-pivot,1024,161,2246,77410,0.02901433923265728,200
quick-dual-pivot,1024,162,2224,94635,0.02350081893591166,200
quick-dual-pivot,1024,163,2210,65596,0.03369107872431246,200
quick-dual-pivot,1024,164,2198,41538,0.05291540276373441,200
quick-dual-pivot,1024,165,2189,50538,0.043313941984249475,200
quick-dual-pivot,1024,166,2172,60979,0.03561881959363059,200
quick-dual-pivot,1024,167,2160,56553,0.038194260251445546,200
quick-dual-pivot,1024,168,2149,47445,0.045294551586047005,200
quick-dual-pivot,1024,169,2138,48237,0.044322822729440055,200
quick-dual-pivot,1024,170,2123,93386,0.022733600325530595,200
quick-dual-pivot,1024,171,2107,81518,0.025847052184793544,200
quick-dual-pivot,1024,172,2093,57614,0.03632797583920575,200
quick-dual-pivot,1024,173,2085,49177,0.042397868922463756,200
quick-dual-pivot,1024,174,2069,84666,0.02443720029291569,200
quick-dual-pivot,1024,175,2061,37335,0.05520289272800322,200
quick-dual-pivot,1024,176,2040,92306,0.02210040517409486,200
quick-dual-pivot,1024,177,2028,65140,0.031132944427387167,200
quick-dual-pivot,1024,178,2014,63835,0.03155009007597713,200
quick-dual-pivot,1024,179,1995,65990,0.030231853311107743,200
quick-dual-pivot,1024,180,1983,58803,0.03372276924646702,200
quick-dual-pivot,1024,181,1967,88464,0.022235033459938505,200
quick-dual-pivot,1024,182,1954,56244,0.03474148353602162,200
quick-dual-pivot,1024,183,1940,64381,0.030133113806868485,200
quick-dual-pivot,1024,184,1933,35742,0.05408203234290191,200
quick-dual-pivot,1024,185,1914,77789,0.024605021275501678,200
quick-dual-pivot,1024,186,1900,51612,0.03681314423002403,200
quick-dual-pivot,1024,187,1890,46228,0.04088431253785584,200
quick-dual-pivot,1024,188,1876,80854,0.023202315284339674,200
quick-dual-pivot,1024,189,1862,61861,0.030099739739092482,200
quick-dual-pivot,1024,190,1854,28842,0.06428125650093613,200
quick-dual-pivot,1024,191,1838,78566,0.023394343609194818,200
quick-dual-pivot,1024,192,1834,22304,0.08222740315638451,200
quick-dual-pivot,1024,193,1826,48269,0.03782966293065943,200
quick-dual-pivot,1024,194,1818,49561,0.03668206856197413,200
quick-dual-pivot,1024,195,1805,81244,0.022217025257249765,200
quick-dual-pivot,1024,196,1797,34873,0.05152983683652109,200
quick-dual-pivot,1024,197,1788,37791,0.04731285226641264,200
quick-dual-pivot,1024,198,1776,67508,0.026307993126740533,200
quick-dual-pivot,1024,199,1771,27297,0.06487892442392937,200
quick-dual-pivot,1024,200,1762,54265,0.03247028471390399,200
quick-dual-pivot,1024,201,1748,62556,0.02794296310505787,200
quick-dual-pivot,1024,202,1733,81267,0.021324768971415213,200
quick-dual-pivot,1024,203,1726,31056,0.05557702215352911,200
quick-dual-pivot,1024,204,1719,34613,0.04966342125790888,200
quick-dual-pivot,1024,205,1701,83599,0.020347133338915538,200
quick-dual-pivot,1024,206,1693,45805,0.03696103045519048,200
quick-dual-pivot,1024,207,1685,28599,0.05891814399104864,200
quick-dual-pivot,1024,208,1679,36302,0.04625089526747837,200
quick-dual-pivot,1024,209,1670,37559,0.04446337761921244,200
quick-dual-pivot,1024,210,1658,57557,0.02880622687075421,200
quick-dual-pivot,1024,211,1644,54620,0.030098864884657635,200
quick-dual-pivot,1024,212,1633,51857,0.03149044487725861,200
quick-dual-pivot,1024,213,1625,43838,0.03706829691135544,200
quick-dual-pivot,1024,214,1618,27197,0.059491855719380815,200
quick-dual-pivot,1024,215,1612,31073,0.05187783606346346,200
quick-dual-pivot,1024,216,1603,53424,0.03000524109014675,200
quick-dual-pivot,1024,217,1597,35430,0.045074795371154386,200
quick-dual-pivot,1024,218,1589,39511,0.04021664852825795,200
quick-dual-pivot,1024,219,1584,26929,0.05882134501838167,200
quick-dual-pivot,1024,220,1581,14434,0.10953304697242622,200
quick-dual-pivot,1024,221,1573,52599,0.029905511511625696,200
quick-dual-pivot,1024,222,1567,36445,0.04299629578817396,200
quick-dual-pivot,1024,223,1555,49711,0.03128080304158033,200
quick-dual-pivot,1024,224,1550,30433,0.05093155456248152,200
quick-dual-pivot,1024,225,1545,31030,0.04979052529809862,200
quick-dual-pivot,1024,226,1539,24720,0.06225728155339806,200
quick-dual-pivot,1024,227,1529,47236,0.0323693792869845,200
quick-dual-pivot,1024,228,1516,53576,0.02829625205315813,200
quick-dual-pivot,1024,229,1505,65109,0.023115083936168578,200
quick-dual-pivot,1024,230,1495,45384,0.03294112462541865,200
quick-dual-pivot,1024,231,1491,25860,0.05765661252900232,200
quick-dual-pivot,1024,232,1485,35341,0.04201918451656716,200
quick-dual-pivot,1024,233,1481,23752,0.062352643987874705,200
quick-dual-pivot,1024,234,1474,34580,0.042625795257374206,200
quick-dual-pivot,1024,235,1469,25243,0.05819435090916294,200
quick-dual-pivot,1024,236,1460,36472,0.040030708488703666,200
quick-dual-pivot,1024,237,1456,20586,0.07072767900514913,200
quick-dual-pivot,1024,238,1452,18579,0.07815275310834814,200
quick-dual-pivot,1024,239,1448,21937,0.06600720244336053,200
quick-dual-pivot,1024,240,1437,57635,0.02493276654810445,200
quick-dual-pivot,1024,241,1433,27485,0.05213752956157904,200
quick-dual-pivot,1024,242,1427,27879,0.05118548011047742,200
quick-dual-pivot,1024,243,1417,54344,0.026074635654350066,200
quick-dual-pivot,1024,244,1408,43321,0.032501558135777105,200
quick-dual-pivot,1024,245,1403,23843,0.05884326636748731,200
quick-dual-pivot,1024,246,1397,33349,0.04189031155356982,200
quick-dual-pivot,1024,247,1389,43856,0.03167183509668004,200
quick-dual-pivot,1024,248,1384,15493,0.08933066546182147,200
quick-dual-pivot,1024,249,1377,25153,0.05474496083966127,200
quick-dual-pivot,1024,250,1368,39139,0.03495234931909349,200
quick-dual-pivot,1024,251,1364,18491,0.07376561570493753,200
quick-dual-pivot,1024,252,1359,23881,0.05690716469159583,200
quick-dual-pivot,1024,253,1353,40357,0.03352578239215006,200
quick-dual-pivot,1024,254,1342,60636,0.022132066759021043,200
quick-dual-pivot,1024,255,1336,29230,0.045706465959630516,200
quick-dual-pivot,1024,256,1333,13279,0.10038406506514044,200
quick-dual-pivot,1024,257,1329,25078,0.0529946566711859,200
quick-dual-pivot,1024,258,1326,9552,0.13881909547738694,200
quick-dual-pivot,1024,259,1323,17098,0.07737747104924553,200
quick-dual-pivot,1024,260,1315,53316,0.024664265886413083,200
quick-dual-pivot,1024,261,1310,27791,0.047137562520240366,200
quick-dual-pivot,1024,262,1306,24550,0.053197556008146636,200
quick-dual-pivot,1024,263,1302,25590,0.05087924970691676,200
quick-dual-pivot,1024,264,1297,25979,0.049924939374109856,200
quick-dual-pivot,1024,265,1283,73903,0.017360594292518572,200
quick-dual-pivot,1024,266,1278,15688,0.08146353901070882,200
quick-dual-pivot,1024,267,1273,37002,0.03440354575428355,200
quick-dual-pivot,1024,268,1264,39948,0.03164113347351557,200
quick-dual-pivot,1024,269,1261,12660,0.09960505529225909,200
quick-dual-pivot,1024,270,1255,30734,0.04083425522222945,200
quick-dual-pivot,1024,271,1252,14137,0.08856192968805263,200
quick-dual-pivot,1024,272,1247,33183,0.03757948347045174,200
quick-dual-pivot,1024,273,1244,14004,0.08883176235361326,200
quick-dual-pivot,1024,274,1237,48445,0.02553411084735267,200
quick-dual-pivot,1024,275,1231,41181,0.029892426118841214,200
quick-dual-pivot,1024,276,1224,41011,0.029845651166760138,200
quick-dual-pivot,1024,277,1221,12900,0.09465116279069767,200
quick-dual-pivot,1024,278,1214,44317,0.027393551007514047,200
quick-dual-pivot,1024,279,1212,13364,0.09069140975755761,200
quick-dual-pivot,1024,280,1206,29098,0.0414461475015465,200
quick-dual-pivot,1024,281,1199,35523,0.03375277988908595,200
quick-dual-pivot,1024,282,1197,22693,0.052747543295289294,200
quick-dual-pivot,1024,283,1192,23596,0.05051703678589591,200
quick-dual-pivot,1024,284,1189,23660,0.050253592561284866,200
quick-dual-pivot,1024,285,1185,25980,0.04561200923787529,200
quick-dual-pivot,1024,286,1177,46274,0.02543544971258158,200
quick-dual-pivot,1024,287,1172,32819,0.03571102105487675,200
quick-dual-pivot,1024,288,1168,28706,0.04068835783459904,200
quick-dual-pivot,1024,289,1160,43576,0.026620157885074353,200
quick-dual-pivot,1024,290,1155,27834,0.04149601207156715,200
quick-dual-pivot,1024,291,1153,10450,0.11033492822966508,200
quick-dual-pivot,1024,292,1147,30719,0.03733845502783294,200
quick-dual-pivot,1024,293,1143,28666,0.03987302030279774,200
quick-dual-pivot,1024,294,1139,16559,0.06878434688085029,200
quick-dual-pivot,1024,295,1137,7203,0.1578508954602249,200
quick-dual-pivot,1024,296,1132,35324,0.03204620088325218,200
quick-dual-pivot,1024,297,1129,11348,0.09948889672188932,200
quick-dual-pivot,1024,298,1127,16418,0.06864417103179438,200
quick-dual-pivot,1024,299,1118,57946,0.01929382528561074,200
quick-dual-pivot,1024,300,1115,12031,0.0926772504363727,200
quick-dual-pivot,1024,301,1109,30654,0.03617798655966595,200
quick-dual-pivot,1024,302,1100,52439,0.020976753942676254,200
quick-dual-pivot,1024,303,1099,5984,0.18365641711229946,200
quick-dual-pivot,1024,304,1094,31639,0.03457757830525617,200
quick-dual-pivot,1024,305,1087,32744,0.03319692157341803,200
quick-dual-pivot,1024,306,1082,30670,0.03527877404629932,200
quick-dual-pivot,1024,307,1078,17110,0.06300409117475161,200
quick-dual-pivot,1024,308,1074,27751,0.038701308060970774,200
quick-dual-pivot,1024,309,1070,28522,0.03751490077834654,200
quick-dual-pivot,1024,310,1065,31483,0.033827780071784774,200
quick-dual-pivot,1024,311,1062,18854,0.0563275697464729,200
quick-dual-pivot,1024,312,1058,17304,0.0611419325011558,200
quick-dual-pivot,1024,313,1053,22580,0.04663418954827281,200
quick-dual-pivot,1024,314,1049,35612,0.029456363023699878,200
quick-dual-pivot,1024,315,1042,49352,0.021113632679526664,200
quick-dual-pivot,1024,316,1038,24347,0.04263358935392451,200
quick-dual-pivot,1024,317,1033,33228,0.03108823883471771,200
quick-dual-pivot,1024,318,1028,19845,0.05180146132527085,200
quick-dual-pivot,1024,319,1027,6437,0.15954637253378903,200
quick-dual-pivot,1024,320,1026,4238,0.24209532798489855,200
quick-dual-pivot,1024,321,1022,21851,0.046771314813967325,200
quick-dual-pivot,1024,322,1019,20563,0.049555026017604434,200
quick-dual-pivot,1024,323,1013,31786,0.0318693764550431,200
quick-dual-pivot,1024,324,1009,15418,0.06544298871448956,200
quick-dual-pivot,1024,325,1005,25615,0.039234823345695884,200
quick-dual-pivot,1024,326,1003,12877,0.07789081307758018,200
quick-dual-pivot,1024,327,997,35574,0.028026086467644908,200
quick-dual-pivot,1024,328,991,26233,0.03777684595738192,200
quick-dual-pivot,1024,329,988,17136,0.05765639589169001,200
quick-dual-pivot,1024,330,985,14546,0.06771621064210093,200
quick-dual-pivot,1024,331,980,35375,0.027703180212014133,200
quick-dual-pivot,1024,332,976,20905,0.046687395359961734,200
quick-dual-pivot,1024,333,972,27018,0.03597601598934044,200
quick-dual-pivot,1024,334,969,18817,0.05149598767072328,200
quick-dual-pivot,1024,335,965,24593,0.03923880779083479,200
quick-dual-pivot,1024,336,961,24617,0.03903806312710728,200
quick-dual-pivot,1024,337,956,28889,0.03309218041469071,200
quick-dual-pivot,1024,338,952,24665,0.03859720251368336,200
quick-dual-pivot,1024,339,949,14668,0.0646986637578402,200
quick-dual-pivot,1024,340,944,28238,0.033430129612578796,200
quick-dual-pivot,1024,341,941,11927,0.07889662111176322,200
quick-dual-pivot,1024,342,936,32945,0.028410988010320232,200
quick-dual-pivot,1024,343,932,20010,0.04657671164417791,200
quick-dual-pivot,1024,344,927,29551,0.03136949680213868,200
quick-dual-pivot,1024,345,922,35192,0.026199136167310753,200
quick-dual-pivot,1024,346,918,28780,0.03189715079916609,200
quick-dual-pivot,1024,347,912,34093,0.026750359311295574,200
quick-dual-pivot,1024,348,906,40155,0.022562570041090774,200
quick-dual-pivot,1024,349,904,11960,0.07558528428093646,200
quick-dual-pivot,1024,350,901,18866,0.047757871302872894,200
quick-dual-pivot,1024,351,898,17081,0.05257303436566946,200
quick-dual-pivot,1024,352,898,1721,0.5217896571760604,200
quick-dual-pivot,1024,353,893,22801,0.03916494890574975,200
quick-dual-pivot,1024,354,891,16322,0.05458889841931136,200
quick-dual-pivot,1024,355,886,32988,0.026858251485388625,200
quick-dual-pivot,1024,356,882,25179,0.03502919099249374,200
quick-dual-pivot,1024,357,878,24969,0.03516360286755577,200
quick-dual-pivot,1024,358,872,32896,0.026507782101167315,200
quick-dual-pivot,1024,359,870,12512,0.06953324808184143,200
quick-dual-pivot,1024,360,868,18200,0.047692307692307694,200
quick-dual-pivot,1024,361,867,6856,0.1264585764294049,200
quick-dual-pivot,1024,362,863,23708,0.03640121477982116,200
quick-dual-pivot,1024,363,859,27320,0.031442166910688144,200
quick-dual-pivot,1024,364,859,1729,0.496818970503181,200
quick-dual-pivot,1024,365,858,6404,0.1339787632729544,200
quick-dual-pivot,1024,366,850,61874,0.01373759575912338,200
quick-dual-pivot,1024,367,850,1629,0.521792510742787,200
quick-dual-pivot,1024,368,849,8232,0.10313411078717201,200
quick-dual-pivot,1024,369,847,15547,0.0544799639801891,200
quick-dual-pivot,1024,370,846,10760,0.07862453531598514,200
quick-dual-pivot,1024,371,842,23023,0.036572123528645265,200
quick-dual-pivot,1024,372,837,30070,0.027835051546391754,200
quick-dual-pivot,1024,373,833,22164,0.03758346868796246,200
quick-dual-pivot,1024,374,832,6598,0.1260988178235829,200
quick-dual-pivot,1024,375,827,38005,0.021760294698066045,200
quick-dual-pivot,1024,376,824,19640,0.04195519348268839,200
quick-dual-pivot,1024,377,823,7245,0.11359558316080055,200
quick-dual-pivot,1024,378,821,14030,0.058517462580185316,200
quick-dual-pivot,1024,379,820,7550,0.10860927152317881,200
quick-dual-pivot,1024,380,818,15501,0.052770788981356044,200
quick-dual-pivot,1024,381,816,8926,0.09141832847860183,200
quick-dual-pivot,1024,382,812,17382,0.046714992520998734,200
quick-dual-pivot,1024,383,808,28586,0.028265584551878543,200
quick-dual-pivot,1024,384,807,4398,0.1834924965893588,200
quick-dual-pivot,1024,385,804,16753,0.04799140452456276,200
quick-dual-pivot,1024,386,801,17450,0.04590257879656161,200
quick-dual-pivot,1024,387,798,25044,0.03186391950167705,200
quick-dual-pivot,1024,388,795,19649,0.04046007430403583,200
quick-dual-pivot,1024,389,791,29715,0.026619552414605417,200
quick-dual-pivot,1024,390,790,5880,0.13435374149659865,200
quick-dual-pivot,1024,391,788,17932,0.04394378764220388,200
quick-dual-pivot,1024,392,784,20284,0.03865115361861566,200
quick-dual-pivot,1024,393,782,15026,0.05204312524956742,200
quick-dual-pivot,1024,394,779,22947,0.03394779273979169,200
quick-dual-pivot,1024,395,774,29809,0.025965312489516588,200
quick-dual-pivot,1024,396,773,10951,0.07058716098986394,200
quick-dual-pivot,1024,397,771,13182,0.05848884842967683,200
quick-dual-pivot,1024,398,768,12846,0.059785147127510506,200
quick-dual-pivot,1024,399,765,26224,0.02917175106772422,200
quick-dual-pivot,1024,400,762,16937,0.04499025801499675,200
quick-dual-pivot,1024,401,761,7419,0.10257447095295862,200
quick-dual-pivot,1024,402,756,34994,0.021603703492027206,200
quick-dual-pivot,1024,403,754,12635,0.059675504550850814,200
quick-dual-pivot,1024,404,751,12935,0.058059528411287205,200
quick-dual-pivot,1024,405,749,13298,0.056324259287110844,200
quick-dual-pivot,1024,406,747,17495,0.04269791368962561,200
quick-dual-pivot,1024,407,746,4529,0.1647162729079267,200
quick-dual-pivot,1024,408,745,9158,0.08134963965931426,200
quick-dual-pivot,1024,409,741,26262,0.028215672835275304,200
quick-dual-pivot,1024,410,738,25665,0.028755113968439508,200
quick-dual-pivot,1024,411,736,15021,0.0489980693695493,200
quick-dual-pivot,1024,412,735,9447,0.07780247697681804,200
quick-dual-pivot,1024,413,731,26495,0.027590111341762598,200
quick-dual-pivot,1024,414,730,5149,0.14177510196154594,200
quick-dual-pivot,1024,415,730,1394,0.5236728837876614,200
quick-dual-pivot,1024,416,729,5391,0.1352253756260434,200
quick-dual-pivot,1024,417,726,18045,0.04023275145469659,200
quick-dual-pivot,1024,418,724,11572,0.06256481161424127,200
quick-dual-pivot,1024,419,722,13021,0.05544889025420475,200
quick-dual-pivot,1024,420,720,13874,0.0518956321176301,200
quick-dual-pivot,1024,421,717,18685,0.03837302649183837,200
quick-dual-pivot,1024,422,713,26833,0.026571758655387023,200
quick-dual-pivot,1024,423,710,19010,0.03734876380852183,200
quick-dual-pivot,1024,424,709,9510,0.07455310199789696,200
quick-dual-pivot,1024,425,708,8517,0.08312786192321239,200
quick-dual-pivot,1024,426,705,11727,0.060117677155282684,200
quick-dual-pivot,1024,427,702,17434,0.04026614661007227,200
quick-dual-pivot,1024,428,701,9821,0.0713776601160778,200
quick-dual-pivot,1024,429,701,1323,0.5298563869992441,200
quick-dual-pivot,1024,430,700,6606,0.10596427490160461,200
quick-dual-pivot,1024,431,699,6929,0.10088035791600519,200
quick-dual-pivot,1024,432,696,16735,0.041589483119211235,200
quick-dual-pivot,1024,433,696,1324,0.525679758308157,200
quick-dual-pivot,1024,434,695,9826,0.07073071443110115,200
quick-dual-pivot,1024,435,694,10431,0.0665324513469466,200
quick-dual-pivot,1024,436,692,13819,0.050075982343150735,200
quick-dual-pivot,1024,437,691,5727,0.12065653920027938,200
quick-dual-pivot,1024,438,689,9850,0.0699492385786802,200
quick-dual-pivot,1024,439,685,14759,0.04641235856087811,200
quick-dual-pivot,1024,440,679,36658,0.018522559877789297,200
quick-dual-pivot,1024,441,676,24515,0.02757495410972874,200
quick-dual-pivot,1024,442,674,13321,0.050596802041888746,200
quick-dual-pivot,1024,443,671,20580,0.0326044703595724,200
quick-dual-pivot,1024,444,670,5599,0.11966422575459904,200
quick-dual-pivot,1024,445,667,16283,0.04096296751212922,200
quick-dual-pivot,1024,446,666,10165,0.06551893753074274,200
quick-dual-pivot,1024,447,664,18770,0.035375599360681936,200
quick-dual-pivot,1024,448,664,1233,0.5385239253852393,200
quick-dual-pivot,1024,449,662,9731,0.0680300071935053,200
quick-dual-pivot,1024,450,661,4904,0.1347879282218597,200
quick-dual-pivot,1024,451,659,16107,0.04091388837151549,200
quick-dual-pivot,1024,452,657,11472,0.05726987447698745,200
quick-dual-pivot,1024,453,652,32951,0.019786956389790902,200
quick-dual-pivot,1024,454,649,23079,0.028120802461111833,200
quick-dual-pivot,1024,455,647,14076,0.045964762716680874,200
quick-dual-pivot,1024,456,645,14335,0.044994768050226716,200
quick-dual-pivot,1024,457,645,1276,0.5054858934169278,200
quick-dual-pivot,1024,458,645,1189,0.5424726661059714,200
quick-dual-pivot,1024,459,644,9432,0.06827820186598813,200
quick-dual-pivot,1024,460,642,9307,0.06898033738046631,200
quick-dual-pivot,1024,461,640,13108,0.04882514494964907,200
quick-dual-pivot,1024,462,638,12801,0.04983985626122959,200
quick-dual-pivot,1024,463,637,6617,0.0962671905697446,200
quick-dual-pivot,1024,464,636,8863,0.07175899808191358,200
quick-dual-pivot,1024,465,635,5554,0.11433201296362981,200
quick-dual-pivot,1024,466,635,1211,0.5243600330305532,200
quick-dual-pivot,1024,467,632,15586,0.04054921083023226,200
quick-dual-pivot,1024,468,632,1242,0.5088566827697263,200
quick-dual-pivot,1024,469,632,1138,0.5553602811950791,200
quick-dual-pivot,1024,470,632,1229,0.5142392188771359,200
quick-dual-pivot,1024,471,632,1187,0.5324347093513058,200
quick-dual-pivot,1024,472,629,20751,0.030311792202785407,200
quick-dual-pivot,1024,473,627,14369,0.04363560442619528,200
quick-dual-pivot,1024,474,627,1161,0.5400516795865633,200
quick-dual-pivot,1024,475,625,12880,0.048524844720496896,200
quick-dual-pivot,1024,476,624,5605,0.11132917038358608,200
quick-dual-pivot,1024,477,620,33990,0.018240659017358045,200
quick-dual-pivot,1024,478,618,13412,0.0460781389800179,200
quick-dual-pivot,1024,479,617,5716,0.10794261721483554,200
quick-dual-pivot,1024,480,616,8644,0.07126330402591392,200
quick-dual-pivot,1024,481,615,5986,0.10273972602739725,200
quick-dual-pivot,1024,482,613,14783,0.04146654941486843,200
quick-dual-pivot,1024,483,612,10248,0.059718969555035126,200
quick-dual-pivot,1024,484,608,32285,0.018832275050332973,200
quick-dual-pivot,1024,485,608,1128,0.5390070921985816,200
quick-dual-pivot,1024,486,607,8765,0.06925270964061608,200
quick-dual-pivot,1024,487,606,9288,0.06524547803617571,200
quick-dual-pivot,1024,488,605,5988,0.10103540414161656,200
quick-dual-pivot,1024,489,603,11929,0.0505490820689077,200
quick-dual-pivot,1024,490,601,18016,0.03335923623445826,200
quick-dual-pivot,1024,491,600,6017,0.09971746717633372,200
quick-dual-pivot,1024,492,598,15521,0.038528445332130665,200
quick-dual-pivot,1024,493,597,9686,0.06163534998967582,200
quick-dual-pivot,1024,494,596,10656,0.05593093093093093,200
quick-dual-pivot,1024,495,593,21680,0.02735239852398524,200
quick-dual-pivot,1024,496,591,15889,0.037195544087104286,200
quick-dual-pivot,1024,497,589,13634,0.04320082147572246,200
quick-dual-pivot,1024,498,589,1138,0.5175746924428822,200
quick-dual-pivot,1024,499,588,5033,0.1168289290681502,200
quick-dual-pivot,1024,500,586,13806,0.04244531363175431,200
quick-dual-pivot,1024,501,585,7499,0.07801040138685159,200
quick-dual-pivot,1024,502,584,9078,0.06433135051773518,200
quick-dual-pivot,1024,503,584,1160,0.503448275862069,200
quick-dual-pivot,1024,504,580,30276,0.019157088122605363,200
quick-dual-pivot,1024,505,577,26233,0.021995196889414096,200
quick-dual-pivot,1024,506,576,5355,0.10756302521008404,200
quick-dual-pivot,1024,507,573,19449,0.029461668980410305,200
quick-dual-pivot,1024,508,571,18566,0.03075514381126791,200
quick-dual-pivot,1024,509,570,8938,0.0637726560751846,200
quick-dual-pivot,1024,510,569,5559,0.10235653894585357,200
quick-dual-pivot,1024,511,568,10582,0.05367605367605367,200
quick-dual-pivot,1024,512,568,1042,0.54510556621881,200
quick-dual-pivot,1024,513,568,1093,0.5196706312900274,200
quick-dual-pivot,1024,514,566,10002,0.05658868226354729,200
quick-dual-pivot,1024,515,561,34512,0.016255215577190542,200
quick-dual-pivot,1024,516,556,32558,0.017077216045211622,200
quick-dual-pivot,1024,517,556,1047,0.5310410697230181,200
quick-dual-pivot,1024,518,556,1058,0.5255198487712666,200
quick-dual-pivot,1024,519,556,1034,0.5377176015473888,200
quick-dual-pivot,1024,520,553,21383,0.02586166580928775,200
quick-dual-pivot,1024,521,552,5524,0.0999275887038378,200
quick-dual-pivot,1024,522,551,5766,0.09556018036767257,200
quick-dual-pivot,1024,523,548,16572,0.033067825247405265,200
quick-dual-pivot,1024,524,546,10186,0.053602984488513646,200
quick-dual-pivot,1024,525,545,9163,0.059478336789261156,200
quick-dual-pivot,1024,526,543,15910,0.034129478315524826,200
quick-dual-pivot,1024,527,542,6562,0.08259676927765926,200
quick-dual-pivot,1024,528,541,8590,0.0629802095459837,200
quick-dual-pivot,1024,529,541,985,0.5492385786802031,200
quick-dual-pivot,1024,530,538,26459,0.020333345931441097,200
quick-dual-pivot,1024,531,534,29127,0.018333504995365124,200
quick-dual-pivot,1024,532,533,10370,0.051398264223722276,200
quick-dual-pivot,1024,533,532,5449,0.09763259313635529,200
quick-dual-pivot,1024,534,531,5590,0.09499105545617173,200
quick-dual-pivot,1024,535,531,982,0.5407331975560081,200
quick-dual-pivot,1024,536,530,5596,0.09471050750536097,200
quick-dual-pivot,1024,537,530,963,0.5503634475597092,200
quick-dual-pivot,1024,538,530,1029,0.5150631681243926,200
quick-dual-pivot,1024,539,529,8990,0.058843159065628474,200
quick-dual-pivot,1024,540,528,8905,0.05929253228523301,200
quick-dual-pivot,1024,541,527,4929,0.1069182389937107,200
quick-dual-pivot,1024,542,526,9506,0.055333473595623815,200
quick-dual-pivot,1024,543,523,21808,0.023982024944974322,200
quick-dual-pivot,1024,544,520,24681,0.021068838377699444,200
quick-dual-pivot,1024,545,518,14724,0.03518065743004618,200
quick-dual-pivot,1024,546,518,930,0.556989247311828,200
quick-dual-pivot,1024,547,517,8569,0.06033376123234917,200
quick-dual-pivot,1024,548,517,968,0.5340909090909091,200
quick-dual-pivot,1024,549,517,996,0.5190763052208835,200
quick-dual-pivot,1024,550,515,14132,0.03644211718086612,200
quick-dual-pivot,1024,551,515,962,0.5353430353430353,200
quick-dual-pivot,1024,552,515,947,0.5438225976768744,200
quick-dual-pivot,1024,553,514,8551,0.06010992866331423,200
quick-dual-pivot,1024,554,513,8995,0.05703168426903835,200
quick-dual-pivot,1024,555,512,7412,0.06907717215326498,200
quick-dual-pivot,1024,556,512,897,0.5707915273132664,200
quick-dual-pivot,1024,557,510,17008,0.029985888993414863,200
quick-dual-pivot,1024,558,509,9641,0.0527953531791308,200
quick-dual-pivot,1024,559,506,23182,0.021827279786040894,200
quick-dual-pivot,1024,560,505,5562,0.09079467817331895,200
quick-dual-pivot,1024,561,503,16253,0.030948132652433395,200
quick-dual-pivot,1024,562,503,938,0.5362473347547975,200
quick-dual-pivot,1024,563,502,6277,0.0799745101162976,200
quick-dual-pivot,1024,564,500,13474,0.037108505269407746,200
quick-dual-pivot,1024,565,500,914,0.5470459518599562,200
quick-dual-pivot,1024,566,500,952,0.5252100840336135,200
quick-dual-pivot,1024,567,498,12194,0.040839757257667704,200
quick-dual-pivot,1024,568,497,9993,0.04973481437005904,200
quick-dual-pivot,1024,569,493,29417,0.016759016894992693,200
quick-dual-pivot,1024,570,491,13838,0.035482006070241365,200
quick-dual-pivot,1024,571,490,9833,0.049832197701617,200
quick-dual-pivot,1024,572,489,6735,0.07260579064587973,200
quick-dual-pivot,1024,573,489,922,0.5303687635574837,200
quick-dual-pivot,1024,574,489,922,0.5303687635574837,200
quick-dual-pivot,1024,575,489,899,0.5439377085650723,200
quick-dual-pivot,1024,576,485,28375,0.01709251101321586,200
quick-dual-pivot,1024,577,484,10116,0.04784499802293397,200
quick-dual-pivot,1024,578,483,6861,0.07039790118058592,200
quick-dual-pivot,1024,579,481,12954,0.03713138798826617,200
quick-dual-pivot,1024,580,480,9541,0.050309191908604965,200
quick-dual-pivot,1024,581,478,18246,0.02619752274471117,200
quick-dual-pivot,1024,582,475,18250,0.026027397260273973,200
quick-dual-pivot,1024,583,474,9282,0.05106658047834518,200
quick-dual-pivot,1024,584,472,16212,0.029114236368122378,200
quick-dual-pivot,1024,585,472,877,0.5381984036488028,200
quick-dual-pivot,1024,586,471,8795,0.05355315520181921,200
quick-dual-pivot,1024,587,469,14471,0.03240964687996683,200
quick-dual-pivot,1024,588,468,9814,0.04768697778683513,200
quick-dual-pivot,1024,589,467,9755,0.04787288569964121,200
quick-dual-pivot,1024,590,466,5994,0.07774441107774441,200
quick-dual-pivot,1024,591,465,7537,0.06169563486798461,200
quick-dual-pivot,1024,592,464,5646,0.08218207580588027,200
quick-dual-pivot,1024,593,462,17259,0.02676864244741874,200
quick-dual-pivot,1024,594,462,860,0.5372093023255814,200
quick-dual-pivot,1024,595,461,7492,0.06153230112119594,200
quick-dual-pivot,1024,596,461,857,0.5379229871645275,200
quick-dual-pivot,1024,597,459,13485,0.03403781979977753,200
quick-dual-pivot,1024,598,458,9500,0.048210526315789475,200
quick-dual-pivot,1024,599,455,20314,0.022398345968297727,200
quick-dual-pivot,1024,600,455,848,0.5365566037735849,200
quick-dual-pivot,1024,601,453,16527,0.02740969322926121,200
quick-dual-pivot,1024,602,453,867,0.5224913494809689,200
quick-dual-pivot,1024,603,453,797,0.5683814303638645,200
quick-dual-pivot,1024,604,452,9697,0.0466123543363927,200
quick-dual-pivot,1024,605,452,830,0.5445783132530121,200
quick-dual-pivot,1024,606,452,822,0.5498783454987834,200
quick-dual-pivot,1024,607,452,825,0.5478787878787879,200
quick-dual-pivot,1024,608,449,22688,0.019790197461212976,200
quick-dual-pivot,1024,609,447,19089,0.02341662737702342,200
quick-dual-pivot,1024,610,446,6502,0.068594278683482,200
quick-dual-pivot,1024,611,445,5763,0.07721672739892417,200
quick-dual-pivot,1024,612,444,8731,0.05085328141106402,200
quick-dual-pivot,1024,613,441,20877,0.021123724673085213,200
quick-dual-pivot,1024,614,440,6084,0.07232084155161078,200
quick-dual-pivot,1024,615,439,8900,0.049325842696629214,200
quick-dual-pivot,1024,616,437,17750,0.024619718309859154,200
quick-dual-pivot,1024,617,436,9551,0.04564967019160297,200
quick-dual-pivot,1024,618,435,8757,0.049674546077423776,200
quick-dual-pivot,1024,619,432,24423,0.017688244687384842,200
quick-dual-pivot,1024,620,430,15228,0.0282374573154715,200
quick-dual-pivot,1024,621,427,21848,0.019544123031856462,200
quick-dual-pivot,1024,622,426,5659,0.0752783177239795,200
quick-dual-pivot,1024,623,424,13661,0.0310372593514384,200
quick-dual-pivot,1024,624,424,761,0.557161629434954,200
quick-dual-pivot,1024,625,422,17711,0.023827000169386256,200
quick-dual-pivot,1024,626,421,9156,0.04598077763215378,200
quick-dual-pivot,1024,627,421,768,0.5481770833333334,200
quick-dual-pivot,1024,628,420,10018,0.04192453583549611,200
quick-dual-pivot,1024,629,420,784,0.5357142857142857,200
quick-dual-pivot,1024,630,419,9973,0.04201343627795047,200
quick-dual-pivot,1024,631,419,767,0.546284224250326,200
quick-dual-pivot,1024,632,416,22513,0.018478212588282326,200
quick-dual-pivot,1024,633,415,8505,0.04879482657260435,200
quick-dual-pivot,1024,634,414,10335,0.04005805515239477,200
quick-dual-pivot,1024,635,414,790,0.5240506329113924,200
quick-dual-pivot,1024,636,413,6089,0.06782722943011989,200
quick-dual-pivot,1024,637,412,7285,0.056554564172958136,200
quick-dual-pivot,1024,638,412,736,0.5597826086956522,200
quick-dual-pivot,1024,639,412,780,0.5282051282051282,200
quick-dual-pivot,1024,640,411,8420,0.04881235154394299,200
quick-dual-pivot,1024,641,411,786,0.5229007633587787,200
quick-dual-pivot,1024,642,410,9564,0.04286909242994563,200
quick-dual-pivot,1024,643,410,753,0.5444887118193891,200
quick-dual-pivot,1024,644,407,25006,0.016276093737502998,200
quick-dual-pivot,1024,645,405,18877,0.02145468029877629,200
quick-dual-pivot,1024,646,404,6701,0.06028950902850321,200
quick-dual-pivot,1024,647,403,9704,0.04152926628194559,200
quick-dual-pivot,1024,648,401,15235,0.026320971447325238,200
quick-dual-pivot,1024,649,398,24445,0.016281448148905708,200
quick-dual-pivot,1024,650,397,8984,0.04418967052537845,200
quick-dual-pivot,1024,651,397,727,0.546079779917469,200
quick-dual-pivot,1024,652,395,18779,0.02103413387294318,200
quick-dual-pivot,1024,653,395,730,0.541095890410959,200
quick-dual-pivot,1024,654,395,732,0.5396174863387978,200
quick-dual-pivot,1024,655,395,711,0.5555555555555556,200
quick-dual-pivot,1024,656,393,19438,0.020218129437184897,200
quick-dual-pivot,1024,657,391,14918,0.0262099477141708,200
quick-dual-pivot,1024,658,389,18464,0.02106802426343154,200
quick-dual-pivot,1024,659,387,15469,0.025017777490464802,200
quick-dual-pivot,1024,660,387,691,0.5600578871201157,200
quick-dual-pivot,1024,661,387,707,0.5473833097595474,200
quick-dual-pivot,1024,662,385,16307,0.023609492855828786,200
quick-dual-pivot,1024,663,384,6641,0.05782261707574161,200
quick-dual-pivot,1024,664,384,679,0.5655375552282769,200
quick-dual-pivot,1024,665,383,8435,0.04540604623592175,200
quick-dual-pivot,1024,666,382,8726,0.043777217510887007,200
quick-dual-pivot,1024,667,381,10042,0.03794064927305318,200
quick-dual-pivot,1024,668,380,9802,0.03876759844929606,200
quick-dual-pivot,1024,669,379,6759,0.05607338363663264,200
quick-dual-pivot,1024,670,378,6352,0.0595088161209068,200
quick-dual-pivot,1024,671,374,32084,0.011656900635830943,200
quick-dual-pivot,1024,672,374,673,0.5557206537890045,200
quick-dual-pivot,1024,673,372,17769,0.020935336822556137,200
quick-dual-pivot,1024,674,372,705,0.5276595744680851,200
quick-dual-pivot,1024,675,371,9613,0.038593571205659004,200
quick-dual-pivot,1024,676,371,692,0.5361271676300579,200
quick-dual-pivot,1024,677,367,29791,0.012319156792319827,200
quick-dual-pivot,1024,678,367,678,0.5412979351032449,200
quick-dual-pivot,1024,679,366,7934,0.04613057726241492,200
quick-dual-pivot,1024,680,366,660,0.5545454545454546,200
quick-dual-pivot,1024,681,365,6195,0.058918482647296204,200
quick-dual-pivot,1024,682,364,8088,0.04500494559841741,200
quick-dual-pivot,1024,683,364,665,0.5473684210526316,200
quick-dual-pivot,1024,684,364,644,0.5652173913043478,200
quick-dual-pivot,1024,685,362,18492,0.01957603287908285,200
quick-dual-pivot,1024,686,359,27611,0.01300206439462533,200
quick-dual-pivot,1024,687,359,637,0.5635792778649922,200
quick-dual-pivot,1024,688,359,628,0.571656050955414,200
quick-dual-pivot,1024,689,358,9543,0.03751440846693912,200
quick-dual-pivot,1024,690,357,6440,0.05543478260869565,200
quick-dual-pivot,1024,691,357,665,0.5368421052631579,200
quick-dual-pivot,1024,692,357,641,0.5569422776911076,200
quick-dual-pivot,1024,693,356,8978,0.03965248384940967,200
quick-dual-pivot,1024,694,353,23484,0.015031510815874638,200
quick-dual-pivot,1024,695,353,617,0.5721231766612642,200
quick-dual-pivot,1024,696,353,622,0.567524115755627,200
quick-dual-pivot,1024,697,352,7603,0.046297514139155595,200
quick-dual-pivot,1024,698,350,15269,0.022922260789835613,200
quick-dual-pivot,1024,699,350,634,0.5520504731861199,200
quick-dual-pivot,1024,700,350,615,0.5691056910569106,200
quick-dual-pivot,1024,701,350,627,0.5582137161084529,200
quick-dual-pivot,1024,702,346,34134,0.01013652077107869,200
quick-dual-pivot,1024,703,346,580,0.596551724137931,200
quick-dual-pivot,1024,704,346,653,0.5298621745788668,200
quick-dual-pivot,1024,705,346,611,0.5662847790507365,200
quick-dual-pivot,1024,706,346,591,0.5854483925549916,200
quick-dual-pivot,1024,707,346,620,0.5580645161290323,200
quick-dual-pivot,1024,708,343,23943,0.014325690180846177,200
quick-dual-pivot,1024,709,343,611,0.5613747954173486,200
quick-dual-pivot,1024,710,342,9150,0.037377049180327866,200
quick-dual-pivot,1024,711,341,6950,0.04906474820143885,200
quick-dual-pivot,1024,712,341,653,0.5222052067381318,200
quick-dual-pivot,1024,713,340,8440,0.04028436018957346,200
quick-dual-pivot,1024,714,338,17492,0.01932311914017837,200
quick-dual-pivot,1024,715,336,17724,0.018957345971563982,200
quick-dual-pivot,1024,716,335,8384,0.03995706106870229,200
quick-dual-pivot,1024,717,335,587,0.5706984667802385,200
quick-dual-pivot,1024,718,335,599,0.5592654424040067,200
quick-dual-pivot,1024,719,334,9545,0.03499214248297538,200
quick-dual-pivot,1024,720,333,9304,0.035791057609630264,200
quick-dual-pivot,1024,721,331,18232,0.018154892496709082,200
quick-dual-pivot,1024,722,331,586,0.5648464163822525,200
quick-dual-pivot,1024,723,331,580,0.5706896551724138,200
quick-dual-pivot,1024,724,329,15429,0.02132348175513643,200
quick-dual-pivot,1024,725,328,7821,0.0419383710522951,200
quick-dual-pivot,1024,726,326,18425,0.01769335142469471,200
quick-dual-pivot,1024,727,326,565,0.5769911504424778,200
quick-dual-pivot,1024,728,325,8836,0.03678134902670892,200
quick-dual-pivot,1024,729,324,8529,0.03798804080196975,200
quick-dual-pivot,1024,730,322,15537,0.020724721632232736,200
quick-dual-pivot,1024,731,322,557,0.578096947935368,200
quick-dual-pivot,1024,732,322,590,0.5457627118644067,200
quick-dual-pivot,1024,733,321,9053,0.035457859273169114,200
quick-dual-pivot,1024,734,318,26534,0.011984623501922063,200
quick-dual-pivot,1024,735,317,9423,0.0336410909476812,200
quick-dual-pivot,1024,736,315,15973,0.019720778814249044,200
quick-dual-pivot,1024,737,314,8367,0.037528385323293896,200
quick-dual-pivot,1024,738,313,6560,0.04771341463414634,200
quick-dual-pivot,1024,739,313,551,0.5680580762250453,200
quick-dual-pivot,1024,740,313,564,0.5549645390070922,200
quick-dual-pivot,1024,741,310,25625,0.012097560975609756,200
quick-dual-pivot,1024,742,309,8325,0.03711711711711712,200
quick-dual-pivot,1024,743,309,524,0.5896946564885496,200
quick-dual-pivot,1024,744,309,545,0.5669724770642202,200
quick-dual-pivot,1024,745,309,547,0.5648994515539305,200
quick-dual-pivot,1024,746,308,9056,0.03401060070671378,200
quick-dual-pivot,1024,747,308,531,0.5800376647834274,200
quick-dual-pivot,1024,748,308,544,0.5661764705882353,200
quick-dual-pivot,1024,749,308,538,0.5724907063197026,200
quick-dual-pivot,1024,750,308,538,0.5724907063197026,200
quick-dual-pivot,1024,751,307,7716,0.039787454639709695,200
quick-dual-pivot,1024,752,306,9540,0.03207547169811321,200
quick-dual-pivot,1024,753,304,17713,0.01716253599051544,200
quick-dual-pivot,1024,754,304,514,0.5914396887159533,200
quick-dual-pivot,1024,755,303,8339,0.03633529200143902,200
quick-dual-pivot,1024,756,302,9956,0.030333467255926075,200
quick-dual-pivot,1024,757,299,26387,0.011331337400992913,200
quick-dual-pivot,1024,758,299,538,0.5557620817843866,200
quick-dual-pivot,1024,759,298,8395,0.035497319833234064,200
quick-dual-pivot,1024,760,297,9410,0.03156216790648247,200
quick-dual-pivot,1024,761,297,500,0.594,200
quick-dual-pivot,1024,762,296,9791,0.030231845572464507,200
quick-dual-pivot,1024,763,295,9340,0.03158458244111349,200
quick-dual-pivot,1024,764,294,9192,0.03198433420365535,200
quick-dual-pivot,1024,765,294,515,0.570873786407767,200
quick-dual-pivot,1024,766,292,18430,0.015843733043950082,200
quick-dual-pivot,1024,767,291,9578,0.03038212570474003,200
quick-dual-pivot,1024,768,291,517,0.562862669245648,200
quick-dual-pivot,1024,769,290,7831,0.03703230749584983,200
quick-dual-pivot,1024,770,290,502,0.5776892430278885,200
quick-dual-pivot,1024,771,290,503,0.5765407554671969,200
quick-dual-pivot,1024,772,289,9697,0.02980303186552542,200
quick-dual-pivot,1024,773,287,13725,0.020910746812386156,200
quick-dual-pivot,1024,774,286,8641,0.03309802106237704,200
quick-dual-pivot,1024,775,286,493,0.5801217038539553,200
quick-dual-pivot,1024,776,286,500,0.572,200
quick-dual-pivot,1024,777,285,8873,0.032119914346895075,200
quick-dual-pivot,1024,778,284,8657,0.03280582187824881,200
quick-dual-pivot,1024,779,284,501,0.5668662674650699,200
quick-dual-pivot,1024,780,284,491,0.5784114052953157,200
quick-dual-pivot,1024,781,283,9395,0.030122405534858968,200
quick-dual-pivot,1024,782,282,9461,0.029806574357890286,200
quick-dual-pivot,1024,783,281,9763,0.028782136638328383,200
quick-dual-pivot,1024,784,281,490,0.573469387755102,200
quick-dual-pivot,1024,785,281,510,0.5509803921568628,200
quick-dual-pivot,1024,786,280,9242,0.03029647262497295,200
quick-dual-pivot,1024,787,279,10358,0.026935701872948446,200
quick-dual-pivot,1024,788,279,491,0.5682281059063137,200
quick-dual-pivot,1024,789,278,9497,0.02927240181109824,200
quick-dual-pivot,1024,790,278,518,0.5366795366795367,200
quick-dual-pivot,1024,791,277,8934,0.031005148869487353,200
quick-dual-pivot,1024,792,276,9668,0.028547786512205214,200
quick-dual-pivot,1024,793,275,7483,0.036749966590939466,199
quick-dual-pivot,1024,794,275,494,0.5566801619433198,199
quick-dual-pivot,1024,795,274,9008,0.03041740674955595,199
quick-dual-pivot,1024,796,272,15999,0.017001062566410402,199
quick-dual-pivot,1024,797,271,8949,0.03028271315230752,198
quick-dual-pivot,1024,798,271,491,0.5519348268839104,198
quick-dual-pivot,1024,799,270,8957,0.030144021435748576,198
quick-dual-pivot,1024,800,270,459,0.5882352941176471,198
quick-dual-pivot,1024,801,270,468,0.5769230769230769,198
quick-dual-pivot,1024,802,270,476,0.5672268907563025,198
quick-dual-pivot,1024,803,270,476,0.5672268907563025,198
quick-dual-pivot,1024,804,270,457,0.5908096280087527,198
quick-dual-pivot,1024,805,270,476,0.5672268907563025,198
quick-dual-pivot,1024,806,269,9241,0.02910940374418353,198
quick-dual-pivot,1024,807,269,495,0.5434343434343434,198
quick-dual-pivot,1024,808,267,18277,0.014608524374897411,198
quick-dual-pivot,1024,809,264,27722,0.009523122429839118,198
quick-dual-pivot,1024,810,264,481,0.5488565488565489,198
quick-dual-pivot,1024,811,263,9073,0.028987104596054226,198
quick-dual-pivot,1024,812,263,462,0.5692640692640693,198
quick-dual-pivot,1024,813,263,436,0.6032110091743119,198
quick-dual-pivot,1024,814,262,8500,0.030823529411764704,198
quick-dual-pivot,1024,815,261,8367,0.03119397633560416,198
quick-dual-pivot,1024,816,261,456,0.5723684210526315,198
quick-dual-pivot,1024,817,259,17418,0.014869675048800091,198
quick-dual-pivot,1024,818,259,473,0.547568710359408,198
quick-dual-pivot,1024,819,258,9221,0.02797961175577486,198
quick-dual-pivot,1024,820,257,7602,0.03380689292291502,198
quick-dual-pivot,1024,821,256,9140,0.02800875273522976,198
quick-dual-pivot,1024,822,256,463,0.5529157667386609,198
quick-dual-pivot,1024,823,255,9316,0.02737226277372263,198
quick-dual-pivot,1024,824,255,424,0.6014150943396226,198
quick-dual-pivot,1024,825,255,459,0.5555555555555556,198
quick-dual-pivot,1024,826,253,18171,0.013923284354190744,198
quick-dual-pivot,1024,827,252,9429,0.026726057906458798,197
quick-dual-pivot,1024,828,251,9020,0.027827050997782706,197
quick-dual-pivot,1024,829,251,422,0.5947867298578199,197
quick-dual-pivot,1024,830,248,24919,0.009952245274689995,197
quick-dual-pivot,1024,831,247,9856,0.025060876623376624,197
quick-dual-pivot,1024,832,247,436,0.5665137614678899,196
quick-dual-pivot,1024,833,247,427,0.5784543325526932,196
quick-dual-pivot,1024,834,247,428,0.5771028037383178,196
quick-dual-pivot,1024,835,247,429,0.5757575757575758,196
quick-dual-pivot,1024,836,247,422,0.5853080568720379,196
quick-dual-pivot,1024,837,246,9317,0.026403348717398304,196
quick-dual-pivot,1024,838,245,8023,0.030537205534089493,196
quick-dual-pivot,1024,839,244,8453,0.028865491541464568,196
quick-dual-pivot,1024,840,243,9681,0.025100712736287573,196
quick-dual-pivot,1024,841,243,426,0.5704225352112676,196
quick-dual-pivot,1024,842,243,416,0.5841346153846154,196
quick-dual-pivot,1024,843,243,411,0.5912408759124088,196
quick-dual-pivot,1024,844,241,18343,0.013138526958512784,196
quick-dual-pivot,1024,845,240,9569,0.025080990699132617,194
quick-dual-pivot,1024,846,238,18135,0.01312379376895506,194
quick-dual-pivot,1024,847,238,401,0.5935162094763092,192
quick-dual-pivot,1024,848,238,411,0.5790754257907542,192
quick-dual-pivot,1024,849,237,10005,0.02368815592203898,192
quick-dual-pivot,1024,850,235,17534,0.013402532223109387,192
quick-dual-pivot,1024,851,235,421,0.5581947743467933,192
quick-dual-pivot,1024,852,233,18434,0.012639687533904742,192
quick-dual-pivot,1024,853,231,19067,0.012115172811664132,191
quick-dual-pivot,1024,854,231,411,0.5620437956204379,190
quick-dual-pivot,1024,855,229,16592,0.013801832208293154,190
quick-dual-pivot,1024,856,229,401,0.571072319201995,190
quick-dual-pivot,1024,857,227,16633,0.013647568087536824,190
quick-dual-pivot,1024,858,227,403,0.5632754342431762,190
quick-dual-pivot,1024,859,227,376,0.6037234042553191,190
quick-dual-pivot,1024,860,227,391,0.5805626598465473,190
quick-dual-pivot,1024,861,226,9651,0.02341726245984872,190
quick-dual-pivot,1024,862,226,404,0.5594059405940595,189
quick-dual-pivot,1024,863,224,18347,0.012209080503624571,189
quick-dual-pivot,1024,864,222,18430,0.012045577862181226,187
quick-dual-pivot,1024,865,221,8578,0.02576358125437165,186
quick-dual-pivot,1024,866,221,401,0.5511221945137157,186
quick-dual-pivot,1024,867,220,8763,0.025105557457491726,186
quick-dual-pivot,1024,868,220,357,0.6162464985994398,185
quick-dual-pivot,1024,869,217,24914,0.008709962270209521,185
quick-dual-pivot,1024,870,217,348,0.6235632183908046,184
quick-dual-pivot,1024,871,215,17820,0.012065095398428732,184
quick-dual-pivot,1024,872,215,367,0.5858310626702997,182
quick-dual-pivot,1024,873,214,10037,0.021321111886021718,182
quick-dual-pivot,1024,874,213,9223,0.023094437818497234,181
quick-dual-pivot,1024,875,213,333,0.6396396396396397,181
quick-dual-pivot,1024,876,212,9405,0.02254120148856991,181
quick-dual-pivot,1024,877,212,367,0.5776566757493188,181
quick-dual-pivot,1024,878,212,345,0.6144927536231884,181
quick-dual-pivot,1024,879,211,8939,0.02360443002572995,181
quick-dual-pivot,1024,880,210,8776,0.023928896991795807,180
quick-dual-pivot,1024,881,208,17866,0.011642225456173739,180
quick-dual-pivot,1024,882,208,371,0.5606469002695418,178
quick-dual-pivot,1024,883,207,9371,0.02208942482125707,178
quick-dual-pivot,1024,884,206,9056,0.022747349823321553,178
quick-dual-pivot,1024,885,203,26225,0.0077407054337464256,177
quick-dual-pivot,1024,886,203,338,0.6005917159763313,174
quick-dual-pivot,1024,887,201,18217,0.01103364988746775,174
quick-dual-pivot,1024,888,201,351,0.5726495726495726,172
quick-dual-pivot,1024,889,200,8823,0.022668026748271564,172
quick-dual-pivot,1024,890,199,8800,0.022613636363636364,171
quick-dual-pivot,1024,891,198,9848,0.020105605199025184,170
quick-dual-pivot,1024,892,198,317,0.6246056782334385,170
quick-dual-pivot,1024,893,195,27541,0.007080352928361352,170
quick-dual-pivot,1024,894,194,8844,0.02193577566711895,167
quick-dual-pivot,1024,895,193,10171,0.01897551863140301,167
quick-dual-pivot,1024,896,193,326,0.5920245398773006,166
quick-dual-pivot,1024,897,193,322,0.5993788819875776,166
quick-dual-pivot,1024,898,191,18855,0.010129939008220632,166
quick-dual-pivot,1024,899,191,328,0.5823170731707317,165
quick-dual-pivot,1024,900,191,316,0.6044303797468354,165
quick-dual-pivot,1024,901,190,9295,0.020441097364174286,165
quick-dual-pivot,1024,902,190,313,0.6070287539936102,164
quick-dual-pivot,1024,903,190,316,0.6012658227848101,164
quick-dual-pivot,1024,904,188,17592,0.010686675761709868,164
quick-dual-pivot,1024,905,188,302,0.6225165562913907,162
quick-dual-pivot,1024,906,186,17921,0.010378885106857876,162
quick-dual-pivot,1024,907,183,26593,0.0068815101718497345,161
quick-dual-pivot,1024,908,183,326,0.5613496932515337,159
quick-dual-pivot,1024,909,183,286,0.6398601398601399,159
quick-dual-pivot,1024,910,181,18384,0.009845517841601393,159
quick-dual-pivot,1024,911,180,9381,0.019187719859290055,158
quick-dual-pivot,1024,912,180,277,0.6498194945848376,158
quick-dual-pivot,1024,913,180,317,0.5678233438485805,158
quick-dual-pivot,1024,914,178,19072,0.009333053691275168,158
quick-dual-pivot,1024,915,175,29093,0.006015192658027704,157
quick-dual-pivot,1024,916,174,8895,0.019561551433389546,155
quick-dual-pivot,1024,917,172,19767,0.008701370971821724,155
quick-dual-pivot,1024,918,170,18638,0.0091211503380191,154
quick-dual-pivot,1024,919,169,9150,0.018469945355191256,153
quick-dual-pivot,1024,920,165,35360,0.004666289592760181,152
quick-dual-pivot,1024,921,164,8684,0.018885306310456013,148
quick-dual-pivot,1024,922,164,287,0.5714285714285714,147
quick-dual-pivot,1024,923,164,261,0.6283524904214559,147
quick-dual-pivot,1024,924,163,8788,0.01854802002730997,147
quick-dual-pivot,1024,925,162,8396,0.019294902334444974,146
quick-dual-pivot,1024,926,162,257,0.6303501945525292,146
quick-dual-pivot,1024,927,160,17806,0.008985735145456588,146
quick-dual-pivot,1024,928,159,9800,0.016224489795918368,146
quick-dual-pivot,1024,929,159,271,0.5867158671586716,145
quick-dual-pivot,1024,930,159,247,0.6437246963562753,145
quick-dual-pivot,1024,931,159,267,0.5955056179775281,145
quick-dual-pivot,1024,932,159,241,0.6597510373443983,145
quick-dual-pivot,1024,933,159,272,0.5845588235294118,145
quick-dual-pivot,1024,934,158,9591,0.01647377749973934,145
quick-dual-pivot,1024,935,158,248,0.6370967741935484,145
quick-dual-pivot,1024,936,158,276,0.572463768115942,145
quick-dual-pivot,1024,937,158,257,0.6147859922178989,145
quick-dual-pivot,1024,938,157,9477,0.01656642397383138,145
quick-dual-pivot,1024,939,156,9119,0.017107138940673318,144
quick-dual-pivot,1024,940,156,243,0.6419753086419753,144
quick-dual-pivot,1024,941,155,9757,0.01588603054217485,144
quick-dual-pivot,1024,942,154,9025,0.01706371191135734,143
quick-dual-pivot,1024,943,153,10098,0.015151515151515152,142
quick-dual-pivot,1024,944,153,261,0.5862068965517241,142
quick-dual-pivot,1024,945,153,254,0.6023622047244095,142
quick-dual-pivot,1024,946,152,9190,0.016539717083786723,142
quick-dual-pivot,1024,947,151,9189,0.016432691261290672,141
quick-dual-pivot,1024,948,149,18046,0.008256677380028814,140
quick-dual-pivot,1024,949,149,240,0.6208333333333333,138
quick-dual-pivot,1024,950,148,8936,0.01656222023276634,138
quick-dual-pivot,1024,951,146,16964,0.008606460740391416,138
quick-dual-pivot,1024,952,146,237,0.6160337552742616,136
quick-dual-pivot,1024,953,144,17722,0.008125493736598578,136
quick-dual-pivot,1024,954,143,9282,0.015406162464985995,134
quick-dual-pivot,1024,955,142,9285,0.015293484114162629,133
quick-dual-pivot,1024,956,141,9009,0.015651015651015652,132
quick-dual-pivot,1024,957,140,9134,0.015327348368732209,131
quick-dual-pivot,1024,958,139,8972,0.015492643780650914,130
quick-dual-pivot,1024,959,138,10897,0.012664035973203635,129
quick-dual-pivot,1024,960,136,18378,0.007400152356077919,129
quick-dual-pivot,1024,961,134,17400,0.0077011494252873566,128
quick-dual-pivot,1024,962,133,9322,0.01426732460845312,127
quick-dual-pivot,1024,963,129,35854,0.003597924917721872,126
quick-dual-pivot,1024,964,126,26985,0.004669260700389105,123
quick-dual-pivot,1024,965,126,206,0.6116504854368932,120
quick-dual-pivot,1024,966,125,8851,0.014122698000225963,120
quick-dual-pivot,1024,967,123,18719,0.006570863828195951,119
quick-dual-pivot,1024,968,122,9433,0.012933319198558254,118
quick-dual-pivot,1024,969,122,189,0.6455026455026455,117
quick-dual-pivot,1024,970,121,9034,0.013393845472658844,117
quick-dual-pivot,1024,971,120,9399,0.012767315671879987,116
quick-dual-pivot,1024,972,116,37565,0.0030879808332224144,115
quick-dual-pivot,1024,973,115,9112,0.01262071992976295,111
quick-dual-pivot,1024,974,115,191,0.6020942408376964,110
quick-dual-pivot,1024,975,113,18554,0.006090330925945887,110
quick-dual-pivot,1024,976,113,177,0.6384180790960452,108
quick-dual-pivot,1024,977,113,183,0.6174863387978142,108
quick-dual-pivot,1024,978,113,167,0.6766467065868264,108
quick-dual-pivot,1024,979,109,38466,0.002833671294129881,108
quick-dual-pivot,1024,980,108,8930,0.012094064949608062,106
quick-dual-pivot,1024,981,105,28532,0.0036800785083415115,105
quick-dual-pivot,1024,982,105,158,0.6645569620253164,102
quick-dual-pivot,1024,983,104,9627,0.010802950036356082,102
quick-dual-pivot,1024,984,104,165,0.6303030303030303,101
quick-dual-pivot,1024,985,104,162,0.6419753086419753,101
quick-dual-pivot,1024,986,102,18326,0.0055658627087198514,101
quick-dual-pivot,1024,987,101,8697,0.01161319995400713,99
quick-dual-pivot,1024,988,99,18385,0.0053848245852597225,98
quick-dual-pivot,1024,989,98,9269,0.010572877333045636,96
quick-dual-pivot,1024,990,98,161,0.6086956521739131,95
quick-dual-pivot,1024,991,94,35745,0.002629738424954539,95
quick-dual-pivot,1024,992,93,8946,0.01039570757880617,92
quick-dual-pivot,1024,993,91,17516,0.00519525005709066,91
quick-dual-pivot,1024,994,86,46069,0.0018667650697866244,89
quick-dual-pivot,1024,995,84,18983,0.004425011852710319,84
quick-dual-pivot,1024,996,83,10617,0.007817650937176226,82
quick-dual-pivot,1024,997,80,27820,0.002875629043853343,81
quick-dual-pivot,1024,998,77,28644,0.002688172043010753,78
quick-dual-pivot,1024,999,77,123,0.6260162601626016,75
quick-dual-pivot,1024,1000,76,10080,0.00753968253968254,75
quick-dual-pivot,1024,1001,74,21186,0.0034928726517511562,74
quick-dual-pivot,1024,1002,72,18018,0.003996003996003996,72
quick-dual-pivot,1024,1003,70,19226,0.003640902943930095,70
quick-dual-pivot,1024,1004,68,18271,0.0037217448415521864,68
quick-dual-pivot,1024,1005,67,9312,0.007195017182130584,66
quick-dual-pivot,1024,1006,65,18752,0.003466296928327645,65
quick-dual-pivot,1024,1007,63,17977,0.0035044779440396062,63
quick-dual-pivot,1024,1008,60,26992,0.0022228808535862477,61
quick-dual-pivot,1024,1009,55,47124,0.0011671335200746965,58
quick-dual-pivot,1024,1010,54,9601,0.0056244141235287995,53
quick-dual-pivot,1024,1011,50,38142,0.0013108908814430287,52
quick-dual-pivot,1024,1012,46,37856,0.0012151310228233306,48
quick-dual-pivot,1024,1013,45,9736,0.00462202136400986,44
quick-dual-pivot,1024,1014,43,18165,0.002367189650426645,43
quick-dual-pivot,1024,1015,39,38113,0.0010232728990108362,41
quick-dual-pivot,1024,1016,36,27389,0.0013143962904815802,37
quick-dual-pivot,1024,1017,34,18703,0.0018178901780463027,34
quick-dual-pivot,1024,1018,32,18383,0.0017407387259968448,32
quick-dual-pivot,1024,1019,27,47722,0.0005657767905787687,30
quick-dual-pivot,1024,1020,24,28207,0.0008508526252348707,25
quick-dual-pivot,1024,1021,23,10690,0.0021515434985968193,22
quick-dual-pivot,1024,1022,13,93978,0.00013833024750473514,22
quick-dual-pivot,1024,1023,0,125857,0.0,13
quick-multipivot-1,128,0,25600,1625800,0.01574609423053266,200
quick-multipivot-1,128,1,25599,5375563,0.004762105848261847,200
quick-multipivot-1,128,2,25564,3553223,0.007194594879071761,200
quick-multipivot-1,128,3,25429,2096090,0.012131635569083388,200
quick-multipivot-1,128,4,24954,1401556,0.017804497287300686,200
quick-multipivot-1,128,5,23969,1021673,0.02346053972259226,200
quick-multipivot-1,128,6,22202,957243,0.02319369271961247,200
quick-multipivot-1,128,7,19840,881623,0.02250395010112032,200
quick-multipivot-1,128,8,16814,937108,0.017942435663765542,200
quick-multipivot-1,128,9,13697,896038,0.015286182059243023,200
quick-multipivot-1,128,10,10859,756783,0.014348895257953733,200
quick-multipivot-1,128,11,8595,573723,0.01498109714966979,200
quick-multipivot-1,128,12,6909,406670,0.01698920500651634,200
quick-multipivot-1,128,13,5792,274978,0.021063503262079147,200
quick-multipivot-1,128,14,4900,218517,0.02242388464055428,200
quick-multipivot-1,128,15,4236,159445,0.026567154818275894,200
quick-multipivot-1,128,16,3762,120759,0.031152957543537127,200
quick-multipivot-1,128,17,3389,100884,0.033593037548075015,200
quick-multipivot-1,128,18,3097,82691,0.03745268529827914,200
quick-multipivot-1,128,19,2861,70055,0.0408393405181643,200
quick-multipivot-1,128,20,2662,59738,0.04456125079513877,200
quick-multipivot-1,128,21,2513,43383,0.057925915681257635,200
quick-multipivot-1,128,22,2357,47085,0.050058405012211954,200
quick-multipivot-1,128,23,2242,35324,0.06346959574227154,200
quick-multipivot-1,128,24,2112,38819,0.054406347407197506,200
quick-multipivot-1,128,25,2008,30641,0.06553310923272739,200
quick-multipivot-1,128,26,1894,36950,0.051258457374830854,200
quick-multipivot-1,128,27,1803,31560,0.057129277566539925,200
quick-multipivot-1,128,28,1721,27659,0.06222206153512419,200
quick-multipivot-1,128,29,1641,23482,0.06988331487948216,200
quick-multipivot-1,128,30,1594,15592,0.10223191380194972,200
quick-multipivot-1,128,31,1527,22489,0.06789986215483125,200
quick-multipivot-1,128,32,1461,22192,0.06583453496755588,200
quick-multipivot-1,128,33,1406,16888,0.08325438180956893,200
quick-multipivot-1,128,34,1350,19031,0.07093689243865273,200
quick-multipivot-1,128,35,1305,16338,0.07987513771575468,200
quick-multipivot-1,128,36,1253,18389,0.06813856109630757,200
quick-multipivot-1,128,37,1213,14468,0.08384019905999447,200
quick-multipivot-1,128,38,1165,17415,0.06689635371805915,200
quick-multipivot-1,128,39,1137,10013,0.11355238190352542,200
quick-multipivot-1,128,40,1092,14522,0.07519625395950971,200
quick-multipivot-1,128,41,1049,18810,0.05576820839978735,200
quick-multipivot-1,128,42,1018,11481,0.08866823447434892,200
quick-multipivot-1,128,43,994,10187,0.09757534112103662,200
quick-multipivot-1,128,44,966,10979,0.08798615538755807,200
quick-multipivot-1,128,45,930,13897,0.06692091818378067,200
quick-multipivot-1,128,46,909,8534,0.106515116006562,200
quick-multipivot-1,128,47,888,7845,0.11319311663479924,200
quick-multipivot-1,128,48,859,11566,0.07426941034065364,200
quick-multipivot-1,128,49,835,9266,0.09011439671918843,200
quick-multipivot-1,128,50,807,11398,0.07080189506931041,200
quick-multipivot-1,128,51,794,5447,0.14576831283275196,200
quick-multipivot-1,128,52,782,5536,0.141257225433526,200
quick-multipivot-1,128,53,763,8966,0.08509926388579077,200
quick-multipivot-1,128,54,744,7773,0.09571593979158625,200
quick-multipivot-1,128,55,727,7352,0.09888465723612623,200
quick-multipivot-1,128,56,710,7380,0.09620596205962059,200
quick-multipivot-1,128,57,689,8886,0.07753769975241953,200
quick-multipivot-1,128,58,674,5951,0.11325827592001345,200
quick-multipivot-1,128,59,659,7119,0.09256918106475628,200
quick-multipivot-1,128,60,640,8676,0.07376671277086215,200
quick-multipivot-1,128,61,629,5008,0.1255990415335463,200
quick-multipivot-1,128,62,614,7714,0.07959554057557687,200
quick-multipivot-1,128,63,596,7436,0.08015061861215707,200
quick-multipivot-1,128,64,583,6413,0.09090909090909091,200
quick-multipivot-1,128,65,568,6697,0.08481409586381962,200
quick-multipivot-1,128,66,560,4165,0.13445378151260504,200
quick-multipivot-1,128,67,547,6037,0.09060791783998674,200
quick-multipivot-1,128,68,535,5117,0.10455344928669143,200
quick-multipivot-1,128,69,529,3407,0.15526856471969475,200
quick-multipivot-1,128,70,515,6934,0.07427170464378426,200
quick-multipivot-1,128,71,503,6671,0.075400989356918,200
quick-multipivot-1,128,72,494,4283,0.11533971515293019,200
quick-multipivot-1,128,73,479,7209,0.06644472187543349,200
quick-multipivot-1,128,74,469,5282,0.08879212419538053,200
quick-multipivot-1,128,75,460,4622,0.099524015577672,200
quick-multipivot-1,128,76,454,3017,0.15048060987736162,200
quick-multipivot-1,128,77,446,4152,0.10741811175337188,200
quick-multipivot-1,128,78,438,4095,0.10695970695970695,200
quick-multipivot-1,128,79,428,4661,0.09182578845741257,200
quick-multipivot-1,128,80,421,3879,0.10853312709461202,200
quick-multipivot-1,128,81,420,838,0.5011933174224343,200
quick-multipivot-1,128,82,415,3021,0.13737173121482954,200
quick-multipivot-1,128,83,411,2259,0.18193891102257637,200
quick-multipivot-1,128,84,404,3770,0.10716180371352785,200
quick-multipivot-1,128,85,396,4453,0.0889288120368291,200
quick-multipivot-1,128,86,391,2644,0.1478819969742814,200
quick-multipivot-1,128,87,383,4588,0.08347863993025284,200
quick-multipivot-1,128,88,378,3080,0.12272727272727273,200
quick-multipivot-1,128,89,377,779,0.4839537869062901,200
quick-multipivot-1,128,90,373,2528,0.1475474683544304,200
quick-multipivot-1,128,91,365,4846,0.07531985142385472,200
quick-multipivot-1,128,92,360,3305,0.10892586989409984,200
quick-multipivot-1,128,93,351,4962,0.07073760580411124,200
quick-multipivot-1,128,94,345,3958,0.08716523496715513,200
quick-multipivot-1,128,95,339,3738,0.09069020866773676,200
quick-multipivot-1,128,96,334,3146,0.10616656071201526,200
quick-multipivot-1,128,97,330,2479,0.13311819281968534,200
quick-multipivot-1,128,98,325,3408,0.09536384976525822,200
quick-multipivot-1,128,99,323,1454,0.2221458046767538,200
quick-multipivot-1,128,100,317,3681,0.08611790274381961,200
quick-multipivot-1,128,101,314,2154,0.1457753017641597,200
quick-multipivot-1,128,102,308,3953,0.07791550720971414,200
quick-multipivot-1,128,103,302,4034,0.07486365889935548,200
quick-multipivot-1,128,104,298,2630,0.11330798479087452,200
quick-multipivot-1,128,105,292,3952,0.07388663967611336,200
quick-multipivot-1,128,106,286,4203,0.06804663335712587,200
quick-multipivot-1,128,107,284,1410,0.20141843971631207,200
quick-multipivot-1,128,108,273,6995,0.039027877055039316,200
quick-multipivot-1,128,109,268,3522,0.0760931289040318,200
quick-multipivot-1,128,110,263,3740,0.07032085561497327,200
quick-multipivot-1,128,111,260,2061,0.12615235322658905,200
quick-multipivot-1,128,112,258,1611,0.1601489757914339,200
quick-multipivot-1,128,113,254,2993,0.08486468426328099,200
quick-multipivot-1,128,114,251,2099,0.11958075273939972,200
quick-multipivot-1,128,115,242,6033,0.04011271340958064,200
quick-multipivot-1,128,116,237,3778,0.06273160402329275,200
quick-multipivot-1,128,117,231,4230,0.05460992907801419,200
quick-multipivot-1,128,118,230,889,0.25871766029246346,200
quick-multipivot-1,128,119,226,2736,0.08260233918128655,200
quick-multipivot-1,128,120,221,3482,0.06346927053417577,200
quick-multipivot-1,128,121,217,3276,0.06623931623931624,200
quick-multipivot-1,128,122,213,3281,0.06491923194148126,200
quick-multipivot-1,128,123,210,2172,0.09668508287292818,200
quick-multipivot-1,128,124,207,2261,0.09155241043785936,200
quick-multipivot-1,128,125,206,1017,0.2025565388397247,200
quick-multipivot-1,128,126,205,832,0.24639423076923078,200
quick-multipivot-1,128,127,0,155279,0.0,200
quick-multipivot-1,256,0,51200,6528200,0.00784289697006832,200
quick-multipivot-1,256,1,51199,25213548,0.0020306146520910106,200
quick-multipivot-1,256,2,51183,15830018,0.0032332875426926235,200
quick-multipivot-1,256,3,51099,9335498,0.005473623367494696,200
quick-multipivot-1,256,4,50776,6154768,0.008249864170347282,200
quick-multipivot-1,256,5,49828,4609947,0.010808801055630358,200
quick-multipivot-1,256,6,47967,3650053,0.013141453014517872,200
quick-multipivot-1,256,7,44954,3584064,0.012542744772414778,200
quick-multipivot-1,256,8,40583,4025293,0.01008199899982436,200
quick-multipivot-1,256,9,35393,4133627,0.008562214249132784,200
quick-multipivot-1,256,10,29836,4120076,0.007241613989644851,200
quick-multipivot-1,256,11,24509,3666730,0.0066841572736470916,200
quick-multipivot-1,256,12,19908,3058847,0.006508334676432002,200
quick-multipivot-1,256,13,15980,2546810,0.006274515963106788,200
quick-multipivot-1,256,14,12992,1907569,0.006810762808579926,200
quick-multipivot-1,256,15,10792,1408862,0.007660083102532398,200
quick-multipivot-1,256,16,9197,1013581,0.009073769141292112,200
quick-multipivot-1,256,17,8085,699980,0.01155033000942884,200
quick-multipivot-1,256,18,7282,527045,0.01381665702169644,200
quick-multipivot-1,256,19,6665,405477,0.016437430483110017,200
quick-multipivot-1,256,20,6128,364036,0.016833499983518112,200
quick-multipivot-1,256,21,5712,281305,0.020305362506887543,200
quick-multipivot-1,256,22,5321,260520,0.020424535544296022,200
quick-multipivot-1,256,23,4988,236959,0.021050055072818503,200
quick-multipivot-1,256,24,4717,203941,0.023129238358152605,200
quick-multipivot-1,256,25,4441,190674,0.0232910622318722,200
quick-multipivot-1,256,26,4213,152596,0.027608849511127423,200
quick-multipivot-1,256,27,4012,134656,0.0297944391634981,200
quick-multipivot-1,256,28,3815,136529,0.02794278138710457,200
quick-multipivot-1,256,29,3637,129551,0.028073885959969434,200
quick-multipivot-1,256,30,3483,121523,0.02866124108193511,200
quick-multipivot-1,256,31,3327,115947,0.028694144738544335,200
quick-multipivot-1,256,32,3208,92176,0.03480298559277903,200
quick-multipivot-1,256,33,3085,92869,0.033218835133359895,200
quick-multipivot-1,256,34,2973,91223,0.03259046512392708,200
quick-multipivot-1,256,35,2864,80467,0.03559223035530093,200
quick-multipivot-1,256,36,2783,66876,0.041614331000657936,200
quick-multipivot-1,256,37,2698,66408,0.04062763522467173,200
quick-multipivot-1,256,38,2613,62810,0.041601655787295015,200
quick-multipivot-1,256,39,2538,67966,0.037342200512020716,200
quick-multipivot-1,256,40,2464,52841,0.04663045740996575,200
quick-multipivot-1,256,41,2380,60505,0.03933559209982646,200
quick-multipivot-1,256,42,2320,52804,0.043936065449587156,200
quick-multipivot-1,256,43,2254,52929,0.04258535018609836,200
quick-multipivot-1,256,44,2193,47337,0.04632739717345839,200
quick-multipivot-1,256,45,2143,42230,0.05074591522614255,200
quick-multipivot-1,256,46,2090,34554,0.06048503791167448,200
quick-multipivot-1,256,47,2028,48508,0.04180753690112971,200
quick-multipivot-1,256,48,1973,46705,0.042243871105877316,200
quick-multipivot-1,256,49,1931,33150,0.058250377073906484,200
quick-multipivot-1,256,50,1887,39642,0.04760102921144241,200
quick-multipivot-1,256,51,1846,37004,0.04988649875689115,200
quick-multipivot-1,256,52,1787,52231,0.0342133981734985,200
quick-multipivot-1,256,53,1736,44616,0.03890980814057737,200
quick-multipivot-1,256,54,1703,30876,0.05515610830418448,200
quick-multipivot-1,256,55,1665,29372,0.05668664033773662,200
quick-multipivot-1,256,56,1630,33128,0.0492030910408114,200
quick-multipivot-1,256,57,1602,24496,0.06539843239712606,200
quick-multipivot-1,256,58,1566,28919,0.05415125004322418,200
quick-multipivot-1,256,59,1535,28605,0.05366194721202587,200
quick-multipivot-1,256,60,1496,32994,0.04534157725647087,200
quick-multipivot-1,256,61,1463,27752,0.05271692130296916,200
quick-multipivot-1,256,62,1443,19586,0.07367507403247217,200
quick-multipivot-1,256,63,1417,23469,0.060377519280753335,200
quick-multipivot-1,256,64,1393,22130,0.06294622684139177,200
quick-multipivot-1,256,65,1363,28338,0.04809796033594467,200
quick-multipivot-1,256,66,1336,22490,0.05940417963539351,200
quick-multipivot-1,256,67,1314,24769,0.05305018369736364,200
quick-multipivot-1,256,68,1287,25447,0.050575706370102565,200
quick-multipivot-1,256,69,1280,6941,0.18441146808817174,200
quick-multipivot-1,256,70,1261,17529,0.07193793142791945,200
quick-multipivot-1,256,71,1242,16809,0.0738889880421203,200
quick-multipivot-1,256,72,1230,10320,0.11918604651162791,200
quick-multipivot-1,256,73,1210,24991,0.04841743027489896,200
quick-multipivot-1,256,74,1179,29026,0.04061875559842899,200
quick-multipivot-1,256,75,1160,18910,0.061343204653622425,200
quick-multipivot-1,256,76,1144,14767,0.07747003453646645,200
quick-multipivot-1,256,77,1130,12524,0.09022676461194507,200
quick-multipivot-1,256,78,1114,16494,0.06753971141020977,200
quick-multipivot-1,256,79,1099,11709,0.09385942437441284,200
quick-multipivot-1,256,80,1082,13059,0.0828547361972586,200
quick-multipivot-1,256,81,1067,13505,0.07900777489818586,200
quick-multipivot-1,256,82,1048,18345,0.05712728263832107,200
quick-multipivot-1,256,83,1029,14208,0.07242398648648649,200
quick-multipivot-1,256,84,1015,14323,0.07086504223975425,200
quick-multipivot-1,256,85,1003,12063,0.08314681256735472,200
quick-multipivot-1,256,86,987,17414,0.056678534512461236,200
quick-multipivot-1,256,87,969,18209,0.053215442912845294,200
quick-multipivot-1,256,88,957,11671,0.08199811498586239,200
quick-multipivot-1,256,89,947,12649,0.07486757846470077,200
quick-multipivot-1,256,90,931,15616,0.05961834016393443,200
quick-multipivot-1,256,91,921,9579,0.09614782336360789,200
quick-multipivot-1,256,92,908,15262,0.05949416852312934,200
quick-multipivot-1,256,93,901,6380,0.14122257053291537,200
quick-multipivot-1,256,94,883,18398,0.04799434721165344,200
quick-multipivot-1,256,95,874,12509,0.06986969382044927,200
quick-multipivot-1,256,96,865,9324,0.09277134277134277,200
quick-multipivot-1,256,97,847,18474,0.0458482191187615,200
quick-multipivot-1,256,98,838,6931,0.12090607415957293,200
quick-multipivot-1,256,99,828,8941,0.09260709092942623,200
quick-multipivot-1,256,100,816,12969,0.06291926902613926,200
quick-multipivot-1,256,101,805,11758,0.06846402449396156,200
quick-multipivot-1,256,102,801,4285,0.1869311551925321,200
quick-multipivot-1,256,103,796,5140,0.154863813229572,200
quick-multipivot-1,256,104,786,10900,0.07211009174311926,200
quick-multipivot-1,256,105,778,6516,0.11939840392879067,200
quick-multipivot-1,256,106,769,8081,0.09516148991461452,200
quick-multipivot-1,256,107,763,7420,0.10283018867924529,200
quick-multipivot-1,256,108,758,5168,0.146671826625387,200
quick-multipivot-1,256,109,754,5078,0.14848365498227648,200
quick-multipivot-1,256,110,747,8407,0.08885452599024622,200
quick-multipivot-1,256,111,737,12421,0.05933499718219145,200
quick-multipivot-1,256,112,726,13967,0.05197966635641154,200
quick-multipivot-1,256,113,721,7120,0.10126404494382023,200
quick-multipivot-1,256,114,715,6584,0.10859659781287971,200
quick-multipivot-1,256,115,705,10865,0.06488725264611137,200
quick-multipivot-1,256,116,698,8356,0.08353279080899952,200
quick-multipivot-1,256,117,696,3400,0.20470588235294118,200
quick-multipivot-1,256,118,688,10701,0.06429305672367068,200
quick-multipivot-1,256,119,677,10509,0.06442097249976211,200
quick-multipivot-1,256,120,674,3946,0.17080587937151545,200
quick-multipivot-1,256,121,664,11008,0.06031976744186047,200
quick-multipivot-1,256,122,655,10051,0.06516764501044672,200
quick-multipivot-1,256,123,644,12826,0.05021050990176205,200
quick-multipivot-1,256,124,637,9203,0.06921655981745083,200
quick-multipivot-1,256,125,628,11471,0.054746752680673,200
quick-multipivot-1,256,126,621,8039,0.07724841398183854,200
quick-multipivot-1,256,127,616,5225,0.11789473684210526,200
quick-multipivot-1,256,128,611,5030,0.12147117296222663,200
quick-multipivot-1,256,129,605,7149,0.08462722059029235,200
quick-multipivot-1,256,130,601,5286,0.11369655694286795,200
quick-multipivot-1,256,131,596,5357,0.11125630016800447,200
quick-multipivot-1,256,132,586,12671,0.04624733643753453,200
quick-multipivot-1,256,133,584,3434,0.1700640652300524,200
quick-multipivot-1,256,134,572,15594,0.03668077465691933,200
quick-multipivot-1,256,135,569,3848,0.14786902286902287,200
quick-multipivot-1,256,136,564,7654,0.07368696106610922,200
quick-multipivot-1,256,137,555,11117,0.04992354052352253,200
quick-multipivot-1,256,138,550,6910,0.07959479015918958,200
quick-multipivot-1,256,139,547,3217,0.1700341933478396,200
quick-multipivot-1,256,140,543,5816,0.09336313617606602,200
quick-multipivot-1,256,141,538,6304,0.08534263959390863,200
quick-multipivot-1,256,142,533,5799,0.09191239868942921,200
quick-multipivot-1,256,143,524,11266,0.046511627906976744,200
quick-multipivot-1,256,144,518,6678,0.07756813417190776,200
quick-multipivot-1,256,145,513,6425,0.0798443579766537,200
quick-multipivot-1,256,146,509,4684,0.10866780529461999,200
quick-multipivot-1,256,147,503,8080,0.06225247524752475,200
quick-multipivot-1,256,148,500,3077,0.16249593760155995,200
quick-multipivot-1,256,149,495,7804,0.06342901076371092,200
quick-multipivot-1,256,150,489,8101,0.060362918158252066,200
quick-multipivot-1,256,151,480,11473,0.041837357273598885,200
quick-multipivot-1,256,152,476,5842,0.08147894556658679,200
quick-multipivot-1,256,153,473,4424,0.10691681735985534,200
quick-multipivot-1,256,154,468,5644,0.08291991495393337,200
quick-multipivot-1,256,155,464,5476,0.08473338203067933,200
quick-multipivot-1,256,156,461,4282,0.10765997197571228,200
quick-multipivot-1,256,157,458,4164,0.10999039385206533,200
quick-multipivot-1,256,158,454,5462,0.08311973636030758,200
quick-multipivot-1,256,159,451,4155,0.1085439229843562,200
quick-multipivot-1,256,160,443,9389,0.047182873575460645,200
quick-multipivot-1,256,161,434,11256,0.03855721393034826,200
quick-multipivot-1,256,162,431,3892,0.11073997944501542,200
quick-multipivot-1,256,163,426,6546,0.06507791017415215,200
quick-multipivot-1,256,164,422,5809,0.07264589430194526,200
quick-multipivot-1,256,165,419,4472,0.09369409660107335,200
quick-multipivot-1,256,166,416,4308,0.09656453110492108,200
quick-multipivot-1,256,167,410,7484,0.05478353821485837,200
quick-multipivot-1,256,168,408,2539,0.16069318629381646,200
quick-multipivot-1,256,169,400,11311,0.03536380514543365,200
quick-multipivot-1,256,170,394,8187,0.048125076340539884,200
quick-multipivot-1,256,171,392,2822,0.13890857547838412,200
quick-multipivot-1,256,172,385,11495,0.03349282296650718,200
quick-multipivot-1,256,173,378,10324,0.03661371561410306,200
quick-multipivot-1,256,174,376,2960,0.12702702702702703,200
quick-multipivot-1,256,175,372,5679,0.06550449022715267,200
quick-multipivot-1,256,176,369,4526,0.08152894387980557,200
quick-multipivot-1,256,177,368,1484,0.24797843665768193,200
quick-multipivot-1,256,178,364,6186,0.058842547688328486,200
quick-multipivot-1,256,179,358,9514,0.03762875762034896,200
quick-multipivot-1,256,180,355,4272,0.08309925093632958,200
quick-multipivot-1,256,181,353,3142,0.11234882240611076,200
quick-multipivot-1,256,182,349,5241,0.0665903453539401,200
quick-multipivot-1,256,183,348,1674,0.2078853046594982,200
quick-multipivot-1,256,184,345,5003,0.06895862482510494,200
quick-multipivot-1,256,185,343,3492,0.09822451317296678,200
quick-multipivot-1,256,186,341,3145,0.10842607313195549,200
quick-multipivot-1,256,187,339,2789,0.1215489422732162,200
quick-multipivot-1,256,188,335,5974,0.05607633076665551,200
quick-multipivot-1,256,189,334,1816,0.183920704845815,200
quick-multipivot-1,256,190,331,4249,0.07790068251353259,200
quick-multipivot-1,256,191,330,1572,0.2099236641221374,200
quick-multipivot-1,256,192,328,3343,0.09811546515106193,200
quick-multipivot-1,256,193,327,1472,0.22214673913043478,200
quick-multipivot-1,256,194,324,5106,0.06345475910693302,200
quick-multipivot-1,256,195,324,324,1.0,200
quick-multipivot-1,256,196,321,4900,0.06551020408163265,200
quick-multipivot-1,256,197,318,5256,0.06050228310502283,200
quick-multipivot-1,256,198,316,3298,0.09581564584596726,200
quick-multipivot-1,256,199,312,5726,0.054488298987076494,200
quick-multipivot-1,256,200,310,3814,0.08127949659150498,200
quick-multipivot-1,256,201,309,1644,0.18795620437956204,200
quick-multipivot-1,256,202,305,6004,0.050799467021985345,200
quick-multipivot-1,256,203,303,3629,0.08349407550289335,200
quick-multipivot-1,256,204,301,3346,0.0899581589958159,200
quick-multipivot-1,256,205,296,8030,0.03686176836861768,200
quick-multipivot-1,256,206,295,1768,0.1668552036199095,200
quick-multipivot-1,256,207,295,295,1.0,200
quick-multipivot-1,256,208,294,1902,0.15457413249211358,200
quick-multipivot-1,256,209,293,2113,0.1386654046379555,200
quick-multipivot-1,256,210,291,3265,0.0891271056661562,200
quick-multipivot-1,256,211,290,2365,0.1226215644820296,200
quick-multipivot-1,256,212,288,3693,0.07798537774167344,200
quick-multipivot-1,256,213,283,7754,0.03649729172040237,200
quick-multipivot-1,256,214,280,4990,0.056112224448897796,200
quick-multipivot-1,256,215,275,8216,0.033471275559883155,200
quick-multipivot-1,256,216,273,3541,0.07709686529229032,200
quick-multipivot-1,256,217,272,1800,0.1511111111111111,200
quick-multipivot-1,256,218,268,6541,0.04097232839015441,200
quick-multipivot-1,256,219,268,268,1.0,200
quick-multipivot-1,256,220,263,7926,0.03318193287913197,200
quick-multipivot-1,256,221,259,6276,0.04126832377310389,200
quick-multipivot-1,256,222,256,5386,0.04753063497957668,200
quick-multipivot-1,256,223,255,2013,0.12667660208643816,200
quick-multipivot-1,256,224,251,6646,0.03776707794161902,200
quick-multipivot-1,256,225,250,1746,0.143184421534937,200
quick-multipivot-1,256,226,248,3681,0.06737299646835099,200
quick-multipivot-1,256,227,247,1957,0.1262135922330097,200
quick-multipivot-1,256,228,246,1999,0.12306153076538269,200
quick-multipivot-1,256,229,242,7452,0.03247450348899624,200
quick-multipivot-1,256,230,242,242,1.0,200
quick-multipivot-1,256,231,241,1953,0.12339989759344598,200
quick-multipivot-1,256,232,239,3571,0.06692803136376366,200
quick-multipivot-1,256,233,237,3509,0.06754060986035908,200
quick-multipivot-1,256,234,235,3630,0.06473829201101929,200
quick-multipivot-1,256,235,232,4912,0.04723127035830619,200
quick-multipivot-1,256,236,231,1758,0.13139931740614336,200
quick-multipivot-1,256,237,229,3612,0.06339977851605759,200
quick-multipivot-1,256,238,224,8736,0.02564102564102564,200
quick-multipivot-1,256,239,221,5688,0.03885372714486639,200
quick-multipivot-1,256,240,221,221,1.0,200
quick-multipivot-1,256,241,219,3784,0.05787526427061311,200
quick-multipivot-1,256,242,217,3533,0.061420888763090854,200
quick-multipivot-1,256,243,215,4178,0.051460028721876494,200
quick-multipivot-1,256,244,213,3867,0.05508145849495733,200
quick-multipivot-1,256,245,210,5310,0.03954802259887006,200
quick-multipivot-1,256,246,208,4077,0.051017905322541086,200
quick-multipivot-1,256,247,206,3757,0.05483098216662231,200
quick-multipivot-1,256,248,206,206,1.0,200
quick-multipivot-1,256,249,204,3819,0.05341712490180676,200
quick-multipivot-1,256,250,202,4176,0.04837164750957854,200
quick-multipivot-1,256,251,202,202,1.0,200
quick-multipivot-1,256,252,202,202,1.0,200
quick-multipivot-1,256,253,202,202,1.0,200
quick-multipivot-1,256,254,201,2047,0.09819247679531021,200
quick-multipivot-1,256,255,0,372890,0.0,200
quick-multipivot-1,512,0,102400,26163400,0.003913864406002278,200
quick-multipivot-1,512,1,102399,112520960,0.0009100437820651371,200
quick-multipivot-1,512,2,102391,73584551,0.0013914741424460142,200
quick-multipivot-1,512,3,102331,44625865,0.0022930872040239445,200
quick-multipivot-1,512,4,102096,27080263,0.003770125866207429,200
quick-multipivot-1,512,5,101421,18680952,0.005429113034496315,200
quick-multipivot-1,512,6,99746,14395077,0.0069291744670764875,200
quick-multipivot-1,512,7,96566,13494309,0.007156053711234862,200
quick-multipivot-1,512,8,91233,14181875,0.006433070380327002,200
quick-multipivot-1,512,9,83698,16162904,0.0051784011091076205,200
quick-multipivot-1,512,10,74478,17847170,0.004173098592101717,200
quick-multipivot-1,512,11,64344,18421912,0.0034927970560276263,200
quick-multipivot-1,512,12,54086,17763236,0.003044828093259584,200
quick-multipivot-1,512,13,44626,15954156,0.002797139503963732,200
quick-multipivot-1,512,14,36489,13542142,0.0026944777273787265,200
quick-multipivot-1,512,15,30043,10810643,0.0027790206373478434,200
quick-multipivot-1,512,16,24940,8325403,0.002995650781109335,200
quick-multipivot-1,512,17,21109,6206435,0.003401147357541004,200
quick-multipivot-1,512,18,18230,4608353,0.003955860152206222,200
quick-multipivot-1,512,19,16171,3473228,0.004655899353569647,200
quick-multipivot-1,512,20,14516,2664189,0.005448562395535752,200
quick-multipivot-1,512,21,13167,2283843,0.005765282464687809,200
quick-multipivot-1,512,22,12105,1782505,0.0067910047938154455,200
quick-multipivot-1,512,23,11274,1458746,0.00772855589663999,200
quick-multipivot-1,512,24,10517,1322966,0.0079495618179152,200
quick-multipivot-1,512,25,9911,1057934,0.009368259267591363,200
quick-multipivot-1,512,26,9376,940121,0.009973184302871651,200
quick-multipivot-1,512,27,8914,790890,0.011270846767565654,200
quick-multipivot-1,512,28,8504,770385,0.011038636525892898,200
quick-multipivot-1,512,29,8067,727868,0.011083053520693312,200
quick-multipivot-1,512,30,7722,576760,0.013388584506553853,200
quick-multipivot-1,512,31,7398,567294,0.01304085712170409,200
quick-multipivot-1,512,32,7106,507754,0.013994966066244677,200
quick-multipivot-1,512,33,6819,453318,0.015042420552459863,200
quick-multipivot-1,512,34,6572,407400,0.016131566028473245,200
quick-multipivot-1,512,35,6341,432957,0.014645796233806128,200
quick-multipivot-1,512,36,6119,394428,0.015513604510835945,200
quick-multipivot-1,512,37,5902,392739,0.015027791994174249,200
quick-multipivot-1,512,38,5730,311070,0.018420291252772687,200
quick-multipivot-1,512,39,5546,351596,0.015773785822364304,200
quick-multipivot-1,512,40,5381,289485,0.018588182461958307,200
quick-multipivot-1,512,41,5223,289819,0.01802159278722237,200
quick-multipivot-1,512,42,5089,242172,0.02101399005665395,200
quick-multipivot-1,512,43,4969,223578,0.022224905849412734,200
quick-multipivot-1,512,44,4841,225793,0.0214399914966363,200
quick-multipivot-1,512,45,4715,224902,0.020964686841379802,200
quick-multipivot-1,512,46,4611,194089,0.023757142341915307,200
quick-multipivot-1,512,47,4490,192225,0.023358043958902328,200
quick-multipivot-1,512,48,4390,174365,0.025177071086513923,200
quick-multipivot-1,512,49,4293,174847,0.024552894816611093,200
quick-multipivot-1,512,50,4212,153198,0.027493831512160734,200
quick-multipivot-1,512,51,4139,154594,0.026773354722692988,200
quick-multipivot-1,512,52,4054,159883,0.025356041605423967,200
quick-multipivot-1,512,53,3976,152563,0.0260613648132247,200
quick-multipivot-1,512,54,3894,164861,0.02361989797465744,200
quick-multipivot-1,512,55,3831,118916,0.03221601802953345,200
quick-multipivot-1,512,56,3760,127709,0.029441934397732343,200
quick-multipivot-1,512,57,3682,154297,0.02386306927548818,200
quick-multipivot-1,512,58,3600,171363,0.021008035573606906,200
quick-multipivot-1,512,59,3534,123636,0.028583907599728234,200
quick-multipivot-1,512,60,3478,112149,0.031012313975158048,200
quick-multipivot-1,512,61,3419,115632,0.029567939670679395,200
quick-multipivot-1,512,62,3361,98125,0.03425222929936306,200
quick-multipivot-1,512,63,3303,127975,0.02580972846259035,200
quick-multipivot-1,512,64,3237,121778,0.02658115587380315,200
quick-multipivot-1,512,65,3185,87688,0.036321959675212116,200
quick-multipivot-1,512,66,3119,137708,0.022649374037819154,200
quick-multipivot-1,512,67,3071,84650,0.03627879503839338,200
quick-multipivot-1,512,68,3008,122119,0.024631711691055446,200
quick-multipivot-1,512,69,2953,97191,0.03038347172063257,200
quick-multipivot-1,512,70,2913,74496,0.0391027706185567,200
quick-multipivot-1,512,71,2864,88887,0.03222068468954965,200
quick-multipivot-1,512,72,2819,101953,0.027649995586201483,200
quick-multipivot-1,512,73,2776,98485,0.02818703355840991,200
quick-multipivot-1,512,74,2731,99359,0.02748618645517769,200
quick-multipivot-1,512,75,2691,90164,0.029845614657734793,200
quick-multipivot-1,512,76,2655,62290,0.04262321399903676,200
quick-multipivot-1,512,77,2610,93136,0.028023535475004295,200
quick-multipivot-1,512,78,2575,77543,0.033207381710792724,200
quick-multipivot-1,512,79,2532,89705,0.028225851401817065,200
quick-multipivot-1,512,80,2497,71475,0.0349352920601609,200
quick-multipivot-1,512,81,2464,67791,0.036347007714888406,200
quick-multipivot-1,512,82,2428,62770,0.03868089851840051,200
quick-multipivot-1,512,83,2393,82602,0.028970242851262682,200
quick-multipivot-1,512,84,2360,60265,0.03916037501037086,200
quick-multipivot-1,512,85,2326,73388,0.03169455496811468,200
quick-multipivot-1,512,86,2292,57259,0.04002864178557083,200
quick-multipivot-1,512,87,2262,53033,0.04265268794901288,200
quick-multipivot-1,512,88,2234,63185,0.03535649283849015,200
quick-multipivot-1,512,89,2212,44890,0.049276008019603475,200
quick-multipivot-1,512,90,2181,68122,0.032016088781891314,200
quick-multipivot-1,512,91,2153,56739,0.037945681101182606,200
quick-multipivot-1,512,92,2127,57676,0.036878424301269155,200
quick-multipivot-1,512,93,2100,53125,0.03952941176470588,200
quick-multipivot-1,512,94,2071,68222,0.030356776406437806,200
quick-multipivot-1,512,95,2044,52530,0.0389110984199505,200
quick-multipivot-1,512,96,2021,45544,0.04437467064816441,200
quick-multipivot-1,512,97,1996,47189,0.04229799317637585,200
quick-multipivot-1,512,98,1974,43993,0.04487077489600618,200
quick-multipivot-1,512,99,1951,45512,0.042867815081736683,200
quick-multipivot-1,512,100,1923,58885,0.03265687356712236,200
quick-multipivot-1,512,101,1898,61813,0.030705515021112063,200
quick-multipivot-1,512,102,1870,57528,0.03250591016548463,200
quick-multipivot-1,512,103,1847,48747,0.037889511149404066,200
quick-multipivot-1,512,104,1837,22025,0.08340522133938706,200
quick-multipivot-1,512,105,1811,42805,0.04230814157224623,200
quick-multipivot-1,512,106,1787,38493,0.0464240251474294,200
quick-multipivot-1,512,107,1761,56751,0.031030290215150393,200
quick-multipivot-1,512,108,1740,47076,0.036961509049197046,200
quick-multipivot-1,512,109,1713,46726,0.036660531609810386,200
quick-multipivot-1,512,110,1693,43545,0.038879320243426344,200
quick-multipivot-1,512,111,1675,31903,0.052502899413848225,200
quick-multipivot-1,512,112,1659,37024,0.04480877268798617,200
quick-multipivot-1,512,113,1642,37225,0.04411014103425118,200
quick-multipivot-1,512,114,1633,14181,0.11515407940201679,200
quick-multipivot-1,512,115,1618,31546,0.05129017942052875,200
quick-multipivot-1,512,116,1603,29446,0.05443863343068668,200
quick-multipivot-1,512,117,1580,54313,0.029090641282934104,200
quick-multipivot-1,512,118,1554,52349,0.029685380809566564,200
quick-multipivot-1,512,119,1533,40977,0.03741123069038729,200
quick-multipivot-1,512,120,1516,33742,0.04492916839547152,200
quick-multipivot-1,512,121,1502,33970,0.04421548425080954,200
quick-multipivot-1,512,122,1482,39049,0.037952316320520374,200
quick-multipivot-1,512,123,1474,20466,0.07202188996384247,200
quick-multipivot-1,512,124,1461,27326,0.05346556393178658,200
quick-multipivot-1,512,125,1456,14851,0.09804053599084236,200
quick-multipivot-1,512,126,1444,28651,0.05039963701092458,200
quick-multipivot-1,512,127,1432,23766,0.06025414457628545,200
quick-multipivot-1,512,128,1418,28079,0.05050037394494106,200
quick-multipivot-1,512,129,1405,30315,0.04634669305624278,200
quick-multipivot-1,512,130,1392,38475,0.03617933723196881,200
quick-multipivot-1,512,131,1386,13819,0.10029669295896954,200
quick-multipivot-1,512,132,1375,26341,0.05219999240727383,200
quick-multipivot-1,512,133,1366,17547,0.07784806519632986,200
quick-multipivot-1,512,134,1353,24422,0.05540086806977316,200
quick-multipivot-1,512,135,1340,30377,0.044112321822431445,200
quick-multipivot-1,512,136,1327,35543,0.03733505894268914,200
quick-multipivot-1,512,137,1319,21067,0.06260976883277164,200
quick-multipivot-1,512,138,1314,9737,0.13494916298654616,200
quick-multipivot-1,512,139,1302,25660,0.05074045206547155,200
quick-multipivot-1,512,140,1295,18224,0.07106014047410009,200
quick-multipivot-1,512,141,1288,16295,0.07904265111997545,200
quick-multipivot-1,512,142,1281,13497,0.09490997999555456,200
quick-multipivot-1,512,143,1273,17140,0.07427071178529755,200
quick-multipivot-1,512,144,1260,20066,0.06279278381341573,200
quick-multipivot-1,512,145,1251,24044,0.05202961237730827,200
quick-multipivot-1,512,146,1239,24843,0.049873203719357564,200
quick-multipivot-1,512,147,1229,23572,0.052138129984727645,200
quick-multipivot-1,512,148,1223,13410,0.09120059656972408,200
quick-multipivot-1,512,149,1212,28020,0.043254817987152035,200
quick-multipivot-1,512,150,1204,24576,0.048990885416666664,200
quick-multipivot-1,512,151,1193,25982,0.04591640366407513,200
quick-multipivot-1,512,152,1181,31139,0.0379267156941456,200
quick-multipivot-1,512,153,1171,25443,0.04602444680265692,200
quick-multipivot-1,512,154,1156,35882,0.03221671032829831,200
quick-multipivot-1,512,155,1147,21060,0.05446343779677113,200
quick-multipivot-1,512,156,1142,13340,0.0856071964017991,200
quick-multipivot-1,512,157,1134,16809,0.0674638586471533,200
quick-multipivot-1,512,158,1124,22416,0.05014275517487509,200
quick-multipivot-1,512,159,1113,26205,0.04247281053234116,200
quick-multipivot-1,512,160,1104,16029,0.06887516376567472,200
quick-multipivot-1,512,161,1092,32876,0.03321571967392627,200
quick-multipivot-1,512,162,1086,11980,0.09065108514190318,200
quick-multipivot-1,512,163,1079,21468,0.05026085336314515,200
quick-multipivot-1,512,164,1075,12120,0.0886963696369637,200
quick-multipivot-1,512,165,1068,20633,0.051761740900499204,200
quick-multipivot-1,512,166,1057,26251,0.04026513275684736,200
quick-multipivot-1,512,167,1052,13224,0.07955232909860858,200
quick-multipivot-1,512,168,1046,15864,0.06593545133635906,200
quick-multipivot-1,512,169,1037,24986,0.04150324181541663,200
quick-multipivot-1,512,170,1034,7123,0.145163554682016,200
quick-multipivot-1,512,171,1023,27836,0.03675096996694927,200
quick-multipivot-1,512,172,1017,14348,0.07088095901867857,200
quick-multipivot-1,512,173,1013,6004,0.16872085276482346,200
quick-multipivot-1,512,174,1012,2925,0.345982905982906,200
quick-multipivot-1,512,175,1004,25719,0.03903728760838291,200
quick-multipivot-1,512,176,1001,7340,0.1363760217983651,200
quick-multipivot-1,512,177,995,14332,0.06942506279653922,200
quick-multipivot-1,512,178,991,11235,0.08820649755229194,200
quick-multipivot-1,512,179,987,8334,0.11843052555795536,200
quick-multipivot-1,512,180,982,12437,0.07895794805821339,200
quick-multipivot-1,512,181,973,21443,0.04537611341696591,200
quick-multipivot-1,512,182,967,10878,0.08889501746644604,200
quick-multipivot-1,512,183,960,16255,0.05905875115349123,200
quick-multipivot-1,512,184,951,23806,0.03994791229101907,200
quick-multipivot-1,512,185,946,18912,0.05002115059221658,200
quick-multipivot-1,512,186,937,23942,0.039136245927658506,200
quick-multipivot-1,512,187,932,10919,0.08535580181335287,200
quick-multipivot-1,512,188,921,27075,0.03401662049861496,200
quick-multipivot-1,512,189,917,12610,0.07272006344171293,200
quick-multipivot-1,512,190,912,8542,0.10676656520721142,200
quick-multipivot-1,512,191,906,18944,0.04782516891891892,200
quick-multipivot-1,512,192,900,18186,0.04948861761794787,200
quick-multipivot-1,512,193,892,21851,0.04082193034643723,200
quick-multipivot-1,512,194,886,16046,0.05521625327184345,200
quick-multipivot-1,512,195,880,16223,0.05424397460395734,200
quick-multipivot-1,512,196,878,3488,0.25172018348623854,200
quick-multipivot-1,512,197,869,25189,0.0344991861526857,200
quick-multipivot-1,512,198,863,17042,0.05063959629151508,200
quick-multipivot-1,512,199,857,16096,0.053243041749502985,200
quick-multipivot-1,512,200,855,4260,0.2007042253521127,200
quick-multipivot-1,512,201,847,21338,0.03969444184084731,200
quick-multipivot-1,512,202,845,6448,0.1310483870967742,200
quick-multipivot-1,512,203,842,7935,0.10611216131064902,200
quick-multipivot-1,512,204,835,19671,0.04244827410909461,200
quick-multipivot-1,512,205,827,19716,0.04194562791641306,200
quick-multipivot-1,512,206,820,17386,0.04716438513746693,200
quick-multipivot-1,512,207,813,18113,0.0448848893060233,200
quick-multipivot-1,512,208,810,7904,0.10247975708502025,200
quick-multipivot-1,512,209,807,7472,0.10800321199143469,200
quick-multipivot-1,512,210,799,22829,0.0349993429409961,200
quick-multipivot-1,512,211,795,10064,0.07899443561208266,200
quick-multipivot-1,512,212,791,9782,0.08086280924146391,200
quick-multipivot-1,512,213,783,25051,0.03125623727595705,200
quick-multipivot-1,512,214,779,14877,0.05236270753512133,200
quick-multipivot-1,512,215,774,15265,0.05070422535211268,200
quick-multipivot-1,512,216,769,13288,0.057871763997591814,200
quick-multipivot-1,512,217,765,11741,0.06515628992419725,200
quick-multipivot-1,512,218,758,19412,0.03904801153925407,200
quick-multipivot-1,512,219,751,18407,0.04079969576791438,200
quick-multipivot-1,512,220,747,14122,0.052896190341311426,200
quick-multipivot-1,512,221,743,10190,0.07291462217860648,200
quick-multipivot-1,512,222,737,14386,0.05123036285277353,200
quick-multipivot-1,512,223,729,20696,0.03522419791264012,200
quick-multipivot-1,512,224,724,12057,0.06004810483536535,200
quick-multipivot-1,512,225,719,13685,0.052539276580197296,200
quick-multipivot-1,512,226,716,11567,0.061900233422667934,200
quick-multipivot-1,512,227,709,16739,0.042356174203954836,200
quick-multipivot-1,512,228,706,10595,0.06663520528551203,200
quick-multipivot-1,512,229,703,10039,0.0700268951090746,200
quick-multipivot-1,512,230,697,15542,0.044846223137305366,200
quick-multipivot-1,512,231,694,9350,0.07422459893048128,200
quick-multipivot-1,512,232,687,17323,0.03965825780753911,200
quick-multipivot-1,512,233,684,7331,0.09330241440458327,200
quick-multipivot-1,512,234,680,10630,0.06396989651928504,200
quick-multipivot-1,512,235,678,5628,0.12046908315565032,200
quick-multipivot-1,512,236,674,10820,0.0622920517560074,200
quick-multipivot-1,512,237,664,31254,0.021245280604082678,200
quick-multipivot-1,512,238,663,2248,0.2949288256227758,200
quick-multipivot-1,512,239,659,10401,0.06335929237573311,200
quick-multipivot-1,512,240,655,15137,0.04327145405298276,200
quick-multipivot-1,512,241,650,12748,0.05098839033573894,200
quick-multipivot-1,512,242,646,11549,0.05593557883799463,200
quick-multipivot-1,512,243,642,10597,0.06058318391997735,200
quick-multipivot-1,512,244,640,6676,0.09586578789694428,200
quick-multipivot-1,512,245,636,9518,0.06682076066400504,200
quick-multipivot-1,512,246,633,6275,0.10087649402390438,200
quick-multipivot-1,512,247,630,11013,0.05720512122037592,200
quick-multipivot-1,512,248,626,12034,0.052019278710320756,200
quick-multipivot-1,512,249,623,10861,0.05736120062609336,200
quick-multipivot-1,512,250,621,6664,0.09318727490996398,200
quick-multipivot-1,512,251,615,16951,0.0362810453660551,200
quick-multipivot-1,512,252,609,19963,0.030506436908280317,200
quick-multipivot-1,512,253,607,4889,0.12415626917570055,200
quick-multipivot-1,512,254,605,7810,0.07746478873239436,200
quick-multipivot-1,512,255,603,4589,0.13140117672695575,200
quick-multipivot-1,512,256,601,4906,0.12250305748063596,200
quick-multipivot-1,512,257,599,7793,0.07686385217502888,200
quick-multipivot-1,512,258,597,8260,0.07227602905569007,200
quick-multipivot-1,512,259,590,22139,0.02664980351416053,200
quick-multipivot-1,512,260,587,7547,0.07777925003312575,200
quick-multipivot-1,512,261,582,17320,0.0336027713625866,200
quick-multipivot-1,512,262,579,9399,0.06160229811682094,200
quick-multipivot-1,512,263,577,8146,0.0708323103363614,200
quick-multipivot-1,512,264,571,16579,0.03444116050425237,200
quick-multipivot-1,512,265,571,571,1.0,200
quick-multipivot-1,512,266,565,18484,0.030566976844838778,200
quick-multipivot-1,512,267,565,565,1.0,200
quick-multipivot-1,512,268,565,565,1.0,200
quick-multipivot-1,512,269,561,13987,0.04010867233860013,200
quick-multipivot-1,512,270,557,10831,0.05142646108392577,200
quick-multipivot-1,512,271,552,12941,0.042655127115369756,200
quick-multipivot-1,512,272,549,8456,0.06492431409649953,200
quick-multipivot-1,512,273,547,6373,0.0858308488937706,200
quick-multipivot-1,512,274,543,13656,0.03976274165202109,200
quick-multipivot-1,512,275,542,2587,0.20950908388094316,200
quick-multipivot-1,512,276,539,8370,0.06439665471923536,200
quick-multipivot-1,512,277,538,4936,0.10899513776337115,200
quick-multipivot-1,512,278,538,538,1.0,200
quick-multipivot-1,512,279,535,9788,0.0546587658357172,200
quick-multipivot-1,512,280,533,5228,0.10195103289977046,200
quick-multipivot-1,512,281,530,7950,0.06666666666666667,200
quick-multipivot-1,512,282,524,15305,0.03423717739300882,200
quick-multipivot-1,512,283,523,4304,0.12151486988847583,200
quick-multipivot-1,512,284,519,14402,0.03603666157478128,200
quick-multipivot-1,512,285,512,20728,0.024700887688151294,200
quick-multipivot-1,512,286,508,10995,0.04620281946339245,200
quick-multipivot-1,512,287,504,10678,0.047199850159205844,200
quick-multipivot-1,512,288,503,2864,0.17562849162011174,200
quick-multipivot-1,512,289,501,7075,0.07081272084805654,200
quick-multipivot-1,512,290,496,13597,0.03647863499301317,200
quick-multipivot-1,512,291,493,8901,0.05538703516458825,200
quick-multipivot-1,512,292,492,4265,0.11535756154747949,200
quick-multipivot-1,512,293,489,9665,0.050594930160372475,200
quick-multipivot-1,512,294,487,6007,0.08107208257033462,200
quick-multipivot-1,512,295,485,6725,0.07211895910780669,200
quick-multipivot-1,512,296,483,7944,0.06080060422960725,200
quick-multipivot-1,512,297,481,4719,0.10192837465564739,200
quick-multipivot-1,512,298,478,9203,0.05193958491796154,200
quick-multipivot-1,512,299,478,478,1.0,200
quick-multipivot-1,512,300,476,7354,0.06472667935817242,200
quick-multipivot-1,512,301,472,14976,0.031517094017094016,200
quick-multipivot-1,512,302,466,19998,0.0233023302330233,200
quick-multipivot-1,512,303,463,9623,0.04811389379611348,200
quick-multipivot-1,512,304,459,12413,0.0369773624426005,200
quick-multipivot-1,512,305,457,7104,0.06432995495495496,200
quick-multipivot-1,512,306,453,14930,0.030341594105827194,200
quick-multipivot-1,512,307,452,2810,0.1608540925266904,200
quick-multipivot-1,512,308,451,2922,0.1543463381245722,200
quick-multipivot-1,512,309,448,9278,0.04828626859236904,200
quick-multipivot-1,512,310,444,12836,0.034590215020255534,200
quick-multipivot-1,512,311,441,12066,0.03654898060666335,200
quick-multipivot-1,512,312,436,15365,0.02837617962902701,200
quick-multipivot-1,512,313,433,9258,0.046770360769064594,200
quick-multipivot-1,512,314,433,433,1.0,200
quick-multipivot-1,512,315,432,4336,0.0996309963099631,200
quick-multipivot-1,512,316,429,10853,0.03952824103934396,200
quick-multipivot-1,512,317,428,2750,0.15563636363636363,200
quick-multipivot-1,512,318,426,7937,0.053672672294317755,200
quick-multipivot-1,512,319,425,2946,0.14426340801086218,200
quick-multipivot-1,512,320,424,3099,0.13681832849306227,200
quick-multipivot-1,512,321,424,424,1.0,200
quick-multipivot-1,512,322,422,7154,0.05898797875314509,200
quick-multipivot-1,512,323,419,11276,0.037158566867683575,200
quick-multipivot-1,512,324,419,419,1.0,200
quick-multipivot-1,512,325,415,13922,0.029808935497773307,200
quick-multipivot-1,512,326,415,415,1.0,200
quick-multipivot-1,512,327,412,9756,0.04223042230422304,200
quick-multipivot-1,512,328,409,10941,0.037382323370807054,200
quick-multipivot-1,512,329,408,4026,0.10134128166915052,200
quick-multipivot-1,512,330,406,8215,0.04942178940961656,200
quick-multipivot-1,512,331,405,4809,0.0842170929507174,200
quick-multipivot-1,512,332,403,5305,0.07596606974552308,200
quick-multipivot-1,512,333,400,9940,0.04024144869215292,200
quick-multipivot-1,512,334,400,400,1.0,200
quick-multipivot-1,512,335,400,400,1.0,200
quick-multipivot-1,512,336,396,14340,0.027615062761506277,200
quick-multipivot-1,512,337,395,3957,0.09982309830679809,200
quick-multipivot-1,512,338,394,4525,0.08707182320441989,200
quick-multipivot-1,512,339,394,394,1.0,200
quick-multipivot-1,512,340,389,15575,0.024975922953451045,200
quick-multipivot-1,512,341,389,389,1.0,200
quick-multipivot-1,512,342,387,6651,0.058186738836265225,200
quick-multipivot-1,512,343,387,387,1.0,200
quick-multipivot-1,512,344,386,3218,0.1199502796768179,200
quick-multipivot-1,512,345,386,386,1.0,200
quick-multipivot-1,512,346,385,3845,0.10013003901170352,200
quick-multipivot-1,512,347,383,5361,0.07144189516881179,200
quick-multipivot-1,512,348,380,10093,0.037649856336074504,200
quick-multipivot-1,512,349,379,4157,0.09117151792157806,200
quick-multipivot-1,512,350,376,10554,0.035626302823574,200
quick-multipivot-1,512,351,373,13070,0.028538638102524865,200
quick-multipivot-1,512,352,372,3053,0.12184736324926301,200
quick-multipivot-1,512,353,371,4495,0.08253615127919911,200
quick-multipivot-1,512,354,370,4447,0.08320215875871374,200
quick-multipivot-1,512,355,369,3084,0.11964980544747082,200
quick-multipivot-1,512,356,369,369,1.0,200
quick-multipivot-1,512,357,368,3007,0.12238111074160293,200
quick-multipivot-1,512,358,365,9519,0.038344363903771404,200
quick-multipivot-1,512,359,364,3897,0.09340518347446754,200
quick-multipivot-1,512,360,359,15914,0.022558753298982027,200
quick-multipivot-1,512,361,357,6464,0.055228960396039604,200
quick-multipivot-1,512,362,356,3004,0.118508655126498,200
quick-multipivot-1,512,363,355,4161,0.08531602980052871,200
quick-multipivot-1,512,364,354,3383,0.10464085131540053,200
quick-multipivot-1,512,365,353,3368,0.10480997624703088,200
quick-multipivot-1,512,366,351,7003,0.0501213765529059,200
quick-multipivot-1,512,367,350,3086,0.11341542449773169,200
quick-multipivot-1,512,368,350,350,1.0,200
quick-multipivot-1,512,369,348,7315,0.04757347915242652,200
quick-multipivot-1,512,370,348,348,1.0,200
quick-multipivot-1,512,371,348,348,1.0,200
quick-multipivot-1,512,372,347,3174,0.10932577189666036,200
quick-multipivot-1,512,373,346,4686,0.07383696116090482,200
quick-multipivot-1,512,374,343,11241,0.030513299528511697,200
quick-multipivot-1,512,375,342,4150,0.08240963855421687,200
quick-multipivot-1,512,376,340,8431,0.04032736330209939,200
quick-multipivot-1,512,377,339,4578,0.07404980340760157,200
quick-multipivot-1,512,378,338,4056,0.08333333333333333,200
quick-multipivot-1,512,379,338,338,1.0,200
quick-multipivot-1,512,380,338,338,1.0,200
quick-multipivot-1,512,381,334,14878,0.022449253931980107,200
quick-multipivot-1,512,382,334,334,1.0,200
quick-multipivot-1,512,383,333,4243,0.07848220598633043,200
quick-multipivot-1,512,384,331,8056,0.04108738828202582,200
quick-multipivot-1,512,385,331,331,1.0,200
quick-multipivot-1,512,386,331,331,1.0,200
quick-multipivot-1,512,387,329,7039,0.046739593692285836,200
quick-multipivot-1,512,388,327,7089,0.04612780363944139,200
quick-multipivot-1,512,389,324,12566,0.025783861212796435,200
quick-multipivot-1,512,390,323,3402,0.09494415049970606,200
quick-multipivot-1,512,391,323,323,1.0,200
quick-multipivot-1,512,392,322,3419,0.09417958467388125,200
quick-multipivot-1,512,393,320,7142,0.044805376645197424,200
quick-multipivot-1,512,394,320,320,1.0,200
quick-multipivot-1,512,395,320,320,1.0,200
quick-multipivot-1,512,396,318,6639,0.04789877993673746,200
quick-multipivot-1,512,397,318,318,1.0,200
quick-multipivot-1,512,398,317,3567,0.08887019904681806,200
quick-multipivot-1,512,399,314,10502,0.02989906684441059,200
quick-multipivot-1,512,400,314,314,1.0,200
quick-multipivot-1,512,401,314,314,1.0,200
quick-multipivot-1,512,402,313,3941,0.07942146663283431,200
quick-multipivot-1,512,403,313,313,1.0,200
quick-multipivot-1,512,404,311,8310,0.03742478941034898,200
quick-multipivot-1,512,405,308,11615,0.026517434352130866,200
quick-multipivot-1,512,406,306,8169,0.0374586852735953,200
quick-multipivot-1,512,407,306,306,1.0,200
quick-multipivot-1,512,408,305,4291,0.07107900256350501,200
quick-multipivot-1,512,409,305,305,1.0,200
quick-multipivot-1,512,410,302,11284,0.02676355902162354,200
quick-multipivot-1,512,411,300,7953,0.03772161448509996,200
quick-multipivot-1,512,412,300,300,1.0,200
quick-multipivot-1,512,413,300,300,1.0,200
quick-multipivot-1,512,414,300,300,1.0,200
quick-multipivot-1,512,415,297,11866,0.02502949603910332,200
quick-multipivot-1,512,416,294,11000,0.026727272727272728,200
quick-multipivot-1,512,417,290,14853,0.01952467514980139,200
quick-multipivot-1,512,418,285,19218,0.01482984701842023,200
quick-multipivot-1,512,419,284,3449,0.08234270803131342,200
quick-multipivot-1,512,420,283,4381,0.06459712394430496,200
quick-multipivot-1,512,421,281,7639,0.03678491949208011,200
quick-multipivot-1,512,422,281,281,1.0,200
quick-multipivot-1,512,423,280,4100,0.06829268292682927,200
quick-multipivot-1,512,424,279,3727,0.07485913603434398,200
quick-multipivot-1,512,425,279,279,1.0,200
quick-multipivot-1,512,426,279,279,1.0,200
quick-multipivot-1,512,427,279,279,1.0,200
quick-multipivot-1,512,428,278,3751,0.07411356971474274,200
quick-multipivot-1,512,429,278,278,1.0,200
quick-multipivot-1,512,430,277,3732,0.07422293676312969,200
quick-multipivot-1,512,431,276,4890,0.05644171779141104,200
quick-multipivot-1,512,432,276,276,1.0,200
quick-multipivot-1,512,433,274,7638,0.03587326525268395,200
quick-multipivot-1,512,434,272,8245,0.032989690721649485,200
quick-multipivot-1,512,435,272,272,1.0,200
quick-multipivot-1,512,436,271,3965,0.06834804539722572,200
quick-multipivot-1,512,437,270,3846,0.07020280811232449,200
quick-multipivot-1,512,438,269,4064,0.06619094488188976,200
quick-multipivot-1,512,439,269,269,1.0,200
quick-multipivot-1,512,440,266,12703,0.020939935448319295,200
quick-multipivot-1,512,441,265,3732,0.0710075026795284,200
quick-multipivot-1,512,442,265,265,1.0,200
quick-multipivot-1,512,443,262,12079,0.021690537296133787,200
quick-multipivot-1,512,444,262,262,1.0,200
quick-multipivot-1,512,445,262,262,1.0,200
quick-multipivot-1,512,446,261,4198,0.062172463077656025,200
quick-multipivot-1,512,447,261,261,1.0,200
quick-multipivot-1,512,448,259,7731,0.03350148751778554,200
quick-multipivot-1,512,449,258,4409,0.058516670446813336,200
quick-multipivot-1,512,450,254,15977,0.01589785316392314,200
quick-multipivot-1,512,451,253,3802,0.06654392425039453,200
quick-multipivot-1,512,452,252,4075,0.06184049079754601,200
quick-multipivot-1,512,453,252,252,1.0,200
quick-multipivot-1,512,454,251,4204,0.059705042816365364,200
quick-multipivot-1,512,455,251,251,1.0,200
quick-multipivot-1,512,456,251,251,1.0,200
quick-multipivot-1,512,457,251,251,1.0,200
quick-multipivot-1,512,458,251,251,1.0,200
quick-multipivot-1,512,459,249,7789,0.031968160225959684,200
quick-multipivot-1,512,460,248,4268,0.05810684161199625,200
quick-multipivot-1,512,461,247,4233,0.058351051263879045,200
quick-multipivot-1,512,462,246,4358,0.05644791188618632,200
quick-multipivot-1,512,463,245,4060,0.0603448275862069,200
quick-multipivot-1,512,464,244,4414,0.05527865881286815,200
quick-multipivot-1,512,465,244,244,1.0,200
quick-multipivot-1,512,466,244,244,1.0,200
quick-multipivot-1,512,467,244,244,1.0,200
quick-multipivot-1,512,468,244,244,1.0,200
quick-multipivot-1,512,469,242,7614,0.031783556606251644,200
quick-multipivot-1,512,470,241,4331,0.055645347494804896,200
quick-multipivot-1,512,471,240,4245,0.05653710247349823,200
quick-multipivot-1,512,472,237,12345,0.01919805589307412,200
quick-multipivot-1,512,473,236,4398,0.053660754888585724,200
quick-multipivot-1,512,474,234,8219,0.028470616863365373,200
quick-multipivot-1,512,475,233,3897,0.05978958172953554,200
quick-multipivot-1,512,476,232,4943,0.04693505968035606,200
quick-multipivot-1,512,477,231,4026,0.05737704918032787,200
quick-multipivot-1,512,478,230,4025,0.05714285714285714,200
quick-multipivot-1,512,479,230,230,1.0,200
quick-multipivot-1,512,480,227,12958,0.01751813551473993,200
quick-multipivot-1,512,481,226,4254,0.05312646920545369,200
quick-multipivot-1,512,482,225,4162,0.05406054781355118,200
quick-multipivot-1,512,483,225,225,1.0,200
quick-multipivot-1,512,484,225,225,1.0,200
quick-multipivot-1,512,485,224,4636,0.04831751509922347,200
quick-multipivot-1,512,486,224,224,1.0,200
quick-multipivot-1,512,487,224,224,1.0,200
quick-multipivot-1,512,488,223,4493,0.04963276207433786,200
quick-multipivot-1,512,489,222,4302,0.05160390516039052,200
quick-multipivot-1,512,490,222,222,1.0,200
quick-multipivot-1,512,491,220,9024,0.024379432624113476,200
quick-multipivot-1,512,492,219,4465,0.049048152295632697,200
quick-multipivot-1,512,493,218,4345,0.05017261219792865,200
quick-multipivot-1,512,494,218,218,1.0,200
quick-multipivot-1,512,495,216,9470,0.022808870116156284,200
quick-multipivot-1,512,496,215,4654,0.0461968199398367,200
quick-multipivot-1,512,497,213,9016,0.02362466725820763,200
quick-multipivot-1,512,498,213,213,1.0,200
quick-multipivot-1,512,499,213,213,1.0,200
quick-multipivot-1,512,500,212,4471,0.047416685305300826,200
quick-multipivot-1,512,501,212,212,1.0,200
quick-multipivot-1,512,502,208,17175,0.012110625909752547,200
quick-multipivot-1,512,503,207,4585,0.04514721919302072,200
quick-multipivot-1,512,504,207,207,1.0,200
quick-multipivot-1,512,505,207,207,1.0,200
quick-multipivot-1,512,506,207,207,1.0,200
quick-multipivot-1,512,507,205,9554,0.02145698136906008,200
quick-multipivot-1,512,508,203,8789,0.023097053134600067,200
quick-multipivot-1,512,509,203,203,1.0,200
quick-multipivot-1,512,510,202,4660,0.043347639484978544,200
quick-multipivot-1,512,511,0,900739,0.0,200
quick-multipivot-1,1024,0,204800,104755400,0.0019550304805289274,200
quick-multipivot-1,1024,1,204800,503730868,0.00040656630953177957,200
quick-multipivot-1,1024,2,204794,313890160,0.0006524384198599918,200
quick-multipivot-1,1024,3,204761,203303716,0.0010071680145777562,200
quick-multipivot-1,1024,4,204589,125094869,0.0016354707561986414,200
quick-multipivot-1,1024,5,203999,81065719,0.002516464450281382,200
quick-multipivot-1,1024,6,202448,57524343,0.003519344845016309,200
quick-multipivot-1,1024,7,199231,45926994,0.004337993468503512,200
quick-multipivot-1,1024,8,193133,47106441,0.004099927651082789,200
quick-multipivot-1,1024,9,183569,54592009,0.0033625617258379336,200
quick-multipivot-1,1024,10,170122,65344899,0.002603447286681092,200
quick-multipivot-1,1024,11,153550,73282103,0.002095327422576833,200
quick-multipivot-1,1024,12,134406,82344809,0.0016322340367563425,200
quick-multipivot-1,1024,13,115041,79683657,0.00144372138944376,200
quick-multipivot-1,1024,14,96554,76152972,0.0012678953619827207,200
quick-multipivot-1,1024,15,79975,66929161,0.0011949201036600475,200
quick-multipivot-1,1024,16,66200,55122948,0.0012009517342940366,200
quick-multipivot-1,1024,17,54970,44772744,0.00122775588648308,200
quick-multipivot-1,1024,18,46168,34593053,0.0013346032222134312,200
quick-multipivot-1,1024,19,39509,25913481,0.0015246504319508445,200
quick-multipivot-1,1024,20,34518,19282331,0.0017901362651642065,200
quick-multipivot-1,1024,21,30831,14397836,0.002141363466009753,200
quick-multipivot-1,1024,22,27921,11434311,0.0024418611667987693,200
quick-multipivot-1,1024,23,25552,9275289,0.0027548467762028763,200
quick-multipivot-1,1024,24,23591,7820338,0.0030166215322151037,200
quick-multipivot-1,1024,25,21988,6498132,0.003383741666066494,200
quick-multipivot-1,1024,26,20611,5472850,0.0037660451136062563,200
quick-multipivot-1,1024,27,19479,4638100,0.0041997800823613115,200
quick-multipivot-1,1024,28,18481,4072269,0.004538256190836116,200
quick-multipivot-1,1024,29,17601,3681399,0.004781062851377968,200
quick-multipivot-1,1024,30,16782,3326691,0.005044652478994893,200
quick-multipivot-1,1024,31,16076,2940911,0.005466333391251894,200
quick-multipivot-1,1024,32,15405,2749147,0.005603556303100562,200
quick-multipivot-1,1024,33,14768,2686929,0.005496237526186959,200
quick-multipivot-1,1024,34,14228,2253056,0.006314978411544143,200
quick-multipivot-1,1024,35,13729,2031408,0.006758366610744863,200
quick-multipivot-1,1024,36,13222,2129398,0.00620926665658557,200
quick-multipivot-1,1024,37,12804,1747791,0.007325818704868031,200
quick-multipivot-1,1024,38,12388,1651352,0.007501731914213323,200
quick-multipivot-1,1024,39,11997,1645380,0.007291324800350071,200
quick-multipivot-1,1024,40,11609,1689064,0.006873037374545902,200
quick-multipivot-1,1024,41,11264,1395840,0.008069692801467217,200
quick-multipivot-1,1024,42,10941,1341037,0.00815861158193249,200
quick-multipivot-1,1024,43,10631,1363961,0.007794211124804888,200
quick-multipivot-1,1024,44,10318,1327826,0.007770596448631071,200
quick-multipivot-1,1024,45,10037,1190253,0.008432660955275895,200
quick-multipivot-1,1024,46,9749,1227102,0.007944734830519386,200
quick-multipivot-1,1024,47,9492,994873,0.009540916277756056,200
quick-multipivot-1,1024,48,9271,953146,0.009726736512559462,200
quick-multipivot-1,1024,49,9047,948309,0.009540139342766967,200
quick-multipivot-1,1024,50,8838,846130,0.010445203455733753,200
quick-multipivot-1,1024,51,8602,1008830,0.00852670915813368,200
quick-multipivot-1,1024,52,8390,887951,0.009448719580247109,200
quick-multipivot-1,1024,53,8210,778531,0.010545501720548058,200
quick-multipivot-1,1024,54,8048,623733,0.012902956874175328,200
quick-multipivot-1,1024,55,7856,848499,0.009258702720922477,200
quick-multipivot-1,1024,56,7683,717355,0.010710178363571733,200
quick-multipivot-1,1024,57,7537,609816,0.01235946580607921,200
quick-multipivot-1,1024,58,7384,648897,0.011379309813421853,200
quick-multipivot-1,1024,59,7243,584407,0.012393759828338811,200
quick-multipivot-1,1024,60,7111,576554,0.012333623563447657,200
quick-multipivot-1,1024,61,6971,646356,0.010785078192203677,200
quick-multipivot-1,1024,62,6841,595336,0.011490989961971055,200
quick-multipivot-1,1024,63,6711,616478,0.010886033240440048,200
quick-multipivot-1,1024,64,6582,562450,0.01170237354431505,200
quick-multipivot-1,1024,65,6479,454906,0.014242502846741964,200
quick-multipivot-1,1024,66,6362,499014,0.012749141306656726,200
quick-multipivot-1,1024,67,6255,466953,0.013395352423049001,200
quick-multipivot-1,1024,68,6161,431153,0.014289590934076767,200
quick-multipivot-1,1024,69,6041,437261,0.013815547236090115,200
quick-multipivot-1,1024,70,5932,468995,0.012648322476785467,200
quick-multipivot-1,1024,71,5836,404314,0.014434325796287045,200
quick-multipivot-1,1024,72,5744,371327,0.01546884551890921,200
quick-multipivot-1,1024,73,5648,428854,0.01316998325770542,200
quick-multipivot-1,1024,74,5543,426114,0.01300825600660856,200
quick-multipivot-1,1024,75,5457,392063,0.013918681436401802,200
quick-multipivot-1,1024,76,5373,364069,0.0147581914417322,200
quick-multipivot-1,1024,77,5313,293332,0.01811258232991968,200
quick-multipivot-1,1024,78,5234,335308,0.015609529149319432,200
quick-multipivot-1,1024,79,5165,284346,0.01816448974137143,200
quick-multipivot-1,1024,80,5077,392848,0.012923573494074045,200
quick-multipivot-1,1024,81,4996,373418,0.013379108666427435,200
quick-multipivot-1,1024,82,4924,305490,0.016118367213329404,200
quick-multipivot-1,1024,83,4845,308747,0.01569246016965347,200
quick-multipivot-1,1024,84,4789,221546,0.021616278334973323,200
quick-multipivot-1,1024,85,4726,295231,0.01600780405851689,200
quick-multipivot-1,1024,86,4663,298214,0.015636422166632014,200
quick-multipivot-1,1024,87,4602,290856,0.015822262562917733,200
quick-multipivot-1,1024,88,4544,219311,0.020719434957662864,200
quick-multipivot-1,1024,89,4476,305833,0.014635438294755635,200
quick-multipivot-1,1024,90,4433,208221,0.021289879503028034,200
quick-multipivot-1,1024,91,4374,284271,0.015386726046624524,200
quick-multipivot-1,1024,92,4322,233023,0.018547525351574737,200
quick-multipivot-1,1024,93,4269,219018,0.019491548639837823,200
quick-multipivot-1,1024,94,4215,208233,0.020241748426041983,200
quick-multipivot-1,1024,95,4159,275387,0.015102383191653928,200
quick-multipivot-1,1024,96,4118,182364,0.022581211203965695,200
quick-multipivot-1,1024,97,4082,169657,0.024060309919425666,200
quick-multipivot-1,1024,98,4027,240820,0.016722033053733078,200
quick-multipivot-1,1024,99,3971,239273,0.016596105703526935,200
quick-multipivot-1,1024,100,3921,264335,0.0148334499782473,200
quick-multipivot-1,1024,101,3887,148173,0.026232849439506524,200
quick-multipivot-1,1024,102,3852,161203,0.023895336935416834,200
quick-multipivot-1,1024,103,3806,242976,0.015664098511787173,200
quick-multipivot-1,1024,104,3758,203959,0.018425271745792046,200
quick-multipivot-1,1024,105,3714,198662,0.01869507001842325,200
quick-multipivot-1,1024,106,3679,127222,0.02891795444184182,200
quick-multipivot-1,1024,107,3646,159012,0.022929087112922294,200
quick-multipivot-1,1024,108,3609,167769,0.02151172147416984,200
quick-multipivot-1,1024,109,3568,180126,0.01980835637276129,200
quick-multipivot-1,1024,110,3537,137400,0.02574235807860262,200
quick-multipivot-1,1024,111,3491,197661,0.017661551848872564,200
quick-multipivot-1,1024,112,3454,181743,0.01900485850899347,200
quick-multipivot-1,1024,113,3422,152547,0.022432430660714403,200
quick-multipivot-1,1024,114,3384,162514,0.02082282141846241,200
quick-multipivot-1,1024,115,3350,177990,0.01882128209449969,200
quick-multipivot-1,1024,116,3323,138195,0.02404573247946742,200
quick-multipivot-1,1024,117,3302,72472,0.04556242410862126,200
quick-multipivot-1,1024,118,3270,133118,0.024564671945191484,200
quick-multipivot-1,1024,119,3237,173627,0.01864341375477316,200
quick-multipivot-1,1024,120,3206,164071,0.019540320958609383,200
quick-multipivot-1,1024,121,3170,162067,0.019559811682822538,200
quick-multipivot-1,1024,122,3147,99298,0.03169248121815142,200
quick-multipivot-1,1024,123,3119,118074,0.02641563765096465,200
quick-multipivot-1,1024,124,3098,100905,0.03070214558247857,200
quick-multipivot-1,1024,125,3077,101502,0.030314673602490592,200
quick-multipivot-1,1024,126,3050,142306,0.02143268730763285,200
quick-multipivot-1,1024,127,3028,84656,0.035768285768285765,200
quick-multipivot-1,1024,128,3008,86809,0.034650785056848946,200
quick-multipivot-1,1024,129,2978,119358,0.024950149969000822,200
quick-multipivot-1,1024,130,2962,67583,0.04382758977849459,200
quick-multipivot-1,1024,131,2940,84712,0.03470582680139768,200
quick-multipivot-1,1024,132,2914,113260,0.02572841250220731,200
quick-multipivot-1,1024,133,2883,132605,0.021741261641717885,200
quick-multipivot-1,1024,134,2859,126841,0.02254003043180044,200
quick-multipivot-1,1024,135,2847,60910,0.04674109341651617,200
quick-multipivot-1,1024,136,2822,99607,0.028331342174746754,200
quick-multipivot-1,1024,137,2803,85390,0.032825857828785575,200
quick-multipivot-1,1024,138,2789,63082,0.04421229510795473,200
quick-multipivot-1,1024,139,2765,89922,0.030748871243966993,200
quick-multipivot-1,1024,140,2741,139724,0.01961724542669835,200
quick-multipivot-1,1024,141,2722,105163,0.025883628272301094,200
quick-multipivot-1,1024,142,2703,59439,0.04547519305506486,200
quick-multipivot-1,1024,143,2684,71354,0.03761527034223729,200
quick-multipivot-1,1024,144,2665,96702,0.02755889226696449,200
quick-multipivot-1,1024,145,2643,108148,0.024438732107852204,200
quick-multipivot-1,1024,146,2627,74626,0.03520220834561681,200
quick-multipivot-1,1024,147,2606,114132,0.022833210668348928,200
quick-multipivot-1,1024,148,2590,71614,0.036166112771245845,200
quick-multipivot-1,1024,149,2574,76746,0.03353920725510124,200
quick-multipivot-1,1024,150,2555,85300,0.029953106682297774,200
quick-multipivot-1,1024,151,2536,85606,0.029624091769268508,200
quick-multipivot-1,1024,152,2515,98252,0.025597443309042057,200
quick-multipivot-1,1024,153,2495,114823,0.021729096087020894,200
quick-multipivot-1,1024,154,2476,102164,0.024235542852668258,200
quick-multipivot-1,1024,155,2460,74247,0.033132651824316135,200
quick-multipivot-1,1024,156,2428,151976,0.01597620676948992,200
quick-multipivot-1,1024,157,2409,94122,0.02559444125709186,200
quick-multipivot-1,1024,158,2389,104721,0.022812998347991328,200
quick-multipivot-1,1024,159,2376,54504,0.043593130779392336,200
quick-multipivot-1,1024,160,2367,61013,0.038795010899316536,200
quick-multipivot-1,1024,161,2343,120490,0.019445597144991285,200
quick-multipivot-1,1024,162,2327,67447,0.034501163876821804,200
quick-multipivot-1,1024,163,2317,27841,0.08322258539563952,200
quick-multipivot-1,1024,164,2297,75801,0.030303030303030304,200
quick-multipivot-1,1024,165,2283,76098,0.030000788456989672,200
quick-multipivot-1,1024,166,2272,70282,0.03232691158475855,200
quick-multipivot-1,1024,167,2253,81457,0.027658764747044453,200
quick-multipivot-1,1024,168,2233,99160,0.022519160951996773,200
quick-multipivot-1,1024,169,2219,60761,0.0365201362716216,200
quick-multipivot-1,1024,170,2207,71929,0.0306830346591778,200
quick-multipivot-1,1024,171,2182,100451,0.021722033628336204,200
quick-multipivot-1,1024,172,2161,95956,0.022520738671891284,200
quick-multipivot-1,1024,173,2152,29859,0.07207207207207207,200
quick-multipivot-1,1024,174,2136,88248,0.024204514549904813,200
quick-multipivot-1,1024,175,2127,29035,0.07325641467194766,200
quick-multipivot-1,1024,176,2114,70232,0.030100239207199,200
quick-multipivot-1,1024,177,2105,50028,0.04207643719517071,200
quick-multipivot-1,1024,178,2084,111570,0.018678856323384424,200
quick-multipivot-1,1024,179,2071,59230,0.03496538916089819,200
quick-multipivot-1,1024,180,2055,61923,0.03318637662903929,200
quick-multipivot-1,1024,181,2044,49390,0.041384895727880136,200
quick-multipivot-1,1024,182,2031,81769,0.024838263889738164,200
quick-multipivot-1,1024,183,2015,79632,0.02530389793048021,200
quick-multipivot-1,1024,184,2000,98186,0.02036950278043713,200
quick-multipivot-1,1024,185,1985,65838,0.030149761535891127,200
quick-multipivot-1,1024,186,1979,34959,0.05660917074287022,200
quick-multipivot-1,1024,187,1969,53534,0.03678036388089812,200
quick-multipivot-1,1024,188,1958,44697,0.04380607199588339,200
quick-multipivot-1,1024,189,1945,63674,0.030546219807142633,200
quick-multipivot-1,1024,190,1941,16735,0.11598446369883478,200
quick-multipivot-1,1024,191,1925,81303,0.023676863092382816,200
quick-multipivot-1,1024,192,1911,82066,0.02328613554943582,200
quick-multipivot-1,1024,193,1900,52852,0.035949443729660184,200
quick-multipivot-1,1024,194,1889,45341,0.041662071855495024,200
quick-multipivot-1,1024,195,1879,52277,0.03594314899477782,200
quick-multipivot-1,1024,196,1868,52840,0.03535200605601817,200
quick-multipivot-1,1024,197,1861,27761,0.06703649003998415,200
quick-multipivot-1,1024,198,1852,42923,0.04314703072944575,200
quick-multipivot-1,1024,199,1842,42043,0.043812287420022356,200
quick-multipivot-1,1024,200,1828,82214,0.022234655898022235,200
quick-multipivot-1,1024,201,1820,28439,0.06399662435388023,200
quick-multipivot-1,1024,202,1811,48898,0.03703627960243773,200
quick-multipivot-1,1024,203,1805,37982,0.047522510662945605,200
quick-multipivot-1,1024,204,1798,33708,0.053340453304853444,200
quick-multipivot-1,1024,205,1784,82218,0.021698411540052056,200
quick-multipivot-1,1024,206,1771,60250,0.029394190871369293,200
quick-multipivot-1,1024,207,1760,65409,0.026907612102310078,200
quick-multipivot-1,1024,208,1753,37513,0.04673046677151921,200
quick-multipivot-1,1024,209,1735,83870,0.02068677715512102,200
quick-multipivot-1,1024,210,1727,50396,0.03426859274545599,200
quick-multipivot-1,1024,211,1725,13851,0.12453974442278536,200
quick-multipivot-1,1024,212,1713,69250,0.024736462093862818,200
quick-multipivot-1,1024,213,1706,33486,0.05094666427760855,200
quick-multipivot-1,1024,214,1697,41123,0.041266444568732824,200
quick-multipivot-1,1024,215,1690,30852,0.05477764812653961,200
quick-multipivot-1,1024,216,1683,25892,0.06500077243936352,200
quick-multipivot-1,1024,217,1674,50912,0.03288026398491515,200
quick-multipivot-1,1024,218,1671,5966,0.2800871605766007,200
quick-multipivot-1,1024,219,1662,48980,0.03393221723152307,200
quick-multipivot-1,1024,220,1646,73158,0.022499248202520573,200
quick-multipivot-1,1024,221,1638,39887,0.04106601148243789,200
quick-multipivot-1,1024,222,1625,65904,0.02465707696042729,200
quick-multipivot-1,1024,223,1616,58838,0.027465243550086678,200
quick-multipivot-1,1024,224,1607,46086,0.034869591633033895,200
quick-multipivot-1,1024,225,1597,49847,0.032038036391357556,200
quick-multipivot-1,1024,226,1596,7854,0.20320855614973263,200
quick-multipivot-1,1024,227,1589,36237,0.0438502083505809,200
quick-multipivot-1,1024,228,1579,48647,0.03245832219869673,200
quick-multipivot-1,1024,229,1572,49442,0.03179483030621739,200
quick-multipivot-1,1024,230,1566,34449,0.04545850387529391,200
quick-multipivot-1,1024,231,1556,53352,0.02916479232268706,200
quick-multipivot-1,1024,232,1553,11460,0.1355148342059337,200
quick-multipivot-1,1024,233,1548,34299,0.04513251115192863,200
quick-multipivot-1,1024,234,1539,46405,0.03316452968430126,200
quick-multipivot-1,1024,235,1537,18436,0.0833694944673465,200
quick-multipivot-1,1024,236,1528,47583,0.03211230901792657,200
quick-multipivot-1,1024,237,1513,72047,0.02100018043776979,200
quick-multipivot-1,1024,238,1505,36304,0.041455486998677835,200
quick-multipivot-1,1024,239,1501,19436,0.07722782465527886,200
quick-multipivot-1,1024,240,1494,33040,0.0452179176755448,200
quick-multipivot-1,1024,241,1488,34849,0.04269849923957646,200
quick-multipivot-1,1024,242,1483,31742,0.04672043349505387,200
quick-multipivot-1,1024,243,1481,7854,0.18856633562515915,200
quick-multipivot-1,1024,244,1471,63913,0.02301566191541627,200
quick-multipivot-1,1024,245,1464,36210,0.040430820215410106,200
quick-multipivot-1,1024,246,1456,37611,0.03871207891308394,200
quick-multipivot-1,1024,247,1451,24068,0.060287518697025096,200
quick-multipivot-1,1024,248,1445,30931,0.0467168859720022,200
quick-multipivot-1,1024,249,1437,54636,0.026301339775971887,200
quick-multipivot-1,1024,250,1430,36753,0.03890838843087639,200
quick-multipivot-1,1024,251,1425,19515,0.0730207532667179,200
quick-multipivot-1,1024,252,1420,33227,0.04273632888915641,200
quick-multipivot-1,1024,253,1417,12027,0.11781824228818492,200
quick-multipivot-1,1024,254,1404,62132,0.022597051438872078,200
quick-multipivot-1,1024,255,1398,44089,0.03170858944407902,200
quick-multipivot-1,1024,256,1390,44357,0.03133665486845368,200
quick-multipivot-1,1024,257,1383,25208,0.054863535385591876,200
quick-multipivot-1,1024,258,1379,24567,0.056132209875035616,200
quick-multipivot-1,1024,259,1375,19037,0.0722277669800914,200
quick-multipivot-1,1024,260,1365,47002,0.02904131739074933,200
quick-multipivot-1,1024,261,1361,23785,0.057220937565692666,200
quick-multipivot-1,1024,262,1357,23040,0.05889756944444444,200
quick-multipivot-1,1024,263,1347,48296,0.027890508530727182,200
quick-multipivot-1,1024,264,1339,37416,0.03578682916399401,200
quick-multipivot-1,1024,265,1333,30897,0.04314334725054213,200
quick-multipivot-1,1024,266,1328,33659,0.039454529249234975,200
quick-multipivot-1,1024,267,1322,21559,0.06132009833480217,200
quick-multipivot-1,1024,268,1313,64042,0.020502170450641767,200
quick-multipivot-1,1024,269,1303,52845,0.02465701580092724,200
quick-multipivot-1,1024,270,1300,12524,0.10380070265091025,200
quick-multipivot-1,1024,271,1296,20374,0.06361048395013252,200
quick-multipivot-1,1024,272,1293,16050,0.0805607476635514,200
quick-multipivot-1,1024,273,1291,13331,0.09684194734078463,200
quick-multipivot-1,1024,274,1289,13136,0.0981272838002436,200
quick-multipivot-1,1024,275,1284,30750,0.04175609756097561,200
quick-multipivot-1,1024,276,1277,41455,0.03080448679290797,200
quick-multipivot-1,1024,277,1271,20681,0.06145737633576713,200
quick-multipivot-1,1024,278,1268,16560,0.07657004830917874,200
quick-multipivot-1,1024,279,1268,1268,1.0,200
quick-multipivot-1,1024,280,1266,12805,0.09886762983209683,200
quick-multipivot-1,1024,281,1259,48406,0.026009172416642565,200
quick-multipivot-1,1024,282,1256,13998,0.08972710387198171,200
quick-multipivot-1,1024,283,1252,12186,0.10274085015591662,200
quick-multipivot-1,1024,284,1249,17683,0.07063281117457446,200
quick-multipivot-1,1024,285,1244,26691,0.046607470683001764,200
quick-multipivot-1,1024,286,1242,16650,0.0745945945945946,200
quick-multipivot-1,1024,287,1233,60179,0.02048887485667758,200
quick-multipivot-1,1024,288,1228,23459,0.05234664734217145,200
quick-multipivot-1,1024,289,1217,64335,0.018916608378021296,200
quick-multipivot-1,1024,290,1216,7999,0.15201900237529692,200
quick-multipivot-1,1024,291,1211,28812,0.042031098153547136,200
quick-multipivot-1,1024,292,1206,27470,0.04390243902439024,200
quick-multipivot-1,1024,293,1203,10332,0.11643437862950058,200
quick-multipivot-1,1024,294,1198,20164,0.05941281491767506,200
quick-multipivot-1,1024,295,1193,27378,0.043575133318723064,200
quick-multipivot-1,1024,296,1188,40629,0.02924019788820793,200
quick-multipivot-1,1024,297,1181,34806,0.033930931448600814,200
quick-multipivot-1,1024,298,1173,53940,0.02174638487208009,200
quick-multipivot-1,1024,299,1170,11517,0.1015889554571503,200
quick-multipivot-1,1024,300,1165,27196,0.04283718193852037,200
quick-multipivot-1,1024,301,1161,23857,0.04866496206564111,200
quick-multipivot-1,1024,302,1159,17467,0.06635369554016145,200
quick-multipivot-1,1024,303,1149,55046,0.020873451295280312,200
quick-multipivot-1,1024,304,1147,15739,0.07287629455492725,200
quick-multipivot-1,1024,305,1141,34095,0.033465317495233904,200
quick-multipivot-1,1024,306,1137,21721,0.0523456562773353,200
quick-multipivot-1,1024,307,1130,24608,0.04592002600780234,200
quick-multipivot-1,1024,308,1129,4487,0.251615778916871,200
quick-multipivot-1,1024,309,1125,20958,0.053678786143716004,200
quick-multipivot-1,1024,310,1124,10817,0.1039105112323195,200
quick-multipivot-1,1024,311,1123,5476,0.20507669831994157,200
quick-multipivot-1,1024,312,1117,34828,0.032071896175490985,200
quick-multipivot-1,1024,313,1114,14864,0.07494617868675996,200
quick-multipivot-1,1024,314,1108,27129,0.04084190349810166,200
quick-multipivot-1,1024,315,1103,25887,0.04260825897168463,200
quick-multipivot-1,1024,316,1099,25484,0.04312509810076911,200
quick-multipivot-1,1024,317,1090,44144,0.024691917361362812,200
quick-multipivot-1,1024,318,1088,9302,0.11696409374328101,200
quick-multipivot-1,1024,319,1087,9059,0.11999116900320124,200
quick-multipivot-1,1024,320,1085,13384,0.08106694560669456,200
quick-multipivot-1,1024,321,1083,8726,0.12411184964473986,200
quick-multipivot-1,1024,322,1078,20981,0.051379819836995376,200
quick-multipivot-1,1024,323,1072,29072,0.036873968079251515,200
quick-multipivot-1,1024,324,1068,15813,0.06753936634414721,200
quick-multipivot-1,1024,325,1065,10916,0.09756320996702089,200
quick-multipivot-1,1024,326,1063,14427,0.07368129202190338,200
quick-multipivot-1,1024,327,1061,9014,0.11770579099179054,200
quick-multipivot-1,1024,328,1054,39427,0.02673294950161057,200
quick-multipivot-1,1024,329,1051,22895,0.04590521948023586,200
quick-multipivot-1,1024,330,1047,27709,0.03778555703922913,200
quick-multipivot-1,1024,331,1044,22136,0.04716299241055295,200
quick-multipivot-1,1024,332,1041,21060,0.04943019943019943,200
quick-multipivot-1,1024,333,1040,10436,0.09965504024530472,200
quick-multipivot-1,1024,334,1037,11361,0.09127717630490274,200
quick-multipivot-1,1024,335,1035,14102,0.07339384484470288,200
quick-multipivot-1,1024,336,1032,18635,0.05537966192648242,200
quick-multipivot-1,1024,337,1029,16340,0.06297429620563036,200
quick-multipivot-1,1024,338,1027,12874,0.07977318626689452,200
quick-multipivot-1,1024,339,1020,29389,0.03470686311204873,200
quick-multipivot-1,1024,340,1014,29615,0.03423940570656762,200
quick-multipivot-1,1024,341,1011,19390,0.05214027849406911,200
quick-multipivot-1,1024,342,1006,23880,0.04212730318257957,200
quick-multipivot-1,1024,343,998,37135,0.026874915847583142,200
quick-multipivot-1,1024,344,993,18754,0.05294870427642103,200
quick-multipivot-1,1024,345,991,18478,0.053631345383699534,200
quick-multipivot-1,1024,346,987,32266,0.030589474989152668,200
quick-multipivot-1,1024,347,982,33023,0.029736850074190715,200
quick-multipivot-1,1024,348,977,29239,0.033414275454016894,200
quick-multipivot-1,1024,349,974,19724,0.0493814642060434,200
quick-multipivot-1,1024,350,971,22004,0.04412834030176332,200
quick-multipivot-1,1024,351,968,23672,0.040892193308550186,200
quick-multipivot-1,1024,352,961,43898,0.021891657934302245,200
quick-multipivot-1,1024,353,957,25881,0.036976932885128086,200
quick-multipivot-1,1024,354,954,25278,0.03774032755755993,200
quick-multipivot-1,1024,355,951,20796,0.04572994806693595,200
quick-multipivot-1,1024,356,948,20316,0.04666272888363851,200
quick-multipivot-1,1024,357,947,7639,0.12396910590391412,200
quick-multipivot-1,1024,358,945,12363,0.07643775782577045,200
quick-multipivot-1,1024,359,944,6052,0.15598149372108394,200
quick-multipivot-1,1024,360,940,26315,0.035721071632148965,200
quick-multipivot-1,1024,361,935,33342,0.02804270889568712,200
quick-multipivot-1,1024,362,932,15916,0.0585574264890676,200
quick-multipivot-1,1024,363,928,16064,0.05776892430278884,200
quick-multipivot-1,1024,364,925,19438,0.04758720032925198,200
quick-multipivot-1,1024,365,925,925,1.0,200
quick-multipivot-1,1024,366,921,28418,0.0324090365261454,200
quick-multipivot-1,1024,367,919,10383,0.0885100645285563,200
quick-multipivot-1,1024,368,914,26698,0.034234774140385046,200
quick-multipivot-1,1024,369,912,12055,0.07565325591041062,200
quick-multipivot-1,1024,370,911,5316,0.17136945071482318,200
quick-multipivot-1,1024,371,910,6595,0.1379833206974981,200
quick-multipivot-1,1024,372,906,16847,0.05377812073366178,200
quick-multipivot-1,1024,373,903,23469,0.038476287869103926,200
quick-multipivot-1,1024,374,898,29245,0.030706103607454266,200
quick-multipivot-1,1024,375,898,898,1.0,200
quick-multipivot-1,1024,376,895,13893,0.06442093140430433,200
quick-multipivot-1,1024,377,894,9737,0.09181472732874602,200
quick-multipivot-1,1024,378,894,894,1.0,200
quick-multipivot-1,1024,379,892,12878,0.0692654138841435,200
quick-multipivot-1,1024,380,890,16266,0.05471535718676995,200
quick-multipivot-1,1024,381,888,13126,0.0676519884199299,200
quick-multipivot-1,1024,382,883,30803,0.028666039022173163,200
quick-multipivot-1,1024,383,881,12872,0.06844313238036047,200
quick-multipivot-1,1024,384,879,14857,0.05916403042336946,200
quick-multipivot-1,1024,385,878,8564,0.10252218589444186,200
quick-multipivot-1,1024,386,875,16324,0.05360205831903945,200
quick-multipivot-1,1024,387,871,24509,0.035537965645273166,200
quick-multipivot-1,1024,388,870,8150,0.1067484662576687,200
quick-multipivot-1,1024,389,867,18388,0.047150315423102024,200
quick-multipivot-1,1024,390,866,10121,0.08556466752297204,200
quick-multipivot-1,1024,391,864,14402,0.059991667823913346,200
quick-multipivot-1,1024,392,857,36811,0.02328108445844992,200
quick-multipivot-1,1024,393,855,19361,0.04416094210009813,200
quick-multipivot-1,1024,394,853,10600,0.08047169811320755,200
quick-multipivot-1,1024,395,851,7462,0.11404449209327258,200
quick-multipivot-1,1024,396,848,18681,0.04539371553985333,200
quick-multipivot-1,1024,397,845,16150,0.05232198142414861,200
quick-multipivot-1,1024,398,845,845,1.0,200
quick-multipivot-1,1024,399,842,14224,0.05919572553430821,200
quick-multipivot-1,1024,400,840,15967,0.0526085050416484,200
quick-multipivot-1,1024,401,836,32619,0.025629234495232838,200
quick-multipivot-1,1024,402,836,836,1.0,200
quick-multipivot-1,1024,403,833,16589,0.050213997227078186,200
quick-multipivot-1,1024,404,824,53132,0.01550854475645562,200
quick-multipivot-1,1024,405,822,13399,0.06134786178072991,200
quick-multipivot-1,1024,406,819,15982,0.05124515079464397,200
quick-multipivot-1,1024,407,815,31643,0.025756091394621244,200
quick-multipivot-1,1024,408,812,21979,0.03694435597615906,200
quick-multipivot-1,1024,409,812,812,1.0,200
quick-multipivot-1,1024,410,812,812,1.0,200
quick-multipivot-1,1024,411,810,12791,0.06332577593620514,200
quick-multipivot-1,1024,412,807,19299,0.04181563811596456,200
quick-multipivot-1,1024,413,806,9091,0.08865911340886591,200
quick-multipivot-1,1024,414,806,806,1.0,200
quick-multipivot-1,1024,415,804,9602,0.08373255571755885,200
quick-multipivot-1,1024,416,804,804,1.0,200
quick-multipivot-1,1024,417,799,39223,0.02037070086428881,200
quick-multipivot-1,1024,418,798,5665,0.140864960282436,200
quick-multipivot-1,1024,419,793,26270,0.030186524552721736,200
quick-multipivot-1,1024,420,789,23638,0.033378458414417465,200
quick-multipivot-1,1024,421,787,13243,0.05942762213999849,200
quick-multipivot-1,1024,422,786,9385,0.08375066595631327,200
quick-multipivot-1,1024,423,779,43385,0.017955514578771464,200
quick-multipivot-1,1024,424,776,18610,0.04169801182160129,200
quick-multipivot-1,1024,425,773,22002,0.03513316971184438,200
quick-multipivot-1,1024,426,770,21240,0.036252354048964215,200
quick-multipivot-1,1024,427,768,20464,0.03752931978107897,200
quick-multipivot-1,1024,428,766,12320,0.062175324675324675,200
quick-multipivot-1,1024,429,765,9410,0.08129649309245483,200
quick-multipivot-1,1024,430,764,6415,0.1190958690568979,200
quick-multipivot-1,1024,431,762,18729,0.040685567835976294,200
quick-multipivot-1,1024,432,762,762,1.0,200
quick-multipivot-1,1024,433,761,6748,0.11277415530527564,200
quick-multipivot-1,1024,434,757,27876,0.027155976467211938,200
quick-multipivot-1,1024,435,753,27096,0.027790079716563332,200
quick-multipivot-1,1024,436,751,10234,0.0733828415086965,200
quick-multipivot-1,1024,437,750,8581,0.08740240065260459,200
quick-multipivot-1,1024,438,748,10911,0.06855466959948675,200
quick-multipivot-1,1024,439,747,4414,0.16923425464431355,200
quick-multipivot-1,1024,440,745,11612,0.06415776782638649,200
quick-multipivot-1,1024,441,743,14394,0.05161873002639989,200
quick-multipivot-1,1024,442,741,13355,0.05548483713964807,200
quick-multipivot-1,1024,443,739,13490,0.05478131949592291,200
quick-multipivot-1,1024,444,735,32518,0.0226028661049265,200
quick-multipivot-1,1024,445,733,8465,0.08659184878913172,200
quick-multipivot-1,1024,446,733,733,1.0,200
quick-multipivot-1,1024,447,733,733,1.0,200
quick-multipivot-1,1024,448,730,21928,0.0332907697920467,200
quick-multipivot-1,1024,449,729,9377,0.07774341473818919,200
quick-multipivot-1,1024,450,727,16427,0.044256407134595485,200
quick-multipivot-1,1024,451,724,21483,0.03370106595913048,200
quick-multipivot-1,1024,452,722,18262,0.03953564779323185,200
quick-multipivot-1,1024,453,720,9718,0.07408931878987446,200
quick-multipivot-1,1024,454,717,16698,0.04293927416457061,200
quick-multipivot-1,1024,455,716,4226,0.16942735447231425,200
quick-multipivot-1,1024,456,712,19541,0.03643621104344711,200
quick-multipivot-1,1024,457,709,12215,0.058043389275480965,200
quick-multipivot-1,1024,458,707,10057,0.07029929402406285,200
quick-multipivot-1,1024,459,706,5205,0.1356388088376561,200
quick-multipivot-1,1024,460,703,20820,0.03376560999039385,200
quick-multipivot-1,1024,461,702,5110,0.13737769080234832,200
quick-multipivot-1,1024,462,700,10922,0.06409082585607032,200
quick-multipivot-1,1024,463,699,7350,0.09510204081632653,200
quick-multipivot-1,1024,464,699,699,1.0,200
quick-multipivot-1,1024,465,696,22424,0.031038173385658223,200
quick-multipivot-1,1024,466,694,8632,0.0803985171455051,200
quick-multipivot-1,1024,467,692,8125,0.08516923076923077,200
quick-multipivot-1,1024,468,689,13961,0.049351765632834325,200
quick-multipivot-1,1024,469,688,5568,0.1235632183908046,200
quick-multipivot-1,1024,470,685,21878,0.03130999177255691,200
quick-multipivot-1,1024,471,683,17210,0.03968622893666473,200
quick-multipivot-1,1024,472,676,53301,0.012682688880133582,200
quick-multipivot-1,1024,473,674,18161,0.03711249380540719,200
quick-multipivot-1,1024,474,671,21863,0.030691121986918538,200
quick-multipivot-1,1024,475,668,19045,0.03507482278813337,200
quick-multipivot-1,1024,476,668,668,1.0,200
quick-multipivot-1,1024,477,668,668,1.0,200
quick-multipivot-1,1024,478,666,14835,0.0448938321536906,200
quick-multipivot-1,1024,479,666,666,1.0,200
quick-multipivot-1,1024,480,660,33782,0.019537031555266118,200
quick-multipivot-1,1024,481,660,660,1.0,200
quick-multipivot-1,1024,482,658,16535,0.03979437556697914,200
quick-multipivot-1,1024,483,656,16398,0.040004878643737043,200
quick-multipivot-1,1024,484,653,21162,0.03085719686230035,200
quick-multipivot-1,1024,485,651,10122,0.06431535269709543,200
quick-multipivot-1,1024,486,651,651,1.0,200
quick-multipivot-1,1024,487,650,7566,0.0859106529209622,200
quick-multipivot-1,1024,488,647,26320,0.024582066869300912,200
quick-multipivot-1,1024,489,645,11305,0.057054400707651484,200
quick-multipivot-1,1024,490,644,7261,0.08869301749070375,200
quick-multipivot-1,1024,491,641,25439,0.02519753134950273,200
quick-multipivot-1,1024,492,638,20893,0.0305365433398746,200
quick-multipivot-1,1024,493,637,10117,0.06296332905011368,200
quick-multipivot-1,1024,494,635,12443,0.05103270915374106,200
quick-multipivot-1,1024,495,634,7546,0.084018022793533,200
quick-multipivot-1,1024,496,634,634,1.0,200
quick-multipivot-1,1024,497,631,18980,0.033245521601685986,200
quick-multipivot-1,1024,498,628,26275,0.02390104662226451,200
quick-multipivot-1,1024,499,626,18642,0.033580087973393416,200
quick-multipivot-1,1024,500,626,626,1.0,200
quick-multipivot-1,1024,501,625,6064,0.10306728232189974,200
quick-multipivot-1,1024,502,624,7653,0.08153665229321834,200
quick-multipivot-1,1024,503,622,14956,0.041588660069537306,200
quick-multipivot-1,1024,504,621,10311,0.06022694210066919,200
quick-multipivot-1,1024,505,618,20106,0.030737093404953744,200
quick-multipivot-1,1024,506,618,618,1.0,200
quick-multipivot-1,1024,507,616,10212,0.060321190755973364,200
quick-multipivot-1,1024,508,614,17259,0.03557564169418854,200
quick-multipivot-1,1024,509,613,7545,0.08124585818422797,200
quick-multipivot-1,1024,510,613,613,1.0,200
quick-multipivot-1,1024,511,613,613,1.0,200
quick-multipivot-1,1024,512,611,11246,0.05433042859683443,200
quick-multipivot-1,1024,513,610,7950,0.07672955974842767,200
quick-multipivot-1,1024,514,608,14157,0.04294695203786113,200
quick-multipivot-1,1024,515,606,13970,0.04337866857551897,200
quick-multipivot-1,1024,516,605,10590,0.05712936732766761,200
quick-multipivot-1,1024,517,605,605,1.0,200
quick-multipivot-1,1024,518,603,13641,0.04420497031009457,200
quick-multipivot-1,1024,519,601,9413,0.06384786996706682,200
quick-multipivot-1,1024,520,599,9610,0.062330905306971905,200
quick-multipivot-1,1024,521,598,7701,0.0776522529541618,200
quick-multipivot-1,1024,522,597,6379,0.09358833672989497,200
quick-multipivot-1,1024,523,594,18640,0.031866952789699574,200
quick-multipivot-1,1024,524,591,19226,0.0307396234266098,200
quick-multipivot-1,1024,525,589,11338,0.05194919738931028,200
quick-multipivot-1,1024,526,587,14870,0.039475453934095496,200
quick-multipivot-1,1024,527,586,7565,0.0774619960343688,200
quick-multipivot-1,1024,528,584,9703,0.060187570854374935,200
quick-multipivot-1,1024,529,583,6169,0.09450478197438807,200
quick-multipivot-1,1024,530,582,5446,0.10686742563349247,200
quick-multipivot-1,1024,531,582,582,1.0,200
quick-multipivot-1,1024,532,581,5910,0.09830795262267343,200
quick-multipivot-1,1024,533,581,581,1.0,200
quick-multipivot-1,1024,534,580,9841,0.05893709988822274,200
quick-multipivot-1,1024,535,579,5339,0.10844727477055628,200
quick-multipivot-1,1024,536,577,12696,0.0454473850031506,200
quick-multipivot-1,1024,537,575,10472,0.0549083269671505,200
quick-multipivot-1,1024,538,574,9838,0.05834519211221793,200
quick-multipivot-1,1024,539,574,574,1.0,200
quick-multipivot-1,1024,540,571,19522,0.029249052351193527,200
quick-multipivot-1,1024,541,570,7089,0.08040626322471435,200
quick-multipivot-1,1024,542,568,14945,0.038006022080963535,200
quick-multipivot-1,1024,543,566,10453,0.05414713479383909,200
quick-multipivot-1,1024,544,566,566,1.0,200
quick-multipivot-1,1024,545,563,19823,0.02840135196488927,200
quick-multipivot-1,1024,546,562,9254,0.060730494921115194,200
quick-multipivot-1,1024,547,561,9180,0.06111111111111111,200
quick-multipivot-1,1024,548,560,8753,0.06397806466354393,200
quick-multipivot-1,1024,549,558,13771,0.04051993319294169,200
quick-multipivot-1,1024,550,555,20250,0.027407407407407408,200
quick-multipivot-1,1024,551,550,27867,0.019736606021459074,200
quick-multipivot-1,1024,552,549,5138,0.10685091475282212,200
quick-multipivot-1,1024,553,547,11837,0.04621103320097998,200
quick-multipivot-1,1024,554,546,7523,0.07257742921706765,200
quick-multipivot-1,1024,555,546,546,1.0,200
quick-multipivot-1,1024,556,546,546,1.0,200
quick-multipivot-1,1024,557,544,12724,0.04275385099025464,200
quick-multipivot-1,1024,558,544,544,1.0,200
quick-multipivot-1,1024,559,543,5795,0.09370146678170838,200
quick-multipivot-1,1024,560,542,9275,0.0584366576819407,200
quick-multipivot-1,1024,561,541,9778,0.0553282879934547,200
quick-multipivot-1,1024,562,540,9783,0.05519779208831647,200
quick-multipivot-1,1024,563,538,16309,0.03298792077993746,200
quick-multipivot-1,1024,564,534,32215,0.016576129132391742,200
quick-multipivot-1,1024,565,534,534,1.0,200
quick-multipivot-1,1024,566,530,32153,0.016483687369763318,200
quick-multipivot-1,1024,567,528,17905,0.029488969561574978,200
quick-multipivot-1,1024,568,528,528,1.0,200
quick-multipivot-1,1024,569,524,30095,0.017411530154510715,200
quick-multipivot-1,1024,570,524,524,1.0,200
quick-multipivot-1,1024,571,520,30777,0.01689573382720863,200
quick-multipivot-1,1024,572,517,15716,0.03289641130058539,200
quick-multipivot-1,1024,573,517,517,1.0,200
quick-multipivot-1,1024,574,516,5783,0.08922704478644303,200
quick-multipivot-1,1024,575,515,8559,0.060170580675312536,200
quick-multipivot-1,1024,576,514,5546,0.09267940858276236,200
quick-multipivot-1,1024,577,513,7498,0.0684182448652974,200
quick-multipivot-1,1024,578,513,513,1.0,200
quick-multipivot-1,1024,579,511,12556,0.040697674418604654,200
quick-multipivot-1,1024,580,510,8251,0.061810689613380196,200
quick-multipivot-1,1024,581,509,8829,0.05765092309434817,200
quick-multipivot-1,1024,582,508,5898,0.08613089182773821,200
quick-multipivot-1,1024,583,506,16375,0.030900763358778626,200
quick-multipivot-1,1024,584,505,6672,0.075689448441247,200
quick-multipivot-1,1024,585,505,505,1.0,200
quick-multipivot-1,1024,586,501,26215,0.019111195880221248,200
quick-multipivot-1,1024,587,500,6790,0.07363770250368189,200
quick-multipivot-1,1024,588,494,43147,0.011449231696294065,200
quick-multipivot-1,1024,589,492,13360,0.03682634730538922,200
quick-multipivot-1,1024,590,491,9078,0.0540868032606301,200
quick-multipivot-1,1024,591,490,7107,0.06894610946953708,200
quick-multipivot-1,1024,592,490,490,1.0,200
quick-multipivot-1,1024,593,490,490,1.0,200
quick-multipivot-1,1024,594,489,9937,0.049210023145818654,200
quick-multipivot-1,1024,595,488,5487,0.0889374886094405,200
quick-multipivot-1,1024,596,485,19733,0.02457811787361273,200
quick-multipivot-1,1024,597,484,9504,0.05092592592592592,200
quick-multipivot-1,1024,598,482,11313,0.04260585167506409,200
quick-multipivot-1,1024,599,480,18451,0.02601485014362365,200
quick-multipivot-1,1024,600,479,10103,0.04741165990299911,200
quick-multipivot-1,1024,601,479,479,1.0,200
quick-multipivot-1,1024,602,479,479,1.0,200
quick-multipivot-1,1024,603,478,9235,0.05175961017866811,200
quick-multipivot-1,1024,604,477,8423,0.056630654161225216,200
quick-multipivot-1,1024,605,477,477,1.0,200
quick-multipivot-1,1024,606,475,12656,0.037531605562579014,200
quick-multipivot-1,1024,607,474,6300,0.07523809523809524,200
quick-multipivot-1,1024,608,472,16652,0.028344943550324287,200
quick-multipivot-1,1024,609,469,20544,0.02282904984423676,200
quick-multipivot-1,1024,610,469,469,1.0,200
quick-multipivot-1,1024,611,469,469,1.0,200
quick-multipivot-1,1024,612,469,469,1.0,200
quick-multipivot-1,1024,613,469,469,1.0,200
quick-multipivot-1,1024,614,469,469,1.0,200
quick-multipivot-1,1024,615,468,8600,0.05441860465116279,200
quick-multipivot-1,1024,616,465,21053,0.02208711347551418,200
quick-multipivot-1,1024,617,464,5762,0.08052759458521347,200
quick-multipivot-1,1024,618,463,7566,0.06119481892677769,200
quick-multipivot-1,1024,619,461,11023,0.041821645650004534,200
quick-multipivot-1,1024,620,461,461,1.0,200
quick-multipivot-1,1024,621,460,6053,0.07599537419461425,200
quick-multipivot-1,1024,622,460,460,1.0,200
quick-multipivot-1,1024,623,457,20110,0.022725012431626057,200
quick-multipivot-1,1024,624,456,9829,0.04639332587241835,200
quick-multipivot-1,1024,625,456,456,1.0,200
quick-multipivot-1,1024,626,456,456,1.0,200
quick-multipivot-1,1024,627,455,7107,0.06402138736457014,200
quick-multipivot-1,1024,628,453,20277,0.022340582926468414,200
quick-multipivot-1,1024,629,453,453,1.0,200
quick-multipivot-1,1024,630,452,6346,0.07122596911440278,200
quick-multipivot-1,1024,631,451,10491,0.04298922886283481,200
quick-multipivot-1,1024,632,448,16925,0.026469719350073855,200
quick-multipivot-1,1024,633,446,14790,0.03015551048005409,200
quick-multipivot-1,1024,634,445,9530,0.04669464847848898,200
quick-multipivot-1,1024,635,442,20290,0.021784130113356334,200
quick-multipivot-1,1024,636,442,442,1.0,200
quick-multipivot-1,1024,637,441,7893,0.055872291904218926,200
quick-multipivot-1,1024,638,441,441,1.0,200
quick-multipivot-1,1024,639,439,12951,0.033896996370936607,200
quick-multipivot-1,1024,640,437,15337,0.02849318641194497,200
quick-multipivot-1,1024,641,437,437,1.0,200
quick-multipivot-1,1024,642,437,437,1.0,200
quick-multipivot-1,1024,643,437,437,1.0,200
quick-multipivot-1,1024,644,435,18611,0.023373273870291762,200
quick-multipivot-1,1024,645,434,6226,0.06970767748152908,200
quick-multipivot-1,1024,646,434,434,1.0,200
quick-multipivot-1,1024,647,433,9608,0.04506661115736886,200
quick-multipivot-1,1024,648,433,433,1.0,200
quick-multipivot-1,1024,649,433,433,1.0,200
quick-multipivot-1,1024,650,432,6247,0.06915319353289578,200
quick-multipivot-1,1024,651,432,432,1.0,200
quick-multipivot-1,1024,652,428,31146,0.01374173248571245,200
quick-multipivot-1,1024,653,428,428,1.0,200
quick-multipivot-1,1024,654,428,428,1.0,200
quick-multipivot-1,1024,655,427,6173,0.06917220152276041,200
quick-multipivot-1,1024,656,425,16829,0.025254025788816924,200
quick-multipivot-1,1024,657,424,7084,0.059853190287972896,200
quick-multipivot-1,1024,658,424,424,1.0,200
quick-multipivot-1,1024,659,424,424,1.0,200
quick-multipivot-1,1024,660,423,9944,0.042538213998390986,200
quick-multipivot-1,1024,661,422,10319,0.04089543560422521,200
quick-multipivot-1,1024,662,420,13122,0.03200731595793324,200
quick-multipivot-1,1024,663,420,420,1.0,200
quick-multipivot-1,1024,664,418,14921,0.028014208162991758,200
quick-multipivot-1,1024,665,418,418,1.0,200
quick-multipivot-1,1024,666,418,418,1.0,200
quick-multipivot-1,1024,667,417,7071,0.05897327110733984,200
quick-multipivot-1,1024,668,416,9501,0.04378486475107883,200
quick-multipivot-1,1024,669,416,416,1.0,200
quick-multipivot-1,1024,670,414,17020,0.024324324324324326,200
quick-multipivot-1,1024,671,413,9609,0.04298053907794776,200
quick-multipivot-1,1024,672,413,413,1.0,200
quick-multipivot-1,1024,673,412,9043,0.04556010173614951,200
quick-multipivot-1,1024,674,410,14885,0.027544507893852873,200
quick-multipivot-1,1024,675,407,23692,0.017178794529799087,200
quick-multipivot-1,1024,676,406,6464,0.06280940594059406,200
quick-multipivot-1,1024,677,405,6936,0.05839100346020761,200
quick-multipivot-1,1024,678,404,6264,0.06449553001277139,200
quick-multipivot-1,1024,679,403,9305,0.043310048361096184,200
quick-multipivot-1,1024,680,402,7715,0.05210628645495787,200
quick-multipivot-1,1024,681,401,9173,0.043715251280933176,200
quick-multipivot-1,1024,682,400,9575,0.04177545691906005,200
quick-multipivot-1,1024,683,397,20855,0.019036202349556462,200
quick-multipivot-1,1024,684,394,25512,0.015443712762621511,200
quick-multipivot-1,1024,685,391,22518,0.01736388666844302,200
quick-multipivot-1,1024,686,389,13779,0.0282313665723202,200
quick-multipivot-1,1024,687,388,9472,0.040962837837837836,200
quick-multipivot-1,1024,688,388,388,1.0,200
quick-multipivot-1,1024,689,386,18033,0.021405201574890478,200
quick-multipivot-1,1024,690,384,15112,0.02541026998411858,200
quick-multipivot-1,1024,691,384,384,1.0,200
quick-multipivot-1,1024,692,383,7300,0.052465753424657535,200
quick-multipivot-1,1024,693,382,6731,0.05675233991977418,200
quick-multipivot-1,1024,694,381,6770,0.05627769571639586,200
quick-multipivot-1,1024,695,380,8605,0.044160371876815804,200
quick-multipivot-1,1024,696,377,25445,0.014816270387109452,200
quick-multipivot-1,1024,697,377,377,1.0,200
quick-multipivot-1,1024,698,377,377,1.0,200
quick-multipivot-1,1024,699,375,15974,0.02347564792788281,200
quick-multipivot-1,1024,700,375,375,1.0,200
quick-multipivot-1,1024,701,374,9361,0.0399529964747356,200
quick-multipivot-1,1024,702,374,374,1.0,200
quick-multipivot-1,1024,703,374,374,1.0,200
quick-multipivot-1,1024,704,374,374,1.0,200
quick-multipivot-1,1024,705,374,374,1.0,200
quick-multipivot-1,1024,706,374,374,1.0,200
quick-multipivot-1,1024,707,372,14010,0.026552462526766595,200
quick-multipivot-1,1024,708,372,372,1.0,200
quick-multipivot-1,1024,709,372,372,1.0,200
quick-multipivot-1,1024,710,372,372,1.0,200
quick-multipivot-1,1024,711,370,16396,0.02256647962917785,200
quick-multipivot-1,1024,712,370,370,1.0,200
quick-multipivot-1,1024,713,369,7080,0.05211864406779661,200
quick-multipivot-1,1024,714,369,369,1.0,200
quick-multipivot-1,1024,715,369,369,1.0,200
quick-multipivot-1,1024,716,368,8774,0.041942101664007296,200
quick-multipivot-1,1024,717,368,368,1.0,200
quick-multipivot-1,1024,718,366,15996,0.02288072018004501,200
quick-multipivot-1,1024,719,365,7922,0.04607422368088866,200
quick-multipivot-1,1024,720,364,8734,0.04167620792305931,200
quick-multipivot-1,1024,721,364,364,1.0,200
quick-multipivot-1,1024,722,363,9092,0.03992520897492301,200
quick-multipivot-1,1024,723,362,7763,0.04663145691098802,200
quick-multipivot-1,1024,724,359,23207,0.01546947041840824,200
quick-multipivot-1,1024,725,357,15339,0.023274007432035986,200
quick-multipivot-1,1024,726,356,8870,0.040135287485907556,200
quick-multipivot-1,1024,727,356,356,1.0,200
quick-multipivot-1,1024,728,355,9626,0.03687928526906296,200
quick-multipivot-1,1024,729,354,8440,0.04194312796208531,200
quick-multipivot-1,1024,730,354,354,1.0,200
quick-multipivot-1,1024,731,351,25700,0.013657587548638132,200
quick-multipivot-1,1024,732,348,25488,0.013653483992467044,200
quick-multipivot-1,1024,733,348,348,1.0,200
quick-multipivot-1,1024,734,347,7262,0.047782979895345634,200
quick-multipivot-1,1024,735,345,18983,0.01817415582363167,200
quick-multipivot-1,1024,736,345,345,1.0,200
quick-multipivot-1,1024,737,344,8842,0.03890522506220312,200
quick-multipivot-1,1024,738,344,344,1.0,200
quick-multipivot-1,1024,739,344,344,1.0,200
quick-multipivot-1,1024,740,342,16055,0.021301775147928994,200
quick-multipivot-1,1024,741,342,342,1.0,200
quick-multipivot-1,1024,742,342,342,1.0,200
quick-multipivot-1,1024,743,341,7320,0.04658469945355191,200
quick-multipivot-1,1024,744,341,341,1.0,200
quick-multipivot-1,1024,745,340,8702,0.03907147782119053,200
quick-multipivot-1,1024,746,340,340,1.0,200
quick-multipivot-1,1024,747,340,340,1.0,200
quick-multipivot-1,1024,748,339,11229,0.03018968741651082,200
quick-multipivot-1,1024,749,339,339,1.0,200
quick-multipivot-1,1024,750,339,339,1.0,200
quick-multipivot-1,1024,751,338,6993,0.048334048334048335,200
quick-multipivot-1,1024,752,337,8761,0.03846592854696952,200
quick-multipivot-1,1024,753,337,337,1.0,200
quick-multipivot-1,1024,754,336,7607,0.044169843565137375,200
quick-multipivot-1,1024,755,336,336,1.0,200
quick-multipivot-1,1024,756,334,17050,0.019589442815249266,200
quick-multipivot-1,1024,757,334,334,1.0,200
quick-multipivot-1,1024,758,333,10329,0.03223932616903863,200
quick-multipivot-1,1024,759,333,333,1.0,200
quick-multipivot-1,1024,760,333,333,1.0,200
quick-multipivot-1,1024,761,330,26460,0.012471655328798186,200
quick-multipivot-1,1024,762,329,10323,0.031870580257677035,200
quick-multipivot-1,1024,763,328,9856,0.033279220779220776,200
quick-multipivot-1,1024,764,328,328,1.0,200
quick-multipivot-1,1024,765,328,328,1.0,200
quick-multipivot-1,1024,766,328,328,1.0,200
quick-multipivot-1,1024,767,328,328,1.0,200
quick-multipivot-1,1024,768,327,7439,0.043957521172200566,200
quick-multipivot-1,1024,769,327,327,1.0,200
quick-multipivot-1,1024,770,327,327,1.0,200
quick-multipivot-1,1024,771,327,327,1.0,200
quick-multipivot-1,1024,772,327,327,1.0,200
quick-multipivot-1,1024,773,326,7603,0.042877811390240696,200
quick-multipivot-1,1024,774,325,7930,0.040983606557377046,200
quick-multipivot-1,1024,775,325,325,1.0,200
quick-multipivot-1,1024,776,325,325,1.0,200
quick-multipivot-1,1024,777,325,325,1.0,200
quick-multipivot-1,1024,778,325,325,1.0,200
quick-multipivot-1,1024,779,324,10317,0.03140447804594359,200
quick-multipivot-1,1024,780,324,324,1.0,200
quick-multipivot-1,1024,781,323,8815,0.03664208735110607,200
quick-multipivot-1,1024,782,322,8909,0.03614322595128522,200
quick-multipivot-1,1024,783,322,322,1.0,200
quick-multipivot-1,1024,784,321,7205,0.044552394170714785,200
quick-multipivot-1,1024,785,321,321,1.0,200
quick-multipivot-1,1024,786,319,15790,0.02020265991133629,200
quick-multipivot-1,1024,787,319,319,1.0,200
quick-multipivot-1,1024,788,319,319,1.0,200
quick-multipivot-1,1024,789,318,9190,0.03460282916213275,200
quick-multipivot-1,1024,790,318,318,1.0,200
quick-multipivot-1,1024,791,318,318,1.0,200
quick-multipivot-1,1024,792,317,10086,0.03142970454094785,200
quick-multipivot-1,1024,793,316,10129,0.031197551584559186,200
quick-multipivot-1,1024,794,315,8173,0.03854153921448673,200
quick-multipivot-1,1024,795,315,315,1.0,200
quick-multipivot-1,1024,796,314,7868,0.03990849008642603,200
quick-multipivot-1,1024,797,314,314,1.0,200
quick-multipivot-1,1024,798,314,314,1.0,200
quick-multipivot-1,1024,799,313,8108,0.03860384805130735,200
quick-multipivot-1,1024,800,312,7995,0.03902439024390244,200
quick-multipivot-1,1024,801,310,18243,0.016992819163514774,200
quick-multipivot-1,1024,802,309,9904,0.031199515347334412,200
quick-multipivot-1,1024,803,307,18822,0.016310700244394856,200
quick-multipivot-1,1024,804,306,9753,0.031374961550292214,200
quick-multipivot-1,1024,805,306,306,1.0,200
quick-multipivot-1,1024,806,305,10015,0.030454318522216674,200
quick-multipivot-1,1024,807,305,305,1.0,200
quick-multipivot-1,1024,808,305,305,1.0,200
quick-multipivot-1,1024,809,305,305,1.0,200
quick-multipivot-1,1024,810,304,8439,0.036023225500651734,200
quick-multipivot-1,1024,811,304,304,1.0,200
quick-multipivot-1,1024,812,304,304,1.0,200
quick-multipivot-1,1024,813,303,8176,0.03705968688845401,200
quick-multipivot-1,1024,814,301,16811,0.017904943191957647,200
quick-multipivot-1,1024,815,301,301,1.0,200
quick-multipivot-1,1024,816,301,301,1.0,200
quick-multipivot-1,1024,817,299,17902,0.016702044464305663,200
quick-multipivot-1,1024,818,298,9510,0.031335436382754996,200
quick-multipivot-1,1024,819,297,9588,0.03097622027534418,200
quick-multipivot-1,1024,820,297,297,1.0,200
quick-multipivot-1,1024,821,297,297,1.0,200
quick-multipivot-1,1024,822,297,297,1.0,200
quick-multipivot-1,1024,823,297,297,1.0,200
quick-multipivot-1,1024,824,297,297,1.0,200
quick-multipivot-1,1024,825,297,297,1.0,200
quick-multipivot-1,1024,826,297,297,1.0,200
quick-multipivot-1,1024,827,296,9155,0.03233205898416166,200
quick-multipivot-1,1024,828,294,17064,0.017229254571026722,200
quick-multipivot-1,1024,829,293,9583,0.03057497652092247,200
quick-multipivot-1,1024,830,293,293,1.0,200
quick-multipivot-1,1024,831,291,16890,0.017229129662522203,200
quick-multipivot-1,1024,832,291,291,1.0,200
quick-multipivot-1,1024,833,291,291,1.0,200
quick-multipivot-1,1024,834,291,291,1.0,200
quick-multipivot-1,1024,835,290,9454,0.03067484662576687,200
quick-multipivot-1,1024,836,290,290,1.0,200
quick-multipivot-1,1024,837,289,7817,0.03697070487399258,200
quick-multipivot-1,1024,838,289,289,1.0,200
quick-multipivot-1,1024,839,289,289,1.0,200
quick-multipivot-1,1024,840,288,10005,0.0287856071964018,200
quick-multipivot-1,1024,841,285,24985,0.011406844106463879,200
quick-multipivot-1,1024,842,285,285,1.0,200
quick-multipivot-1,1024,843,285,285,1.0,200
quick-multipivot-1,1024,844,285,285,1.0,200
quick-multipivot-1,1024,845,285,285,1.0,200
quick-multipivot-1,1024,846,285,285,1.0,200
quick-multipivot-1,1024,847,283,17235,0.016420075427908326,200
quick-multipivot-1,1024,848,282,9741,0.028949799815214044,200
quick-multipivot-1,1024,849,280,17141,0.016335102969488362,200
quick-multipivot-1,1024,850,279,9992,0.027922337870296236,200
quick-multipivot-1,1024,851,278,9803,0.02835866571457717,200
quick-multipivot-1,1024,852,278,278,1.0,200
quick-multipivot-1,1024,853,278,278,1.0,200
quick-multipivot-1,1024,854,278,278,1.0,200
quick-multipivot-1,1024,855,277,9509,0.029130297612787886,200
quick-multipivot-1,1024,856,276,8934,0.03089321692411014,200
quick-multipivot-1,1024,857,276,276,1.0,200
quick-multipivot-1,1024,858,276,276,1.0,200
quick-multipivot-1,1024,859,275,9814,0.028021194212349703,200
quick-multipivot-1,1024,860,275,275,1.0,200
quick-multipivot-1,1024,861,275,275,1.0,200
quick-multipivot-1,1024,862,274,10326,0.026534960294402478,200
quick-multipivot-1,1024,863,274,274,1.0,200
quick-multipivot-1,1024,864,274,274,1.0,200
quick-multipivot-1,1024,865,274,274,1.0,200
quick-multipivot-1,1024,866,274,274,1.0,200
quick-multipivot-1,1024,867,272,17231,0.01578550287272938,200
quick-multipivot-1,1024,868,272,272,1.0,200
quick-multipivot-1,1024,869,271,10151,0.0266968771549601,200
quick-multipivot-1,1024,870,271,271,1.0,200
quick-multipivot-1,1024,871,271,271,1.0,200
quick-multipivot-1,1024,872,270,9508,0.02839713925115692,200
quick-multipivot-1,1024,873,270,270,1.0,200
quick-multipivot-1,1024,874,270,270,1.0,200
quick-multipivot-1,1024,875,269,10092,0.02665477606024574,200
quick-multipivot-1,1024,876,268,9691,0.027654524816840366,200
quick-multipivot-1,1024,877,267,9296,0.028722030981067126,200
quick-multipivot-1,1024,878,267,267,1.0,200
quick-multipivot-1,1024,879,267,267,1.0,200
quick-multipivot-1,1024,880,267,267,1.0,200
quick-multipivot-1,1024,881,265,19090,0.01388161341016239,200
quick-multipivot-1,1024,882,265,265,1.0,200
quick-multipivot-1,1024,883,262,26896,0.009741225461035098,200
quick-multipivot-1,1024,884,261,9690,0.02693498452012384,200
quick-multipivot-1,1024,885,261,261,1.0,200
quick-multipivot-1,1024,886,261,261,1.0,200
quick-multipivot-1,1024,887,261,261,1.0,200
quick-multipivot-1,1024,888,260,11278,0.02305373293137081,200
quick-multipivot-1,1024,889,260,260,1.0,200
quick-multipivot-1,1024,890,260,260,1.0,200
quick-multipivot-1,1024,891,260,260,1.0,200
quick-multipivot-1,1024,892,260,260,1.0,200
quick-multipivot-1,1024,893,259,8423,0.030749139261545766,200
quick-multipivot-1,1024,894,259,259,1.0,200
quick-multipivot-1,1024,895,259,259,1.0,200
quick-multipivot-1,1024,896,259,259,1.0,200
quick-multipivot-1,1024,897,259,259,1.0,200
quick-multipivot-1,1024,898,257,19360,0.013274793388429752,200
quick-multipivot-1,1024,899,256,8437,0.03034253881711509,200
quick-multipivot-1,1024,900,255,8449,0.030181086519114688,200
quick-multipivot-1,1024,901,254,9556,0.026580159062369192,200
quick-multipivot-1,1024,902,253,10550,0.023981042654028437,200
quick-multipivot-1,1024,903,253,253,1.0,200
quick-multipivot-1,1024,904,252,9752,0.025840853158326498,200
quick-multipivot-1,1024,905,251,9192,0.027306353350739773,200
quick-multipivot-1,1024,906,251,251,1.0,200
quick-multipivot-1,1024,907,251,251,1.0,200
quick-multipivot-1,1024,908,251,251,1.0,200
quick-multipivot-1,1024,909,251,251,1.0,200
quick-multipivot-1,1024,910,251,251,1.0,200
quick-multipivot-1,1024,911,249,19606,0.012700193818218913,200
quick-multipivot-1,1024,912,248,9089,0.027285730003300694,200
quick-multipivot-1,1024,913,246,18670,0.013176218532404927,200
quick-multipivot-1,1024,914,246,246,1.0,200
quick-multipivot-1,1024,915,243,29091,0.008353098896565948,200
quick-multipivot-1,1024,916,243,243,1.0,200
quick-multipivot-1,1024,917,243,243,1.0,200
quick-multipivot-1,1024,918,242,8614,0.028093800789412583,200
quick-multipivot-1,1024,919,241,8687,0.027742603890871416,200
quick-multipivot-1,1024,920,240,8788,0.027309968138370506,200
quick-multipivot-1,1024,921,239,8763,0.02727376469245692,200
quick-multipivot-1,1024,922,239,239,1.0,200
quick-multipivot-1,1024,923,239,239,1.0,200
quick-multipivot-1,1024,924,239,239,1.0,200
quick-multipivot-1,1024,925,239,239,1.0,200
quick-multipivot-1,1024,926,237,17647,0.013430044766815889,200
quick-multipivot-1,1024,927,237,237,1.0,200
quick-multipivot-1,1024,928,237,237,1.0,200
quick-multipivot-1,1024,929,237,237,1.0,200
quick-multipivot-1,1024,930,237,237,1.0,200
quick-multipivot-1,1024,931,236,8934,0.026415939109021715,200
quick-multipivot-1,1024,932,234,19038,0.01229120705956508,200
quick-multipivot-1,1024,933,234,234,1.0,200
quick-multipivot-1,1024,934,234,234,1.0,200
quick-multipivot-1,1024,935,234,234,1.0,200
quick-multipivot-1,1024,936,233,10320,0.022577519379844962,200
quick-multipivot-1,1024,937,233,233,1.0,200
quick-multipivot-1,1024,938,231,18534,0.01246358044674652,200
quick-multipivot-1,1024,939,231,231,1.0,200
quick-multipivot-1,1024,940,231,231,1.0,200
quick-multipivot-1,1024,941,230,9106,0.025258071601142105,200
quick-multipivot-1,1024,942,230,230,1.0,200
quick-multipivot-1,1024,943,229,10376,0.022070161912104858,200
quick-multipivot-1,1024,944,228,10923,0.02087338643229882,200
quick-multipivot-1,1024,945,227,9253,0.02453258402680212,200
quick-multipivot-1,1024,946,227,227,1.0,200
quick-multipivot-1,1024,947,226,9463,0.023882489696713517,200
quick-multipivot-1,1024,948,226,226,1.0,200
quick-multipivot-1,1024,949,226,226,1.0,200
quick-multipivot-1,1024,950,226,226,1.0,200
quick-multipivot-1,1024,951,225,10194,0.02207180694526192,200
quick-multipivot-1,1024,952,224,10325,0.02169491525423729,200
quick-multipivot-1,1024,953,223,9970,0.022367101303911736,200
quick-multipivot-1,1024,954,222,11859,0.018719959524411838,200
quick-multipivot-1,1024,955,222,222,1.0,200
quick-multipivot-1,1024,956,222,222,1.0,200
quick-multipivot-1,1024,957,222,222,1.0,200
quick-multipivot-1,1024,958,220,18842,0.011676042882921133,200
quick-multipivot-1,1024,959,219,12123,0.018064835436773077,200
quick-multipivot-1,1024,960,218,9306,0.023425746830002148,200
quick-multipivot-1,1024,961,216,19464,0.011097410604192354,200
quick-multipivot-1,1024,962,215,9114,0.02359008119376783,200
quick-multipivot-1,1024,963,215,215,1.0,200
quick-multipivot-1,1024,964,215,215,1.0,200
quick-multipivot-1,1024,965,215,215,1.0,200
quick-multipivot-1,1024,966,214,9941,0.021527009355195654,200
quick-multipivot-1,1024,967,213,10016,0.021265974440894567,200
quick-multipivot-1,1024,968,213,213,1.0,200
quick-multipivot-1,1024,969,213,213,1.0,200
quick-multipivot-1,1024,970,213,213,1.0,200
quick-multipivot-1,1024,971,213,213,1.0,200
quick-multipivot-1,1024,972,213,213,1.0,200
quick-multipivot-1,1024,973,213,213,1.0,200
quick-multipivot-1,1024,974,213,213,1.0,200
quick-multipivot-1,1024,975,213,213,1.0,200
quick-multipivot-1,1024,976,213,213,1.0,200
quick-multipivot-1,1024,977,212,10966,0.019332482217764,200
quick-multipivot-1,1024,978,212,212,1.0,200
quick-multipivot-1,1024,979,212,212,1.0,200
quick-multipivot-1,1024,980,212,212,1.0,200
quick-multipivot-1,1024,981,212,212,1.0,200
quick-multipivot-1,1024,982,211,9194,0.02294974983685012,200
quick-multipivot-1,1024,983,211,211,1.0,200
quick-multipivot-1,1024,984,211,211,1.0,200
quick-multipivot-1,1024,985,211,211,1.0,200
quick-multipivot-1,1024,986,211,211,1.0,200
quick-multipivot-1,1024,987,211,211,1.0,200
quick-multipivot-1,1024,988,210,8955,0.023450586264656615,200
quick-multipivot-1,1024,989,210,210,1.0,200
quick-multipivot-1,1024,990,210,210,1.0,200
quick-multipivot-1,1024,991,210,210,1.0,200
quick-multipivot-1,1024,992,210,210,1.0,200
quick-multipivot-1,1024,993,209,10294,0.020303089178162037,200
quick-multipivot-1,1024,994,209,209,1.0,200
quick-multipivot-1,1024,995,209,209,1.0,200
quick-multipivot-1,1024,996,209,209,1.0,200
quick-multipivot-1,1024,997,207,18513,0.01118133203694701,200
quick-multipivot-1,1024,998,207,207,1.0,200
quick-multipivot-1,1024,999,207,207,1.0,200
quick-multipivot-1,1024,1000,206,10335,0.01993226898887276,200
quick-multipivot-1,1024,1001,206,206,1.0,200
quick-multipivot-1,1024,1002,206,206,1.0,200
quick-multipivot-1,1024,1003,206,206,1.0,200
quick-multipivot-1,1024,1004,206,206,1.0,200
quick-multipivot-1,1024,1005,206,206,1.0,200
quick-multipivot-1,1024,1006,206,206,1.0,200
quick-multipivot-1,1024,1007,206,206,1.0,200
quick-multipivot-1,1024,1008,206,206,1.0,200
quick-multipivot-1,1024,1009,206,206,1.0,200
quick-multipivot-1,1024,1010,205,9404,0.021799234368353893,200
quick-multipivot-1,1024,1011,204,10956,0.018619934282584884,200
quick-multipivot-1,1024,1012,203,9820,0.020672097759674133,200
quick-multipivot-1,1024,1013,202,10290,0.019630709426627795,200
quick-multipivot-1,1024,1014,202,202,1.0,200
quick-multipivot-1,1024,1015,202,202,1.0,200
quick-multipivot-1,1024,1016,202,202,1.0,200
quick-multipivot-1,1024,1017,202,202,1.0,200
quick-multipivot-1,1024,1018,202,202,1.0,200
quick-multipivot-1,1024,1019,202,202,1.0,200
quick-multipivot-1,1024,1020,201,11362,0.01769054743883119,200
quick-multipivot-1,1024,1021,200,10135,0.01973359644795264,200
quick-multipivot-1,1024,1022,200,200,1.0,200
quick-multipivot-1,1024,1023,0,2048947,0.0,200
quick-multipivot-2,128,0,25600,2663233,0.009612377137111173,200
quick-multipivot-2,128,1,25596,3911070,0.0065445006098075464,200
quick-multipivot-2,128,2,25571,4308732,0.005934692619545611,200
quick-multipivot-2,128,3,25434,1679492,0.015143864930586153,200
quick-multipivot-2,128,4,25018,1602109,0.015615666599463581,200
quick-multipivot-2,128,5,24004,874378,0.02745265777501264,200
quick-multipivot-2,128,6,22154,879184,0.025198365757338623,200
quick-multipivot-2,128,7,19662,802058,0.024514436611816102,200
quick-multipivot-2,128,8,16523,922038,0.01792008572314807,200
quick-multipivot-2,128,9,13452,830290,0.01620156812679907,200
quick-multipivot-2,128,10,10603,740896,0.014311050403835356,200
quick-multipivot-2,128,11,8427,564106,0.014938681737120329,200
quick-multipivot-2,128,12,6763,426643,0.01585166052179457,200
quick-multipivot-2,128,13,5563,310935,0.0178911991252191,200
quick-multipivot-2,128,14,4749,210021,0.02261202451183453,200
quick-multipivot-2,128,15,4106,168907,0.02430923525963992,200
quick-multipivot-2,128,16,3695,113833,0.03245983150755932,200
quick-multipivot-2,128,17,3340,101409,0.032935932708142275,200
quick-multipivot-2,128,18,3049,82854,0.03679967171168561,200
quick-multipivot-2,128,19,2809,71787,0.039129647429200276,200
quick-multipivot-2,128,20,2614,59998,0.04356811893729791,200
quick-multipivot-2,128,21,2450,50547,0.04846974103309791,200
quick-multipivot-2,128,22,2307,41800,0.05519138755980861,200
quick-multipivot-2,128,23,2186,37862,0.05773598859014315,200
quick-multipivot-2,128,24,2081,34099,0.06102818264465234,200
quick-multipivot-2,128,25,1978,34315,0.05764243042401282,200
quick-multipivot-2,128,26,1868,34064,0.05483795209018318,200
quick-multipivot-2,128,27,1772,31206,0.05678395180414023,200
quick-multipivot-2,128,28,1685,32302,0.052163952696427464,200
quick-multipivot-2,128,29,1608,23925,0.06721003134796238,200
quick-multipivot-2,128,30,1539,24480,0.06286764705882353,200
quick-multipivot-2,128,31,1488,17207,0.08647643400941478,200
quick-multipivot-2,128,32,1426,22621,0.06303876928517749,200
quick-multipivot-2,128,33,1360,23566,0.05771026054485275,200
quick-multipivot-2,128,34,1313,17348,0.07568595803550841,200
quick-multipivot-2,128,35,1271,16224,0.07834072978303748,200
quick-multipivot-2,128,36,1222,15553,0.07857005079405903,200
quick-multipivot-2,128,37,1183,15202,0.07781870806472832,200
quick-multipivot-2,128,38,1140,16534,0.06894883270835854,200
quick-multipivot-2,128,39,1111,10818,0.10269920502865594,200
quick-multipivot-2,128,40,1080,13071,0.08262565985770025,200
quick-multipivot-2,128,41,1044,15023,0.0694934433868069,200
quick-multipivot-2,128,42,1006,16317,0.0616534902249188,200
quick-multipivot-2,128,43,976,12356,0.07898996438977016,200
quick-multipivot-2,128,44,948,12102,0.07833415964303421,200
quick-multipivot-2,128,45,911,14308,0.06367067374895163,200
quick-multipivot-2,128,46,885,10298,0.08593901728490969,200
quick-multipivot-2,128,47,863,9009,0.09579309579309579,200
quick-multipivot-2,128,48,834,11385,0.07325428194993412,200
quick-multipivot-2,128,49,814,9292,0.08760223848471804,200
quick-multipivot-2,128,50,798,7502,0.10637163423087177,200
quick-multipivot-2,128,51,783,7228,0.10832872163807415,200
quick-multipivot-2,128,52,766,8526,0.08984283368519821,200
quick-multipivot-2,128,53,747,9331,0.08005572821776873,200
quick-multipivot-2,128,54,728,9507,0.0765751551488377,200
quick-multipivot-2,128,55,712,6577,0.10825604378896153,200
quick-multipivot-2,128,56,693,8567,0.08089179409361504,200
quick-multipivot-2,128,57,675,8287,0.08145287800168939,200
quick-multipivot-2,128,58,663,4778,0.13876098786102972,200
quick-multipivot-2,128,59,648,8086,0.08013851100667821,200
quick-multipivot-2,128,60,632,8308,0.07607125662012518,200
quick-multipivot-2,128,61,621,5993,0.10362089103954614,200
quick-multipivot-2,128,62,606,6485,0.09344641480339244,200
quick-multipivot-2,128,63,588,8976,0.06550802139037433,200
quick-multipivot-2,128,64,577,5603,0.10298054613599857,200
quick-multipivot-2,128,65,566,5520,0.10253623188405797,200
quick-multipivot-2,128,66,555,5385,0.10306406685236769,200
quick-multipivot-2,128,67,545,4824,0.11297678275290216,200
quick-multipivot-2,128,68,530,7475,0.07090301003344482,200
quick-multipivot-2,128,69,522,5501,0.09489183784766406,200
quick-multipivot-2,128,70,509,6677,0.07623184064699716,200
quick-multipivot-2,128,71,492,9156,0.053735255570117955,200
quick-multipivot-2,128,72,480,6155,0.07798537774167344,200
quick-multipivot-2,128,73,472,4144,0.1138996138996139,200
quick-multipivot-2,128,74,458,7339,0.06240632238724622,200
quick-multipivot-2,128,75,449,5430,0.08268876611418048,200
quick-multipivot-2,128,76,444,3183,0.13949104618284638,200
quick-multipivot-2,128,77,435,4897,0.08882989585460487,200
quick-multipivot-2,128,78,425,5389,0.07886435331230283,200
quick-multipivot-2,128,79,415,5518,0.07520840884378398,200
quick-multipivot-2,128,80,410,3389,0.12097964001180289,200
quick-multipivot-2,128,81,409,1437,0.28462073764787754,200
quick-multipivot-2,128,82,403,3784,0.10650105708245243,200
quick-multipivot-2,128,83,398,3259,0.12212335072108009,200
quick-multipivot-2,128,84,390,4826,0.08081226688769166,200
quick-multipivot-2,128,85,384,3712,0.10344827586206896,200
quick-multipivot-2,128,86,381,2237,0.170317389360751,200
quick-multipivot-2,128,87,370,5961,0.06207012246267405,200
quick-multipivot-2,128,88,364,4097,0.08884549670490603,200
quick-multipivot-2,128,89,363,1175,0.308936170212766,200
quick-multipivot-2,128,90,360,2446,0.1471790678659035,200
quick-multipivot-2,128,91,353,4742,0.07444116406579503,200
quick-multipivot-2,128,92,350,2627,0.13323182337266845,200
quick-multipivot-2,128,93,341,4997,0.06824094456674004,200
quick-multipivot-2,128,94,331,6167,0.053672774444624614,200
quick-multipivot-2,128,95,325,3850,0.08441558441558442,200
quick-multipivot-2,128,96,320,3275,0.09770992366412214,200
quick-multipivot-2,128,97,317,2226,0.14240790655884997,200
quick-multipivot-2,128,98,310,4976,0.06229903536977492,200
quick-multipivot-2,128,99,308,1482,0.2078272604588394,200
quick-multipivot-2,128,100,304,2670,0.11385767790262172,200
quick-multipivot-2,128,101,299,3534,0.08460667798528579,200
quick-multipivot-2,128,102,294,3376,0.08708530805687204,200
quick-multipivot-2,128,103,290,2566,0.11301636788776305,200
quick-multipivot-2,128,104,286,3151,0.09076483655982227,200
quick-multipivot-2,128,105,283,2363,0.11976301311891663,200
quick-multipivot-2,128,106,277,4286,0.06462902473168455,200
quick-multipivot-2,128,107,274,2396,0.11435726210350584,200
quick-multipivot-2,128,108,266,5067,0.05249654627985001,200
quick-multipivot-2,128,109,259,4714,0.05494272380144251,200
quick-multipivot-2,128,110,255,3109,0.08201994210357028,200
quick-multipivot-2,128,111,254,1052,0.2414448669201521,200
quick-multipivot-2,128,112,249,3835,0.06492829204693612,200
quick-multipivot-2,128,113,247,1922,0.12851196670135276,200
quick-multipivot-2,128,114,242,3620,0.06685082872928177,200
quick-multipivot-2,128,115,236,4407,0.053551168595416386,200
quick-multipivot-2,128,116,232,3140,0.07388535031847134,200
quick-multipivot-2,128,117,228,2883,0.07908428720083246,200
quick-multipivot-2,128,118,226,1783,0.126752664049355,200
quick-multipivot-2,128,119,224,1763,0.12705615428247305,200
quick-multipivot-2,128,120,218,4185,0.05209080047789725,200
quick-multipivot-2,128,121,216,1874,0.1152614727854856,200
quick-multipivot-2,128,122,214,1648,0.12985436893203883,200
quick-multipivot-2,128,123,210,3250,0.06461538461538462,200
quick-multipivot-2,128,124,209,982,0.21283095723014256,200
quick-multipivot-2,128,125,207,1931,0.10719834282755049,200
quick-multipivot-2,128,126,203,3260,0.06226993865030675,200
quick-multipivot-2,128,127,0,135670,0.0,200
quick-multipivot-2,256,0,51200,10742855,0.004765958397465106,200
quick-multipivot-2,256,1,51199,18759448,0.0027292380884554814,200
quick-multipivot-2,256,2,51187,19900039,0.0025722060142696203,200
quick-multipivot-2,256,3,51087,7718395,0.006618863118562862,200
quick-multipivot-2,256,4,50755,7506118,0.006761817493410043,200
quick-multipivot-2,256,5,49873,3870301,0.012886077852859506,200
quick-multipivot-2,256,6,48076,3576906,0.01344066631888006,200
quick-multipivot-2,256,7,44893,3226263,0.013914860629775068,200
quick-multipivot-2,256,8,40691,3466073,0.011739798902100446,200
quick-multipivot-2,256,9,35521,3913417,0.00907672246530334,200
quick-multipivot-2,256,10,30007,3913974,0.007666632430363615,200
quick-multipivot-2,256,11,24660,3661538,0.00673487479851363,200
quick-multipivot-2,256,12,19840,3236890,0.006129340200006796,200
quick-multipivot-2,256,13,16071,2567615,0.006259115950015871,200
quick-multipivot-2,256,14,13132,2019101,0.006503884649653484,200
quick-multipivot-2,256,15,10959,1446804,0.007574626556188675,200
quick-multipivot-2,256,16,9318,1091910,0.008533670357447043,200
quick-multipivot-2,256,17,8136,788416,0.010319425278025814,200
quick-multipivot-2,256,18,7322,549093,0.013334717434023017,200
quick-multipivot-2,256,19,6651,452348,0.014703281544297753,200
quick-multipivot-2,256,20,6152,344007,0.017883357024711707,200
quick-multipivot-2,256,21,5693,315147,0.018064585733007135,200
quick-multipivot-2,256,22,5321,261208,0.020370739027901135,200
quick-multipivot-2,256,23,4978,246729,0.02017598255575956,200
quick-multipivot-2,256,24,4683,215975,0.021683065169579813,200
quick-multipivot-2,256,25,4422,186773,0.023675798964518425,200
quick-multipivot-2,256,26,4193,155278,0.027003181390795862,200
quick-multipivot-2,256,27,3991,143564,0.027799448329664817,200
quick-multipivot-2,256,28,3807,137571,0.027672983404932724,200
quick-multipivot-2,256,29,3630,125274,0.028976483548062648,200
quick-multipivot-2,256,30,3491,104176,0.033510597450468436,200
quick-multipivot-2,256,31,3338,113312,0.02945848630330415,200
quick-multipivot-2,256,32,3204,96780,0.03310601363918165,200
quick-multipivot-2,256,33,3078,104628,0.029418511297167105,200
quick-multipivot-2,256,34,2966,88656,0.03345515249954882,200
quick-multipivot-2,256,35,2864,92698,0.030896027961768324,200
quick-multipivot-2,256,36,2779,72126,0.03852979508083077,200
quick-multipivot-2,256,37,2692,65026,0.04139882508535048,200
quick-multipivot-2,256,38,2617,56846,0.04603666045104317,200
quick-multipivot-2,256,39,2539,66150,0.03838246409674981,200
quick-multipivot-2,256,40,2465,61973,0.0397753860552176,200
quick-multipivot-2,256,41,2382,61260,0.03888344760039177,200
quick-multipivot-2,256,42,2328,48490,0.04800989894823675,200
quick-multipivot-2,256,43,2256,59332,0.03802332636688465,200
quick-multipivot-2,256,44,2192,50856,0.04310209218184678,200
quick-multipivot-2,256,45,2140,44815,0.047751868793930605,200
quick-multipivot-2,256,46,2090,39451,0.05297711084636638,200
quick-multipivot-2,256,47,2038,42080,0.04843155893536122,200
quick-multipivot-2,256,48,1984,46982,0.04222893874249713,200
quick-multipivot-2,256,49,1939,34067,0.05691725129891097,200
quick-multipivot-2,256,50,1897,38362,0.049449976539283666,200
quick-multipivot-2,256,51,1839,54841,0.033533305373716744,200
quick-multipivot-2,256,52,1787,44154,0.040471984418172756,200
quick-multipivot-2,256,53,1736,46643,0.037218875286752565,200
quick-multipivot-2,256,54,1702,29725,0.05725820016820858,200
quick-multipivot-2,256,55,1662,35403,0.046945174137784935,200
quick-multipivot-2,256,56,1625,37290,0.043577366586216144,200
quick-multipivot-2,256,57,1589,33182,0.04788740883611597,200
quick-multipivot-2,256,58,1565,24808,0.06308448887455659,200
quick-multipivot-2,256,59,1535,24990,0.06142456982793117,200
quick-multipivot-2,256,60,1502,31625,0.04749407114624506,200
quick-multipivot-2,256,61,1474,28591,0.05155468504074709,200
quick-multipivot-2,256,62,1446,27712,0.05217956120092379,200
quick-multipivot-2,256,63,1420,20651,0.0687618033025035,200
quick-multipivot-2,256,64,1399,20666,0.06769573212039098,200
quick-multipivot-2,256,65,1378,20060,0.0686939182452642,200
quick-multipivot-2,256,66,1351,26350,0.05127134724857685,200
quick-multipivot-2,256,67,1322,27790,0.04757106872975891,200
quick-multipivot-2,256,68,1302,21222,0.061351427763641504,200
quick-multipivot-2,256,69,1290,13511,0.09547775886314855,200
quick-multipivot-2,256,70,1272,15138,0.08402695204122076,200
quick-multipivot-2,256,71,1256,16760,0.07494033412887828,200
quick-multipivot-2,256,72,1244,12034,0.10337377430613262,200
quick-multipivot-2,256,73,1221,24539,0.04975752883165573,200
quick-multipivot-2,256,74,1195,28691,0.04165069185458855,200
quick-multipivot-2,256,75,1175,19793,0.05936442176527055,200
quick-multipivot-2,256,76,1156,20711,0.055815750084496164,200
quick-multipivot-2,256,77,1145,11118,0.10298614858787551,200
quick-multipivot-2,256,78,1127,16771,0.06719933218054976,200
quick-multipivot-2,256,79,1109,15276,0.0725975386226761,200
quick-multipivot-2,256,80,1089,20591,0.052887183721043174,200
quick-multipivot-2,256,81,1070,19096,0.05603267700041894,200
quick-multipivot-2,256,82,1052,14958,0.07033025805588983,200
quick-multipivot-2,256,83,1030,20326,0.050674013578667715,200
quick-multipivot-2,256,84,1020,12811,0.07961907735539771,200
quick-multipivot-2,256,85,1002,18276,0.054826001313197634,200
quick-multipivot-2,256,86,985,17981,0.05478004560369279,200
quick-multipivot-2,256,87,969,16028,0.06045670077364612,200
quick-multipivot-2,256,88,956,15349,0.06228418789497687,200
quick-multipivot-2,256,89,948,9459,0.1002220107833809,200
quick-multipivot-2,256,90,936,11532,0.08116545265348596,200
quick-multipivot-2,256,91,918,17308,0.053039057083429625,200
quick-multipivot-2,256,92,908,12000,0.07566666666666666,200
quick-multipivot-2,256,93,900,11063,0.08135225526529874,200
quick-multipivot-2,256,94,884,16692,0.0529595015576324,200
quick-multipivot-2,256,95,879,7788,0.11286594761171033,200
quick-multipivot-2,256,96,864,15688,0.05507394186639469,200
quick-multipivot-2,256,97,848,14772,0.057405903059842944,200
quick-multipivot-2,256,98,840,6427,0.13069861521705306,200
quick-multipivot-2,256,99,832,7333,0.11345970271375971,200
quick-multipivot-2,256,100,820,12876,0.06368437402920162,200
quick-multipivot-2,256,101,813,9153,0.08882333661094723,200
quick-multipivot-2,256,102,800,14356,0.05572582892170521,200
quick-multipivot-2,256,103,797,4576,0.17416958041958042,200
quick-multipivot-2,256,104,787,10674,0.07373056023983511,200
quick-multipivot-2,256,105,776,12457,0.06229429236573814,200
quick-multipivot-2,256,106,772,5806,0.13296589734757147,200
quick-multipivot-2,256,107,765,8976,0.08522727272727272,200
quick-multipivot-2,256,108,758,9285,0.08163704900376952,200
quick-multipivot-2,256,109,754,5524,0.13649529326574947,200
quick-multipivot-2,256,110,746,9565,0.07799268165185573,200
quick-multipivot-2,256,111,731,18238,0.04008114924882114,200
quick-multipivot-2,256,112,726,8584,0.08457595526561044,200
quick-multipivot-2,256,113,721,8064,0.08940972222222222,200
quick-multipivot-2,256,114,713,8478,0.08410002359046945,200
quick-multipivot-2,256,115,702,13345,0.0526039715249157,200
quick-multipivot-2,256,116,697,6939,0.10044675025219772,200
quick-multipivot-2,256,117,690,10304,0.06696428571428571,200
quick-multipivot-2,256,118,683,7666,0.08909470388729454,200
quick-multipivot-2,256,119,671,14074,0.047676566718772205,200
quick-multipivot-2,256,120,666,5447,0.12226913897558289,200
quick-multipivot-2,256,121,655,13036,0.05024547407180117,200
quick-multipivot-2,256,122,646,10612,0.060874481718808895,200
quick-multipivot-2,256,123,637,11624,0.05480041293874742,200
quick-multipivot-2,256,124,631,8205,0.07690432663010359,200
quick-multipivot-2,256,125,621,11778,0.05272542027508915,200
quick-multipivot-2,256,126,613,10142,0.060441727469927035,200
quick-multipivot-2,256,127,612,1755,0.3487179487179487,200
quick-multipivot-2,256,128,610,4093,0.14903493769850965,200
quick-multipivot-2,256,129,602,9477,0.06352221167035982,200
quick-multipivot-2,256,130,593,12466,0.04756938873736564,200
quick-multipivot-2,256,131,590,4593,0.12845634661441324,200
quick-multipivot-2,256,132,583,9262,0.06294536817102138,200
quick-multipivot-2,256,133,579,5776,0.10024238227146814,200
quick-multipivot-2,256,134,571,11445,0.04989078200087375,200
quick-multipivot-2,256,135,564,10623,0.05309234679469076,200
quick-multipivot-2,256,136,558,8887,0.06278834252278609,200
quick-multipivot-2,256,137,553,7407,0.07465910625084379,200
quick-multipivot-2,256,138,549,5762,0.09527941686914265,200
quick-multipivot-2,256,139,545,5491,0.09925332362046986,200
quick-multipivot-2,256,140,539,8942,0.060277342876314026,200
quick-multipivot-2,256,141,536,4518,0.11863656485170429,200
quick-multipivot-2,256,142,531,6582,0.08067456700091158,200
quick-multipivot-2,256,143,522,9805,0.05323814380418154,200
quick-multipivot-2,256,144,516,8128,0.06348425196850394,200
quick-multipivot-2,256,145,513,4519,0.11352069041823412,200
quick-multipivot-2,256,146,510,4346,0.11734928670041417,200
quick-multipivot-2,256,147,505,7614,0.06632519043866561,200
quick-multipivot-2,256,148,503,2534,0.19850039463299132,200
quick-multipivot-2,256,149,495,10543,0.046950583325429195,200
quick-multipivot-2,256,150,489,8325,0.058738738738738736,200
quick-multipivot-2,256,151,481,10771,0.044656949215486026,200
quick-multipivot-2,256,152,478,5133,0.09312293006039353,200
quick-multipivot-2,256,153,473,7550,0.06264900662251656,200
quick-multipivot-2,256,154,470,3408,0.13791079812206572,200
quick-multipivot-2,256,155,466,6175,0.07546558704453442,200
quick-multipivot-2,256,156,464,2997,0.1548214881548215,200
quick-multipivot-2,256,157,457,10495,0.04354454502143878,200
quick-multipivot-2,256,158,453,6246,0.07252641690682037,200
quick-multipivot-2,256,159,449,5901,0.07608879850872734,200
quick-multipivot-2,256,160,443,7310,0.06060191518467852,200
quick-multipivot-2,256,161,436,9813,0.04443085702639356,200
quick-multipivot-2,256,162,432,4937,0.08750253190196476,200
quick-multipivot-2,256,163,429,4277,0.10030395136778116,200
quick-multipivot-2,256,164,427,4061,0.10514651563654272,200
quick-multipivot-2,256,165,423,6064,0.06975593667546175,200
quick-multipivot-2,256,166,421,3765,0.11181938911022576,200
quick-multipivot-2,256,167,418,4098,0.10200097608589556,200
quick-multipivot-2,256,168,414,5953,0.0695447673441962,200
quick-multipivot-2,256,169,406,10839,0.03745733001199373,200
quick-multipivot-2,256,170,402,5808,0.06921487603305786,200
quick-multipivot-2,256,171,397,7144,0.05557110862262038,200
quick-multipivot-2,256,172,389,12365,0.03145976546704408,200
quick-multipivot-2,256,173,380,13461,0.028229700616596094,200
quick-multipivot-2,256,174,378,2703,0.13984461709211987,200
quick-multipivot-2,256,175,375,5091,0.07365939893930465,200
quick-multipivot-2,256,176,370,7215,0.05128205128205128,200
quick-multipivot-2,256,177,369,1968,0.1875,200
quick-multipivot-2,256,178,366,4626,0.07911802853437094,200
quick-multipivot-2,256,179,357,13732,0.025997669676667636,200
quick-multipivot-2,256,180,355,3856,0.0920643153526971,200
quick-multipivot-2,256,181,354,2095,0.16897374701670645,200
quick-multipivot-2,256,182,352,3172,0.11097099621689786,200
quick-multipivot-2,256,183,350,3763,0.09301089556205155,200
quick-multipivot-2,256,184,347,4730,0.0733615221987315,200
quick-multipivot-2,256,185,343,6476,0.05296479308214948,200
quick-multipivot-2,256,186,340,4764,0.07136859781696053,200
quick-multipivot-2,256,187,337,4771,0.07063508698386083,200
quick-multipivot-2,256,188,335,3459,0.09684880023128072,200
quick-multipivot-2,256,189,333,3921,0.08492731446059679,200
quick-multipivot-2,256,190,330,5196,0.06351039260969978,200
quick-multipivot-2,256,191,328,3297,0.0994843797391568,200
quick-multipivot-2,256,192,326,3582,0.0910106085985483,200
quick-multipivot-2,256,193,324,3257,0.09947804728277557,200
quick-multipivot-2,256,194,321,5890,0.05449915110356537,200
quick-multipivot-2,256,195,320,1647,0.19429265330904674,200
quick-multipivot-2,256,196,318,3635,0.0874828060522696,200
quick-multipivot-2,256,197,315,5306,0.059366754617414245,200
quick-multipivot-2,256,198,312,4960,0.06290322580645161,200
quick-multipivot-2,256,199,309,4695,0.065814696485623,200
quick-multipivot-2,256,200,306,5348,0.05721765145848916,200
quick-multipivot-2,256,201,305,1717,0.17763541059988353,200
quick-multipivot-2,256,202,304,1736,0.17511520737327188,200
quick-multipivot-2,256,203,301,5178,0.05813055233680958,200
quick-multipivot-2,256,204,300,2016,0.1488095238095238,200
quick-multipivot-2,256,205,299,2468,0.12115072933549433,200
quick-multipivot-2,256,206,296,5267,0.05619897474843364,200
quick-multipivot-2,256,207,296,521,0.5681381957773513,200
quick-multipivot-2,256,208,294,3621,0.0811930405965203,200
quick-multipivot-2,256,209,293,2175,0.1347126436781609,200
quick-multipivot-2,256,210,288,8760,0.03287671232876712,200
quick-multipivot-2,256,211,285,5751,0.0495565988523735,200
quick-multipivot-2,256,212,281,6722,0.04180303481106813,200
quick-multipivot-2,256,213,278,4733,0.05873653074160152,200
quick-multipivot-2,256,214,276,3722,0.07415368081676518,200
quick-multipivot-2,256,215,273,5561,0.0490918899478511,200
quick-multipivot-2,256,216,267,9855,0.027092846270928464,200
quick-multipivot-2,256,217,267,474,0.5632911392405063,200
quick-multipivot-2,256,218,263,6885,0.03819898329702251,200
quick-multipivot-2,256,219,261,3655,0.07140902872777018,200
quick-multipivot-2,256,220,259,3522,0.07353776263486655,200
quick-multipivot-2,256,221,255,7069,0.03607299476587919,200
quick-multipivot-2,256,222,249,10169,0.02448618349886911,200
quick-multipivot-2,256,223,248,2066,0.12003872216844143,200
quick-multipivot-2,256,224,244,6664,0.036614645858343335,200
quick-multipivot-2,256,225,244,420,0.580952380952381,200
quick-multipivot-2,256,226,242,4058,0.05963528831936915,200
quick-multipivot-2,256,227,242,409,0.5916870415647921,200
quick-multipivot-2,256,228,238,6723,0.03540086271009966,200
quick-multipivot-2,256,229,235,6252,0.03758797184900832,200
quick-multipivot-2,256,230,235,404,0.5816831683168316,200
quick-multipivot-2,256,231,234,2085,0.11223021582733812,200
quick-multipivot-2,256,232,232,3917,0.05922900178708195,200
quick-multipivot-2,256,233,231,2015,0.11464019851116625,200
quick-multipivot-2,256,234,228,5476,0.04163623082542001,200
quick-multipivot-2,256,235,227,1900,0.11947368421052632,200
quick-multipivot-2,256,236,225,3464,0.06495381062355658,200
quick-multipivot-2,256,237,224,2084,0.10748560460652591,200
quick-multipivot-2,256,238,222,3706,0.05990286022665947,200
quick-multipivot-2,256,239,218,7156,0.030463946338736725,200
quick-multipivot-2,256,240,218,368,0.592391304347826,200
quick-multipivot-2,256,241,216,3832,0.05636743215031315,200
quick-multipivot-2,256,242,215,2034,0.10570304818092428,200
quick-multipivot-2,256,243,213,4137,0.05148658448150834,200
quick-multipivot-2,256,244,212,2173,0.0975609756097561,200
quick-multipivot-2,256,245,208,7490,0.027770360480640854,200
quick-multipivot-2,256,246,207,2143,0.09659356042930471,200
quick-multipivot-2,256,247,206,2108,0.09772296015180265,200
quick-multipivot-2,256,248,205,2078,0.09865255052935515,200
quick-multipivot-2,256,249,205,349,0.5873925501432665,200
quick-multipivot-2,256,250,204,2013,0.10134128166915052,200
quick-multipivot-2,256,251,204,337,0.6053412462908012,200
quick-multipivot-2,256,252,203,2326,0.08727429062768702,200
quick-multipivot-2,256,253,203,338,0.6005917159763313,200
quick-multipivot-2,256,254,202,2224,0.09082733812949641,200
quick-multipivot-2,256,255,0,342396,0.0,200
quick-multipivot-2,512,0,102400,42880584,0.002388027177988061,200
quick-multipivot-2,512,1,102398,86630365,0.0011820104878930153,200
quick-multipivot-2,512,2,102387,91958089,0.001113409392402663,200
quick-multipivot-2,512,3,102327,36509982,0.0028027129676481354,200
quick-multipivot-2,512,4,102094,31871019,0.0032033490990670864,200
quick-multipivot-2,512,5,101387,16586861,0.006112488674017344,200
quick-multipivot-2,512,6,99725,14526357,0.006865107335583175,200
quick-multipivot-2,512,7,96400,11188656,0.008615869502109994,200
quick-multipivot-2,512,8,91137,13084575,0.006965224319475413,200
quick-multipivot-2,512,9,83753,14329057,0.005844976400052006,200
quick-multipivot-2,512,10,74322,16915171,0.004393807192371865,200
quick-multipivot-2,512,11,64047,18138397,0.003531017652772734,200
quick-multipivot-2,512,12,53694,17821644,0.0030128533596563817,200
quick-multipivot-2,512,13,44274,16013186,0.00276484642094334,200
quick-multipivot-2,512,14,36436,13490407,0.002700882189840529,200
quick-multipivot-2,512,15,29982,10957206,0.002736281493658146,200
quick-multipivot-2,512,16,25025,8374632,0.0029881910034972284,200
quick-multipivot-2,512,17,21233,6434618,0.0032998073856132563,200
quick-multipivot-2,512,18,18379,4955005,0.0037091789009294643,200
quick-multipivot-2,512,19,16309,3575015,0.0045619389009556605,200
quick-multipivot-2,512,20,14620,2839894,0.005148079470571789,200
quick-multipivot-2,512,21,13263,2306115,0.005751230966365511,200
quick-multipivot-2,512,22,12165,1818414,0.00668989570031907,200
quick-multipivot-2,512,23,11275,1550459,0.00727204008619383,200
quick-multipivot-2,512,24,10543,1309472,0.008051336721976492,200
quick-multipivot-2,512,25,9922,1064463,0.009321131875884835,200
quick-multipivot-2,512,26,9418,895936,0.010511911565111793,200
quick-multipivot-2,512,27,8962,829278,0.01080699114169193,200
quick-multipivot-2,512,28,8513,797507,0.010674514455672489,200
quick-multipivot-2,512,29,8101,692293,0.011701692780369005,200
quick-multipivot-2,512,30,7746,597371,0.012966816266608188,200
quick-multipivot-2,512,31,7412,570806,0.012985147318002965,200
quick-multipivot-2,512,32,7051,645237,0.010927767626469034,200
quick-multipivot-2,512,33,6785,422374,0.0160639622704049,200
quick-multipivot-2,512,34,6550,399231,0.016406541576180208,200
quick-multipivot-2,512,35,6318,403424,0.015660942333624178,200
quick-multipivot-2,512,36,6098,395547,0.015416625584317414,200
quick-multipivot-2,512,37,5895,399672,0.014749594667627455,200
quick-multipivot-2,512,38,5715,319979,0.01786054709840333,200
quick-multipivot-2,512,39,5545,316306,0.017530492624230967,200
quick-multipivot-2,512,40,5368,307852,0.017436950222834348,200
quick-multipivot-2,512,41,5223,260511,0.020049057429436763,200
quick-multipivot-2,512,42,5083,254240,0.019992920075519196,200
quick-multipivot-2,512,43,4953,246505,0.02009289872416381,200
quick-multipivot-2,512,44,4840,215449,0.02246471322679613,200
quick-multipivot-2,512,45,4724,217895,0.02168016705293834,200
quick-multipivot-2,512,46,4594,227153,0.020224254137079414,200
quick-multipivot-2,512,47,4482,196090,0.0228568514457647,200
quick-multipivot-2,512,48,4371,183177,0.0238621661016394,200
quick-multipivot-2,512,49,4289,141520,0.030306670435274165,200
quick-multipivot-2,512,50,4204,174382,0.024107992797421752,200
quick-multipivot-2,512,51,4128,140258,0.029431476279427913,200
quick-multipivot-2,512,52,4042,170451,0.023713559908712767,200
quick-multipivot-2,512,53,3965,145240,0.027299641971908564,200
quick-multipivot-2,512,54,3873,179443,0.02158345547053939,200
quick-multipivot-2,512,55,3808,116012,0.03282419060097232,200
quick-multipivot-2,512,56,3747,124367,0.03012857108396922,200
quick-multipivot-2,512,57,3675,130268,0.02821107255811097,200
quick-multipivot-2,512,58,3603,150828,0.023888137481104306,200
quick-multipivot-2,512,59,3527,158885,0.022198445416496206,200
quick-multipivot-2,512,60,3469,101769,0.03408700095313897,200
quick-multipivot-2,512,61,3398,140870,0.02412153048910343,200
quick-multipivot-2,512,62,3349,88169,0.03798387188240765,200
quick-multipivot-2,512,63,3280,149188,0.02198568249457061,200
quick-multipivot-2,512,64,3219,103613,0.031067530136179824,200
quick-multipivot-2,512,65,3165,110701,0.02859052763751005,200
quick-multipivot-2,512,66,3112,107250,0.029016317016317017,200
quick-multipivot-2,512,67,3060,94847,0.03226248589834154,200
quick-multipivot-2,512,68,3013,71417,0.042188834591203775,200
quick-multipivot-2,512,69,2949,134808,0.021875556346804343,200
quick-multipivot-2,512,70,2899,97783,0.029647280202080115,200
quick-multipivot-2,512,71,2848,97769,0.02912988779674539,200
quick-multipivot-2,512,72,2806,86562,0.03241607171738176,200
quick-multipivot-2,512,73,2764,88321,0.03129493551929892,200
quick-multipivot-2,512,74,2714,108286,0.02506325840828916,200
quick-multipivot-2,512,75,2671,96409,0.02770488232426433,200
quick-multipivot-2,512,76,2634,69684,0.0377992078525917,200
quick-multipivot-2,512,77,2594,71470,0.03629494892962082,200
quick-multipivot-2,512,78,2555,87228,0.02929105333149906,200
quick-multipivot-2,512,79,2517,83774,0.030045121398047128,200
quick-multipivot-2,512,80,2484,75252,0.033009089459416364,200
quick-multipivot-2,512,81,2446,61990,0.03945797709307953,200
quick-multipivot-2,512,82,2404,92058,0.02611397162658324,200
quick-multipivot-2,512,83,2364,83986,0.028147548400923962,200
quick-multipivot-2,512,84,2337,56340,0.041480298189563364,200
quick-multipivot-2,512,85,2317,41912,0.055282496659667876,200
quick-multipivot-2,512,86,2284,65985,0.03461392740774418,200
quick-multipivot-2,512,87,2250,61002,0.036884036588964296,200
quick-multipivot-2,512,88,2221,69959,0.03174716619734416,200
quick-multipivot-2,512,89,2194,52082,0.04212587842248761,200
quick-multipivot-2,512,90,2165,51503,0.042036386229928356,200
quick-multipivot-2,512,91,2139,56658,0.03775283278619083,200
quick-multipivot-2,512,92,2118,56088,0.03776208814719726,200
quick-multipivot-2,512,93,2099,48307,0.0434512596518103,200
quick-multipivot-2,512,94,2068,66531,0.031083254422750298,200
quick-multipivot-2,512,95,2041,56336,0.03622905424595285,200
quick-multipivot-2,512,96,2012,61721,0.03259830527697218,200
quick-multipivot-2,512,97,1983,48719,0.040702805886820334,200
quick-multipivot-2,512,98,1962,47573,0.041241880898829165,200
quick-multipivot-2,512,99,1939,51348,0.03776193814754226,200
quick-multipivot-2,512,100,1918,43256,0.044340669502496766,200
quick-multipivot-2,512,101,1884,82174,0.022926959865650937,200
quick-multipivot-2,512,102,1868,28054,0.06658587010764953,200
quick-multipivot-2,512,103,1842,59219,0.03110488187912663,200
quick-multipivot-2,512,104,1818,48323,0.03762183639260808,200
quick-multipivot-2,512,105,1797,35691,0.050348827435487936,200
quick-multipivot-2,512,106,1778,38289,0.0464363133014704,200
quick-multipivot-2,512,107,1753,54736,0.03202645425314236,200
quick-multipivot-2,512,108,1725,66087,0.026101956511870715,200
quick-multipivot-2,512,109,1700,54404,0.03124770237482538,200
quick-multipivot-2,512,110,1682,37189,0.04522842776089704,200
quick-multipivot-2,512,111,1667,33740,0.049407231772377,200
quick-multipivot-2,512,112,1654,26341,0.06279184541209522,200
quick-multipivot-2,512,113,1634,39812,0.04104290163769718,200
quick-multipivot-2,512,114,1618,34533,0.0468537341094026,200
quick-multipivot-2,512,115,1605,28095,0.057127602776294716,200
quick-multipivot-2,512,116,1588,35685,0.04450049040212975,200
quick-multipivot-2,512,117,1569,38320,0.0409446764091858,200
quick-multipivot-2,512,118,1550,35571,0.04357482218661269,200
quick-multipivot-2,512,119,1525,52865,0.028847063274378134,200
quick-multipivot-2,512,120,1506,47932,0.03141951097387966,200
quick-multipivot-2,512,121,1495,27244,0.0548744677727206,200
quick-multipivot-2,512,122,1481,29257,0.050620364357247837,200
quick-multipivot-2,512,123,1471,24792,0.05933365601807034,200
quick-multipivot-2,512,124,1457,31966,0.04557967840830883,200
quick-multipivot-2,512,125,1451,18825,0.07707835325365206,200
quick-multipivot-2,512,126,1444,16599,0.0869931923609856,200
quick-multipivot-2,512,127,1432,28523,0.05020509764050065,200
quick-multipivot-2,512,128,1419,24096,0.0588894422310757,200
quick-multipivot-2,512,129,1405,32826,0.042801437884603666,200
quick-multipivot-2,512,130,1392,36232,0.038419077058953414,200
quick-multipivot-2,512,131,1383,25428,0.05438886267107126,200
quick-multipivot-2,512,132,1373,26037,0.0527326496908246,200
quick-multipivot-2,512,133,1358,37669,0.03605086410576336,200
quick-multipivot-2,512,134,1348,22276,0.06051355719159634,200
quick-multipivot-2,512,135,1339,25926,0.05164699529429916,200
quick-multipivot-2,512,136,1324,31080,0.0425997425997426,200
quick-multipivot-2,512,137,1316,24751,0.053169568906306815,200
quick-multipivot-2,512,138,1304,26569,0.049079754601226995,200
quick-multipivot-2,512,139,1296,18407,0.07040799695767914,200
quick-multipivot-2,512,140,1291,13360,0.09663173652694611,200
quick-multipivot-2,512,141,1280,23955,0.05343352118555625,200
quick-multipivot-2,512,142,1269,28997,0.04376314791185295,200
quick-multipivot-2,512,143,1250,38456,0.03250468067401706,200
quick-multipivot-2,512,144,1242,14732,0.08430627206081999,200
quick-multipivot-2,512,145,1230,29533,0.041648325601869096,200
quick-multipivot-2,512,146,1219,26015,0.046857582164136075,200
quick-multipivot-2,512,147,1211,18431,0.0657045195594379,200
quick-multipivot-2,512,148,1204,18189,0.06619385342789598,200
quick-multipivot-2,512,149,1197,21566,0.05550403412779375,200
quick-multipivot-2,512,150,1187,18419,0.06444432379608013,200
quick-multipivot-2,512,151,1178,21723,0.054228237352115266,200
quick-multipivot-2,512,152,1164,39611,0.02938577667819545,200
quick-multipivot-2,512,153,1157,19945,0.05800952619704187,200
quick-multipivot-2,512,154,1149,20246,0.056751951002667195,200
quick-multipivot-2,512,155,1139,26785,0.04252380063468359,200
quick-multipivot-2,512,156,1135,6518,0.17413316968395212,200
quick-multipivot-2,512,157,1122,25258,0.04442156940375327,200
quick-multipivot-2,512,158,1115,20555,0.054244709316468014,200
quick-multipivot-2,512,159,1103,19957,0.05526882798015734,200
quick-multipivot-2,512,160,1094,21966,0.04980424292087772,200
quick-multipivot-2,512,161,1087,18272,0.05948992994746059,200
quick-multipivot-2,512,162,1081,18558,0.05824981140209074,200
quick-multipivot-2,512,163,1074,22365,0.04802146210596915,200
quick-multipivot-2,512,164,1070,14274,0.07496146840409136,200
quick-multipivot-2,512,165,1056,32483,0.03250931256349475,200
quick-multipivot-2,512,166,1051,15545,0.06761016403988421,200
quick-multipivot-2,512,167,1049,6958,0.1507617131359586,200
quick-multipivot-2,512,168,1039,29217,0.03556148817469282,200
quick-multipivot-2,512,169,1033,18711,0.055208166319277434,200
quick-multipivot-2,512,170,1028,12998,0.07908909062932759,200
quick-multipivot-2,512,171,1019,21635,0.04709960711809568,200
quick-multipivot-2,512,172,1010,18877,0.053504264448800125,200
quick-multipivot-2,512,173,1008,6008,0.1677762982689747,200
quick-multipivot-2,512,174,1005,9066,0.11085373924553275,200
quick-multipivot-2,512,175,1000,12411,0.08057368463459834,200
quick-multipivot-2,512,176,996,11037,0.09024191356346833,200
quick-multipivot-2,512,177,988,25523,0.03871018297222113,200
quick-multipivot-2,512,178,984,9458,0.10403890886022416,200
quick-multipivot-2,512,179,982,7303,0.13446528823771053,200
quick-multipivot-2,512,180,974,20694,0.04706678264231178,200
quick-multipivot-2,512,181,965,22603,0.04269344777241959,200
quick-multipivot-2,512,182,964,3438,0.2803955788248982,200
quick-multipivot-2,512,183,958,12024,0.07967398536260811,200
quick-multipivot-2,512,184,954,10179,0.09372236958443855,200
quick-multipivot-2,512,185,943,33903,0.027814647671297526,200
quick-multipivot-2,512,186,936,17094,0.05475605475605476,200
quick-multipivot-2,512,187,930,18584,0.050043047783039175,200
quick-multipivot-2,512,188,923,19237,0.04798045433279617,200
quick-multipivot-2,512,189,916,18633,0.049160092309343636,200
quick-multipivot-2,512,190,911,10701,0.08513223063265116,200
quick-multipivot-2,512,191,907,10116,0.08965994464215105,200
quick-multipivot-2,512,192,901,18449,0.04883733535692991,200
quick-multipivot-2,512,193,894,19908,0.04490657022302592,200
quick-multipivot-2,512,194,890,9982,0.08916048887998397,200
quick-multipivot-2,512,195,880,30319,0.02902470398100201,200
quick-multipivot-2,512,196,876,8661,0.10114305507447177,200
quick-multipivot-2,512,197,872,10472,0.08326967150496563,200
quick-multipivot-2,512,198,866,18000,0.04811111111111111,200
quick-multipivot-2,512,199,861,14681,0.05864723111504666,200
quick-multipivot-2,512,200,852,24816,0.03433268858800774,200
quick-multipivot-2,512,201,847,15649,0.05412486420857563,200
quick-multipivot-2,512,202,839,23815,0.035229897123661556,200
quick-multipivot-2,512,203,839,1603,0.5233936369307548,200
quick-multipivot-2,512,204,830,26142,0.031749674852727415,200
quick-multipivot-2,512,205,823,16121,0.05105142360895726,200
quick-multipivot-2,512,206,818,14300,0.0572027972027972,200
quick-multipivot-2,512,207,810,19998,0.0405040504050405,200
quick-multipivot-2,512,208,808,7251,0.11143290580609572,200
quick-multipivot-2,512,209,805,7954,0.1012069399044506,200
quick-multipivot-2,512,210,800,15454,0.05176653293645658,200
quick-multipivot-2,512,211,790,27735,0.028483865152334597,200
quick-multipivot-2,512,212,789,4593,0.17178314826910515,200
quick-multipivot-2,512,213,785,12862,0.06103249883377391,200
quick-multipivot-2,512,214,778,21358,0.03642663170708868,200
quick-multipivot-2,512,215,771,24834,0.031046146412176855,200
quick-multipivot-2,512,216,766,13353,0.05736538605556804,200
quick-multipivot-2,512,217,763,8366,0.09120248625388477,200
quick-multipivot-2,512,218,759,14082,0.05389859394972305,200
quick-multipivot-2,512,219,753,15977,0.047130249733992616,200
quick-multipivot-2,512,220,749,11755,0.06371756699276904,200
quick-multipivot-2,512,221,743,14327,0.051860124240943675,200
quick-multipivot-2,512,222,735,24573,0.029910877792699304,200
quick-multipivot-2,512,223,728,19390,0.03754512635379061,200
quick-multipivot-2,512,224,725,10381,0.06983912917830652,200
quick-multipivot-2,512,225,722,9164,0.07878655608904409,200
quick-multipivot-2,512,226,712,28918,0.024621343108098763,200
quick-multipivot-2,512,227,707,13796,0.051246738184981155,200
quick-multipivot-2,512,228,704,10438,0.06744587085648591,200
quick-multipivot-2,512,229,698,16606,0.042033000120438396,200
quick-multipivot-2,512,230,692,17726,0.03903870021437437,200
quick-multipivot-2,512,231,687,14877,0.04617866505343819,200
quick-multipivot-2,512,232,679,22091,0.030736499026752975,200
quick-multipivot-2,512,233,679,1262,0.5380348652931854,200
quick-multipivot-2,512,234,678,4765,0.14228751311647428,200
quick-multipivot-2,512,235,675,6895,0.09789702683103699,200
quick-multipivot-2,512,236,670,13873,0.048295249765732,200
quick-multipivot-2,512,237,663,21747,0.030486963719133675,200
quick-multipivot-2,512,238,656,19279,0.034026661133876236,200
quick-multipivot-2,512,239,656,1236,0.5307443365695793,200
quick-multipivot-2,512,240,646,32310,0.019993809965954814,200
quick-multipivot-2,512,241,643,12430,0.05172968624296058,200
quick-multipivot-2,512,242,636,20762,0.03063288700510548,200
quick-multipivot-2,512,243,633,7849,0.0806472162058861,200
quick-multipivot-2,512,244,630,10183,0.06186781891387607,200
quick-multipivot-2,512,245,627,6080,0.103125,200
quick-multipivot-2,512,246,625,6009,0.10401065069063072,200
quick-multipivot-2,512,247,623,8177,0.07618931148342913,200
quick-multipivot-2,512,248,621,6954,0.08930112165660052,200
quick-multipivot-2,512,249,618,11740,0.05264054514480409,200
quick-multipivot-2,512,250,614,11914,0.05153600805774719,200
quick-multipivot-2,512,251,610,11018,0.05536394990016337,200
quick-multipivot-2,512,252,608,9320,0.06523605150214593,200
quick-multipivot-2,512,253,605,8396,0.07205812291567414,200
quick-multipivot-2,512,254,602,10404,0.05786236063052672,200
quick-multipivot-2,512,255,599,8589,0.06974036558388637,200
quick-multipivot-2,512,256,596,8591,0.06937492724944709,200
quick-multipivot-2,512,257,595,4596,0.1294604003481288,200
quick-multipivot-2,512,258,592,10104,0.05859065716547902,200
quick-multipivot-2,512,259,584,23301,0.02506330200420583,200
quick-multipivot-2,512,260,579,15282,0.03788771103258736,200
quick-multipivot-2,512,261,578,3090,0.18705501618122977,200
quick-multipivot-2,512,262,576,6498,0.0886426592797784,200
quick-multipivot-2,512,263,572,11271,0.05074971164936563,200
quick-multipivot-2,512,264,570,8721,0.06535947712418301,200
quick-multipivot-2,512,265,567,10445,0.05428434657730972,200
quick-multipivot-2,512,266,559,25323,0.02207479366583738,200
quick-multipivot-2,512,267,559,1036,0.5395752895752896,200
quick-multipivot-2,512,268,557,7457,0.0746949175271557,200
quick-multipivot-2,512,269,556,3987,0.13945322297466767,200
quick-multipivot-2,512,270,550,16435,0.03346516580468512,200
quick-multipivot-2,512,271,542,20783,0.026079006880623586,200
quick-multipivot-2,512,272,541,3971,0.13623772349534122,200
quick-multipivot-2,512,273,536,20563,0.0260662354714779,200
quick-multipivot-2,512,274,535,5184,0.10320216049382716,200
quick-multipivot-2,512,275,533,6863,0.07766282966632668,200
quick-multipivot-2,512,276,529,11853,0.04463005146376445,200
quick-multipivot-2,512,277,529,1001,0.5284715284715285,200
quick-multipivot-2,512,278,528,4876,0.10828547990155865,200
quick-multipivot-2,512,279,526,7143,0.07363852722945541,200
quick-multipivot-2,512,280,522,11843,0.04407666976272904,200
quick-multipivot-2,512,281,521,4474,0.1164506034868127,200
quick-multipivot-2,512,282,515,18066,0.028506586958928375,200
quick-multipivot-2,512,283,513,6507,0.07883817427385892,200
quick-multipivot-2,512,284,508,17117,0.029678097797511245,200
quick-multipivot-2,512,285,504,13493,0.0373527014007263,200
quick-multipivot-2,512,286,502,6631,0.07570502186698838,200
quick-multipivot-2,512,287,499,10613,0.047017808348252144,200
quick-multipivot-2,512,288,496,9824,0.050488599348534204,200
quick-multipivot-2,512,289,494,4791,0.10310999791275308,200
quick-multipivot-2,512,290,491,10951,0.044836088028490546,200
quick-multipivot-2,512,291,489,6649,0.0735448939690179,200
quick-multipivot-2,512,292,488,4830,0.1010351966873706,200
quick-multipivot-2,512,293,486,5596,0.08684774839170836,200
quick-multipivot-2,512,294,482,13069,0.03688116917897314,200
quick-multipivot-2,512,295,479,9121,0.05251617147242627,200
quick-multipivot-2,512,296,476,8241,0.05775998058488047,200
quick-multipivot-2,512,297,476,883,0.5390713476783692,200
quick-multipivot-2,512,298,474,7313,0.06481608095172979,200
quick-multipivot-2,512,299,474,886,0.5349887133182845,200
quick-multipivot-2,512,300,470,15039,0.03125207793071348,200
quick-multipivot-2,512,301,466,12581,0.037039980923614976,200
quick-multipivot-2,512,302,461,17719,0.026017269597607088,200
quick-multipivot-2,512,303,458,11273,0.04062804932138739,200
quick-multipivot-2,512,304,455,10216,0.044537979639780734,200
quick-multipivot-2,512,305,452,10945,0.04129739607126542,200
quick-multipivot-2,512,306,449,12929,0.03472813055920798,200
quick-multipivot-2,512,307,446,12620,0.03534072900158479,200
quick-multipivot-2,512,308,446,815,0.5472392638036809,200
quick-multipivot-2,512,309,441,13617,0.03238598810310641,200
quick-multipivot-2,512,310,439,8784,0.04997723132969035,200
quick-multipivot-2,512,311,438,4325,0.10127167630057804,200
quick-multipivot-2,512,312,433,18258,0.023715631503998247,200
quick-multipivot-2,512,313,429,13921,0.03081675167013864,200
quick-multipivot-2,512,314,429,808,0.530940594059406,200
quick-multipivot-2,512,315,425,16994,0.02500882664469813,200
quick-multipivot-2,512,316,421,11859,0.03550046378278101,200
quick-multipivot-2,512,317,420,5277,0.07959067652075043,200
quick-multipivot-2,512,318,419,4486,0.09340169415960767,200
quick-multipivot-2,512,319,418,4396,0.09508644222020018,200
quick-multipivot-2,512,320,418,773,0.5407503234152652,200
quick-multipivot-2,512,321,417,4100,0.10170731707317072,200
quick-multipivot-2,512,322,417,764,0.5458115183246073,200
quick-multipivot-2,512,323,416,3149,0.13210543029533184,200
quick-multipivot-2,512,324,414,7962,0.05199698568198945,200
quick-multipivot-2,512,325,410,15234,0.026913482998555862,200
quick-multipivot-2,512,326,408,8053,0.050664348689929216,200
quick-multipivot-2,512,327,405,9408,0.043048469387755105,200
quick-multipivot-2,512,328,402,11009,0.03651557816332092,200
quick-multipivot-2,512,329,402,741,0.5425101214574899,200
quick-multipivot-2,512,330,399,11570,0.034485738980121,200
quick-multipivot-2,512,331,394,18224,0.021619841966637403,200
quick-multipivot-2,512,332,393,3307,0.1188388267311763,200
quick-multipivot-2,512,333,390,11473,0.03399285278479909,200
quick-multipivot-2,512,334,389,4521,0.0860429108604291,200
quick-multipivot-2,512,335,389,697,0.5581061692969871,200
quick-multipivot-2,512,336,384,17575,0.021849217638691323,200
quick-multipivot-2,512,337,383,4102,0.09336908824963433,200
quick-multipivot-2,512,338,382,4691,0.08143253037731826,200
quick-multipivot-2,512,339,382,696,0.5488505747126436,200
quick-multipivot-2,512,340,377,15048,0.02505316321105795,200
quick-multipivot-2,512,341,377,673,0.5601783060921248,200
quick-multipivot-2,512,342,376,4394,0.08557123350022758,200
quick-multipivot-2,512,343,376,682,0.5513196480938416,200
quick-multipivot-2,512,344,376,684,0.5497076023391813,200
quick-multipivot-2,512,345,376,679,0.5537555228276878,200
quick-multipivot-2,512,346,375,3707,0.10115996762881035,200
quick-multipivot-2,512,347,373,5269,0.07079142152211046,200
quick-multipivot-2,512,348,370,10123,0.03655042971451151,200
quick-multipivot-2,512,349,369,4492,0.0821460373998219,200
quick-multipivot-2,512,350,366,10429,0.03509444817336274,200
quick-multipivot-2,512,351,365,4264,0.08560037523452158,200
quick-multipivot-2,512,352,363,8964,0.04049531459170013,200
quick-multipivot-2,512,353,363,658,0.5516717325227963,200
quick-multipivot-2,512,354,361,8345,0.04325943678849611,200
quick-multipivot-2,512,355,361,649,0.5562403697996918,200
quick-multipivot-2,512,356,361,655,0.5511450381679389,200
quick-multipivot-2,512,357,360,4686,0.07682458386683738,200
quick-multipivot-2,512,358,357,9336,0.03823907455012854,200
quick-multipivot-2,512,359,357,636,0.5613207547169812,200
quick-multipivot-2,512,360,352,16081,0.021889185995895778,200
quick-multipivot-2,512,361,350,8153,0.04292898319636943,200
quick-multipivot-2,512,362,350,624,0.5608974358974359,200
quick-multipivot-2,512,363,349,3427,0.1018383425736796,200
quick-multipivot-2,512,364,347,7780,0.04460154241645244,200
quick-multipivot-2,512,365,346,3324,0.10409145607701564,200
quick-multipivot-2,512,366,344,7002,0.04912882033704656,200
quick-multipivot-2,512,367,343,4382,0.07827476038338659,200
quick-multipivot-2,512,368,341,7907,0.043126343746047804,200
quick-multipivot-2,512,369,340,4268,0.07966260543580131,200
quick-multipivot-2,512,370,340,619,0.5492730210016155,200
quick-multipivot-2,512,371,340,615,0.5528455284552846,200
quick-multipivot-2,512,372,340,600,0.5666666666666667,200
quick-multipivot-2,512,373,338,8388,0.040295660467334286,200
quick-multipivot-2,512,374,337,3783,0.08908273856727465,200
quick-multipivot-2,512,375,335,8582,0.03903518993241668,200
quick-multipivot-2,512,376,333,8456,0.039380321665089875,200
quick-multipivot-2,512,377,332,4921,0.0674659622028043,200
quick-multipivot-2,512,378,332,593,0.5598650927487352,200
quick-multipivot-2,512,379,331,4058,0.08156727451946771,200
quick-multipivot-2,512,380,331,598,0.5535117056856187,200
quick-multipivot-2,512,381,327,14592,0.02240953947368421,200
quick-multipivot-2,512,382,326,4573,0.07128799475180407,200
quick-multipivot-2,512,383,326,578,0.5640138408304498,200
quick-multipivot-2,512,384,324,8747,0.037041271293014745,200
quick-multipivot-2,512,385,323,3711,0.08703853408784694,200
quick-multipivot-2,512,386,323,569,0.5676625659050967,200
quick-multipivot-2,512,387,322,4580,0.0703056768558952,200
quick-multipivot-2,512,388,321,3449,0.09307045520440707,200
quick-multipivot-2,512,389,318,11999,0.026502208517376447,200
quick-multipivot-2,512,390,315,11586,0.027187985499741066,200
quick-multipivot-2,512,391,314,3389,0.09265269991147831,200
quick-multipivot-2,512,392,313,5059,0.06186993476971733,200
quick-multipivot-2,512,393,312,4578,0.06815203145478375,200
quick-multipivot-2,512,394,312,552,0.5652173913043478,200
quick-multipivot-2,512,395,311,3513,0.08852832337033874,200
quick-multipivot-2,512,396,311,545,0.5706422018348624,200
quick-multipivot-2,512,397,310,4788,0.06474519632414369,200
quick-multipivot-2,512,398,310,552,0.5615942028985508,200
quick-multipivot-2,512,399,309,4063,0.07605217819345311,200
quick-multipivot-2,512,400,308,3442,0.0894828588030215,200
quick-multipivot-2,512,401,308,541,0.5693160813308688,200
quick-multipivot-2,512,402,306,8484,0.03606789250353607,200
quick-multipivot-2,512,403,306,547,0.5594149908592322,200
quick-multipivot-2,512,404,303,11456,0.026449022346368714,200
quick-multipivot-2,512,405,301,8442,0.03565505804311774,200
quick-multipivot-2,512,406,299,9595,0.03116206357477853,200
quick-multipivot-2,512,407,299,531,0.5630885122410546,200
quick-multipivot-2,512,408,298,4467,0.06671143944481756,200
quick-multipivot-2,512,409,298,526,0.5665399239543726,200
quick-multipivot-2,512,410,294,15185,0.019361211722094172,200
quick-multipivot-2,512,411,292,8450,0.034556213017751476,200
quick-multipivot-2,512,412,292,518,0.5637065637065637,200
quick-multipivot-2,512,413,292,508,0.5748031496062992,200
quick-multipivot-2,512,414,291,4545,0.06402640264026403,200
quick-multipivot-2,512,415,287,15541,0.018467280097805804,200
quick-multipivot-2,512,416,286,3941,0.07257041360060898,200
quick-multipivot-2,512,417,282,15662,0.018005363299706294,200
quick-multipivot-2,512,418,281,3440,0.0816860465116279,200
quick-multipivot-2,512,419,279,8528,0.03271575984990619,200
quick-multipivot-2,512,420,277,9232,0.030004332755632582,200
quick-multipivot-2,512,421,274,12235,0.022394769105026562,200
quick-multipivot-2,512,422,273,4568,0.05976357267950963,200
quick-multipivot-2,512,423,273,474,0.5759493670886076,200
quick-multipivot-2,512,424,271,7766,0.03489569920164821,200
quick-multipivot-2,512,425,271,464,0.584051724137931,200
quick-multipivot-2,512,426,271,470,0.5765957446808511,200
quick-multipivot-2,512,427,271,473,0.572938689217759,200
quick-multipivot-2,512,428,271,469,0.5778251599147122,200
quick-multipivot-2,512,429,271,464,0.584051724137931,200
quick-multipivot-2,512,430,271,471,0.5753715498938429,200
quick-multipivot-2,512,431,270,4800,0.05625,200
quick-multipivot-2,512,432,269,4163,0.06461686283929859,200
quick-multipivot-2,512,433,268,4540,0.059030837004405284,200
quick-multipivot-2,512,434,267,4296,0.06215083798882681,200
quick-multipivot-2,512,435,265,7871,0.03366789480370982,200
quick-multipivot-2,512,436,265,454,0.5837004405286343,200
quick-multipivot-2,512,437,265,465,0.5698924731182796,200
quick-multipivot-2,512,438,264,3862,0.0683583635422061,200
quick-multipivot-2,512,439,264,459,0.5751633986928104,200
quick-multipivot-2,512,440,262,8962,0.02923454586029904,200
quick-multipivot-2,512,441,262,459,0.5708061002178649,200
quick-multipivot-2,512,442,261,4327,0.0603189276635082,200
quick-multipivot-2,512,443,261,450,0.58,200
quick-multipivot-2,512,444,260,5578,0.046611688777339545,200
quick-multipivot-2,512,445,259,4464,0.058019713261648745,200
quick-multipivot-2,512,446,258,5432,0.047496318114874814,200
quick-multipivot-2,512,447,258,438,0.589041095890411,200
quick-multipivot-2,512,448,257,4374,0.05875628715134888,200
quick-multipivot-2,512,449,257,431,0.5962877030162413,200
quick-multipivot-2,512,450,252,19001,0.013262459870533129,200
quick-multipivot-2,512,451,252,431,0.5846867749419954,200
quick-multipivot-2,512,452,251,4153,0.06043823741873344,200
quick-multipivot-2,512,453,251,418,0.6004784688995215,200
quick-multipivot-2,512,454,250,4562,0.05480052608505041,200
quick-multipivot-2,512,455,250,437,0.5720823798627003,200
quick-multipivot-2,512,456,250,425,0.5882352941176471,200
quick-multipivot-2,512,457,250,433,0.5773672055427251,200
quick-multipivot-2,512,458,250,420,0.5952380952380952,200
quick-multipivot-2,512,459,248,8460,0.029314420803782507,200
quick-multipivot-2,512,460,245,14033,0.01745884700349177,200
quick-multipivot-2,512,461,244,4480,0.054464285714285715,200
quick-multipivot-2,512,462,244,414,0.5893719806763285,200
quick-multipivot-2,512,463,243,3833,0.0633968171145317,200
quick-multipivot-2,512,464,242,4506,0.05370616955170883,200
quick-multipivot-2,512,465,242,402,0.6019900497512438,200
quick-multipivot-2,512,466,241,4574,0.052689112374289464,200
quick-multipivot-2,512,467,240,4769,0.05032501572656741,200
quick-multipivot-2,512,468,240,406,0.5911330049261084,200
quick-multipivot-2,512,469,238,8824,0.026971894832275613,200
quick-multipivot-2,512,470,235,13540,0.017355982274741506,200
quick-multipivot-2,512,471,235,404,0.5816831683168316,200
quick-multipivot-2,512,472,233,8187,0.028459753267375106,200
quick-multipivot-2,512,473,231,8193,0.028194800439399488,200
quick-multipivot-2,512,474,231,384,0.6015625,200
quick-multipivot-2,512,475,231,392,0.5892857142857143,200
quick-multipivot-2,512,476,230,5147,0.0446862249854284,200
quick-multipivot-2,512,477,227,12704,0.0178683879093199,200
quick-multipivot-2,512,478,225,8350,0.02694610778443114,200
quick-multipivot-2,512,479,225,377,0.596816976127321,200
quick-multipivot-2,512,480,223,8481,0.026294069095625514,200
quick-multipivot-2,512,481,221,8289,0.02666184099408855,200
quick-multipivot-2,512,482,220,4480,0.049107142857142856,200
quick-multipivot-2,512,483,220,365,0.6027397260273972,200
quick-multipivot-2,512,484,220,366,0.6010928961748634,200
quick-multipivot-2,512,485,219,4245,0.051590106007067135,200
quick-multipivot-2,512,486,219,361,0.6066481994459834,200
quick-multipivot-2,512,487,218,4479,0.04867157847733869,200
quick-multipivot-2,512,488,217,4778,0.04541649225617413,200
quick-multipivot-2,512,489,215,8984,0.023931433659839716,200
quick-multipivot-2,512,490,215,362,0.5939226519337016,200
quick-multipivot-2,512,491,213,9445,0.02255161461090524,200
quick-multipivot-2,512,492,213,351,0.6068376068376068,200
quick-multipivot-2,512,493,212,4603,0.04605691940039105,200
quick-multipivot-2,512,494,211,4243,0.049728965354701865,200
quick-multipivot-2,512,495,210,4772,0.04400670578373848,200
quick-multipivot-2,512,496,209,4245,0.04923439340400471,200
quick-multipivot-2,512,497,208,4255,0.04888366627497062,200
quick-multipivot-2,512,498,207,5014,0.04128440366972477,200
quick-multipivot-2,512,499,207,348,0.5948275862068966,200
quick-multipivot-2,512,500,206,4490,0.045879732739420934,200
quick-multipivot-2,512,501,206,349,0.5902578796561605,200
quick-multipivot-2,512,502,205,4638,0.04420008624407072,200
quick-multipivot-2,512,503,205,335,0.6119402985074627,200
quick-multipivot-2,512,504,205,344,0.5959302325581395,200
quick-multipivot-2,512,505,205,345,0.5942028985507246,200
quick-multipivot-2,512,506,204,4869,0.041897720271102896,200
quick-multipivot-2,512,507,204,340,0.6,200
quick-multipivot-2,512,508,202,8586,0.023526671325413463,200
quick-multipivot-2,512,509,202,335,0.6029850746268657,200
quick-multipivot-2,512,510,200,9031,0.022145941756173182,200
quick-multipivot-2,512,511,0,823321,0.0,200
quick-multipivot-2,1024,0,204800,176567689,0.0011598951153514842,200
quick-multipivot-2,1024,1,204799,382081548,0.0005360086114391475,200
quick-multipivot-2,1024,2,204795,404969431,0.0005057048367682844,200
quick-multipivot-2,1024,3,204754,169495119,0.0012080229873758193,200
quick-multipivot-2,1024,4,204577,146364110,0.0013977265328228349,200
quick-multipivot-2,1024,5,203979,79951398,0.0025512874709207713,200
quick-multipivot-2,1024,6,202591,59748891,0.0033907072852615793,200
quick-multipivot-2,1024,7,199342,42045316,0.00474112264966685,200
quick-multipivot-2,1024,8,193216,43313921,0.0044608291177333035,200
quick-multipivot-2,1024,9,183687,46985131,0.003909470849405528,200
quick-multipivot-2,1024,10,170463,56799830,0.003001118137149354,200
quick-multipivot-2,1024,11,153868,68050153,0.0022610970470558676,200
quick-multipivot-2,1024,12,135177,76567435,0.0017654633461340321,200
quick-multipivot-2,1024,13,115981,78578956,0.001475980413890966,200
quick-multipivot-2,1024,14,97599,75112464,0.0012993715663488286,200
quick-multipivot-2,1024,15,80981,68086853,0.0011893779258677149,200
quick-multipivot-2,1024,16,66856,58004197,0.0011526062501994467,200
quick-multipivot-2,1024,17,55515,47248820,0.0011749499775867418,200
quick-multipivot-2,1024,18,46508,37144403,0.0012520863506676901,200
quick-multipivot-2,1024,19,39714,27826360,0.0014272078705227704,200
quick-multipivot-2,1024,20,34639,20485247,0.0016909242051120984,200
quick-multipivot-2,1024,21,30870,15315830,0.0020155616770361124,200
quick-multipivot-2,1024,22,27951,11958701,0.002337293992048133,200
quick-multipivot-2,1024,23,25642,9459804,0.0027106269855062537,200
quick-multipivot-2,1024,24,23742,7724367,0.003073649918498176,200
quick-multipivot-2,1024,25,22128,6634870,0.0033351067918436987,200
quick-multipivot-2,1024,26,20742,5687707,0.0036468123270062963,200
quick-multipivot-2,1024,27,19557,4904546,0.003987525043092674,200
quick-multipivot-2,1024,28,18536,4130342,0.004487763967245328,200
quick-multipivot-2,1024,29,17634,3677945,0.004794525203612343,200
quick-multipivot-2,1024,30,16837,3455319,0.004872777303629563,200
quick-multipivot-2,1024,31,16102,2898200,0.005555862259333379,200
quick-multipivot-2,1024,32,15456,2737528,0.005645969648529622,200
quick-multipivot-2,1024,33,14840,2501912,0.005931463616626004,200
quick-multipivot-2,1024,34,14236,2526976,0.005633611082970317,200
quick-multipivot-2,1024,35,13733,2070272,0.006633427878075924,200
quick-multipivot-2,1024,36,13256,1964656,0.0067472371753630155,200
quick-multipivot-2,1024,37,12808,1860367,0.006884663079919177,200
quick-multipivot-2,1024,38,12373,1707903,0.007244556628801519,200
quick-multipivot-2,1024,39,11968,1582998,0.007560338042120079,200
quick-multipivot-2,1024,40,11605,1495933,0.007757700378292343,200
quick-multipivot-2,1024,41,11276,1358272,0.008301724544126655,200
quick-multipivot-2,1024,42,10958,1333675,0.008216394548896845,200
quick-multipivot-2,1024,43,10649,1317452,0.008083026933808595,200
quick-multipivot-2,1024,44,10309,1418606,0.007266993090400012,200
quick-multipivot-2,1024,45,10012,1282176,0.0078086003793550966,200
quick-multipivot-2,1024,46,9744,1180675,0.008252906176551549,200
quick-multipivot-2,1024,47,9499,975049,0.009742074500871238,200
quick-multipivot-2,1024,48,9252,964127,0.009596246137697627,200
quick-multipivot-2,1024,49,9013,980969,0.009187854050433805,200
quick-multipivot-2,1024,50,8795,913699,0.009625708247464428,200
quick-multipivot-2,1024,51,8555,957748,0.008932412283815784,200
quick-multipivot-2,1024,52,8367,751588,0.01113242893713045,200
quick-multipivot-2,1024,53,8182,753903,0.010852855075520326,200
quick-multipivot-2,1024,54,7997,744303,0.0107442802192118,200
quick-multipivot-2,1024,55,7808,806806,0.00967766724590546,200
quick-multipivot-2,1024,56,7658,690195,0.011095415063858765,200
quick-multipivot-2,1024,57,7498,645293,0.011619527873384649,200
quick-multipivot-2,1024,58,7347,687832,0.010681387315507275,200
quick-multipivot-2,1024,59,7226,495162,0.014593203840359316,200
quick-multipivot-2,1024,60,7097,531434,0.01335443347621718,200
quick-multipivot-2,1024,61,6977,557773,0.012508672883054576,200
quick-multipivot-2,1024,62,6835,644883,0.0105988218017842,200
quick-multipivot-2,1024,63,6714,524647,0.012797176005962104,200
quick-multipivot-2,1024,64,6589,543692,0.012118993842101779,200
quick-multipivot-2,1024,65,6456,585225,0.011031654491862105,200
quick-multipivot-2,1024,66,6350,446702,0.014215293417087903,200
quick-multipivot-2,1024,67,6244,463234,0.013479148767145762,200
quick-multipivot-2,1024,68,6140,439258,0.013978117643844847,200
quick-multipivot-2,1024,69,6034,426609,0.014144099163402554,200
quick-multipivot-2,1024,70,5928,475985,0.012454173976070675,200
quick-multipivot-2,1024,71,5836,385286,0.015147189360630805,200
quick-multipivot-2,1024,72,5736,425501,0.0134805793640908,200
quick-multipivot-2,1024,73,5656,339190,0.016675019900350835,200
quick-multipivot-2,1024,74,5567,394885,0.014097775301670107,200
quick-multipivot-2,1024,75,5476,379247,0.014439138608874955,200
quick-multipivot-2,1024,76,5392,371815,0.014501835590280112,200
quick-multipivot-2,1024,77,5313,346458,0.015335192144502364,200
quick-multipivot-2,1024,78,5247,264018,0.019873644978751447,200
quick-multipivot-2,1024,79,5179,298206,0.017367189124296627,200
quick-multipivot-2,1024,80,5098,335322,0.015203297129326438,200
quick-multipivot-2,1024,81,5016,370806,0.01352728920244009,200
quick-multipivot-2,1024,82,4947,311684,0.01587184456051642,200
quick-multipivot-2,1024,83,4858,390937,0.01242655466226016,200
quick-multipivot-2,1024,84,4799,255158,0.01880795428714757,200
quick-multipivot-2,1024,85,4746,200342,0.023689490970440548,200
quick-multipivot-2,1024,86,4680,305804,0.015303920158009706,200
quick-multipivot-2,1024,87,4618,275623,0.0167547701026402,200
quick-multipivot-2,1024,88,4546,327192,0.013893982737964253,200
quick-multipivot-2,1024,89,4497,211116,0.02130108565906895,200
quick-multipivot-2,1024,90,4444,217103,0.020469546712850582,200
quick-multipivot-2,1024,91,4384,277015,0.015825857805533996,200
quick-multipivot-2,1024,92,4320,265880,0.016247931397622987,200
quick-multipivot-2,1024,93,4270,239737,0.01781118475662914,200
quick-multipivot-2,1024,94,4216,222177,0.018975861587833123,200
quick-multipivot-2,1024,95,4164,219759,0.01894802943224168,200
quick-multipivot-2,1024,96,4122,205574,0.02005117378656834,200
quick-multipivot-2,1024,97,4070,234998,0.01731929633443689,200
quick-multipivot-2,1024,98,4026,211175,0.01906475671836155,200
quick-multipivot-2,1024,99,3971,256216,0.015498641771005715,200
quick-multipivot-2,1024,100,3928,214834,0.018283884301367567,200
quick-multipivot-2,1024,101,3879,212543,0.018250424619959255,200
quick-multipivot-2,1024,102,3829,219430,0.017449756186483163,200
quick-multipivot-2,1024,103,3799,157020,0.02419437014393071,200
quick-multipivot-2,1024,104,3746,240081,0.015603067298120218,200
quick-multipivot-2,1024,105,3701,170641,0.02168880866849116,200
quick-multipivot-2,1024,106,3667,166344,0.022044678497571298,200
quick-multipivot-2,1024,107,3629,167993,0.02160209056329728,200
quick-multipivot-2,1024,108,3591,178581,0.02010852218321098,200
quick-multipivot-2,1024,109,3557,148171,0.02400604706723988,200
quick-multipivot-2,1024,110,3514,176460,0.01991386149835657,200
quick-multipivot-2,1024,111,3479,158848,0.021901440370668816,200
quick-multipivot-2,1024,112,3447,133926,0.025738094171408092,200
quick-multipivot-2,1024,113,3410,184808,0.018451582182589497,200
quick-multipivot-2,1024,114,3373,189564,0.0177934628937984,200
quick-multipivot-2,1024,115,3336,185764,0.017958269632436855,200
quick-multipivot-2,1024,116,3297,207291,0.015905176780468037,200
quick-multipivot-2,1024,117,3266,131593,0.024818949336210892,200
quick-multipivot-2,1024,118,3252,53352,0.06095366621682411,200
quick-multipivot-2,1024,119,3219,171943,0.018721320437586876,200
quick-multipivot-2,1024,120,3190,135323,0.02357322849774244,200
quick-multipivot-2,1024,121,3153,166780,0.018905144501738816,200
quick-multipivot-2,1024,122,3127,131392,0.02379901363857769,200
quick-multipivot-2,1024,123,3104,100979,0.0307390645579774,200
quick-multipivot-2,1024,124,3084,99356,0.031039896936269577,200
quick-multipivot-2,1024,125,3062,100545,0.030454025560694216,200
quick-multipivot-2,1024,126,3039,123209,0.024665405936254655,200
quick-multipivot-2,1024,127,3018,84649,0.03565310871953597,200
quick-multipivot-2,1024,128,2997,92888,0.0322646628197399,200
quick-multipivot-2,1024,129,2974,110483,0.026918168405999112,200
quick-multipivot-2,1024,130,2948,97448,0.030252031852885643,200
quick-multipivot-2,1024,131,2929,94395,0.031029185867895544,200
quick-multipivot-2,1024,132,2901,115212,0.025179668784501615,200
quick-multipivot-2,1024,133,2873,138685,0.020716011104301112,200
quick-multipivot-2,1024,134,2851,131202,0.021729851679090258,200
quick-multipivot-2,1024,135,2830,83654,0.03382982284170512,200
quick-multipivot-2,1024,136,2812,91584,0.030704053109713487,200
quick-multipivot-2,1024,137,2793,79341,0.035202480432563237,200
quick-multipivot-2,1024,138,2771,104013,0.02664090065664869,200
quick-multipivot-2,1024,139,2744,108933,0.02518979556240992,200
quick-multipivot-2,1024,140,2727,89379,0.03051052260598127,200
quick-multipivot-2,1024,141,2707,93544,0.028938253656033523,200
quick-multipivot-2,1024,142,2691,63961,0.04207251293757133,200
quick-multipivot-2,1024,143,2682,40119,0.06685111792417557,200
quick-multipivot-2,1024,144,2657,109232,0.024324373809872565,200
quick-multipivot-2,1024,145,2650,48568,0.05456267501235381,200
quick-multipivot-2,1024,146,2631,91487,0.028758184222895056,200
quick-multipivot-2,1024,147,2614,78456,0.03331803813602529,200
quick-multipivot-2,1024,148,2595,83252,0.031170422332196225,200
quick-multipivot-2,1024,149,2574,95531,0.02694413331798055,200
quick-multipivot-2,1024,150,2556,80786,0.031639145396479586,200
quick-multipivot-2,1024,151,2540,84432,0.030083380708736025,200
quick-multipivot-2,1024,152,2513,110634,0.022714536218522336,200
quick-multipivot-2,1024,153,2497,97375,0.02564313222079589,200
quick-multipivot-2,1024,154,2481,83358,0.029763190095731664,200
quick-multipivot-2,1024,155,2454,131170,0.018708546161469847,200
quick-multipivot-2,1024,156,2431,91352,0.026611349505210612,200
quick-multipivot-2,1024,157,2418,70283,0.03440376762517252,200
quick-multipivot-2,1024,158,2403,92030,0.026111050744322503,200
quick-multipivot-2,1024,159,2386,78110,0.030546664959672256,200
quick-multipivot-2,1024,160,2372,75276,0.031510707263935386,200
quick-multipivot-2,1024,161,2356,75789,0.031086305400519865,200
quick-multipivot-2,1024,162,2340,75152,0.031136895890994252,200
quick-multipivot-2,1024,163,2329,39518,0.05893516878384534,200
quick-multipivot-2,1024,164,2313,60666,0.03812679260211651,200
quick-multipivot-2,1024,165,2302,58358,0.0394461770451352,200
quick-multipivot-2,1024,166,2290,58299,0.03928026209712002,200
quick-multipivot-2,1024,167,2272,101686,0.022343292095273685,200
quick-multipivot-2,1024,168,2256,87289,0.025845180950635246,200
quick-multipivot-2,1024,169,2244,46084,0.04869368978387293,200
quick-multipivot-2,1024,170,2226,72685,0.03062530095618078,200
quick-multipivot-2,1024,171,2207,94292,0.023406015356551988,200
quick-multipivot-2,1024,172,2190,78634,0.0278505481089605,200
quick-multipivot-2,1024,173,2174,72785,0.029868791646630487,200
quick-multipivot-2,1024,174,2165,47115,0.04595139552159609,200
quick-multipivot-2,1024,175,2152,64871,0.03317352900371506,200
quick-multipivot-2,1024,176,2141,64967,0.03295519263626149,200
quick-multipivot-2,1024,177,2125,73424,0.028941490520810634,200
quick-multipivot-2,1024,178,2112,69859,0.03023232511201134,200
quick-multipivot-2,1024,179,2092,88306,0.02369034946662741,200
quick-multipivot-2,1024,180,2075,77232,0.02686710171949451,200
quick-multipivot-2,1024,181,2064,55050,0.03749318801089918,200
quick-multipivot-2,1024,182,2053,48658,0.04219244522997246,200
quick-multipivot-2,1024,183,2036,90543,0.022486553350341828,200
quick-multipivot-2,1024,184,2017,107785,0.018713179013777427,200
quick-multipivot-2,1024,185,2008,58678,0.034220661917584105,200
quick-multipivot-2,1024,186,2000,43070,0.046436034362665427,200
quick-multipivot-2,1024,187,1986,76756,0.02587419875970608,200
quick-multipivot-2,1024,188,1966,79369,0.024770376343408635,200
quick-multipivot-2,1024,189,1956,46775,0.04181721004810262,200
quick-multipivot-2,1024,190,1946,55852,0.034842082646995634,200
quick-multipivot-2,1024,191,1937,55489,0.03490781956784227,200
quick-multipivot-2,1024,192,1926,52226,0.03687818328035844,200
quick-multipivot-2,1024,193,1914,63543,0.0301213351588688,200
quick-multipivot-2,1024,194,1901,54392,0.03494999264597735,200
quick-multipivot-2,1024,195,1888,65220,0.02894817540631708,200
quick-multipivot-2,1024,196,1881,31495,0.0597237656770916,200
quick-multipivot-2,1024,197,1870,57664,0.03242924528301887,200
quick-multipivot-2,1024,198,1864,30373,0.061370295986567014,200
quick-multipivot-2,1024,199,1857,36373,0.05105435350397273,200
quick-multipivot-2,1024,200,1849,42512,0.04349360180654874,200
quick-multipivot-2,1024,201,1839,52001,0.035364704524912985,200
quick-multipivot-2,1024,202,1833,28351,0.06465380409862086,200
quick-multipivot-2,1024,203,1824,47837,0.038129481363797894,200
quick-multipivot-2,1024,204,1813,61548,0.02945668421394684,200
quick-multipivot-2,1024,205,1799,66174,0.027185903829298516,200
quick-multipivot-2,1024,206,1786,56905,0.03138564273789649,200
quick-multipivot-2,1024,207,1774,68041,0.02607251510118899,200
quick-multipivot-2,1024,208,1763,64911,0.027160265594429297,200
quick-multipivot-2,1024,209,1753,49451,0.03544923257365877,200
quick-multipivot-2,1024,210,1745,61170,0.028527055746280856,200
quick-multipivot-2,1024,211,1740,39345,0.04422417079679756,200
quick-multipivot-2,1024,212,1729,61184,0.028259021966527197,200
quick-multipivot-2,1024,213,1721,36718,0.04687074459393213,200
quick-multipivot-2,1024,214,1710,47445,0.036041732532405946,200
quick-multipivot-2,1024,215,1704,35915,0.047445357093136575,200
quick-multipivot-2,1024,216,1699,23843,0.0712578115170071,200
quick-multipivot-2,1024,217,1686,62043,0.027174701416759345,200
quick-multipivot-2,1024,218,1680,23749,0.07073982062402627,200
quick-multipivot-2,1024,219,1675,18639,0.08986533612318258,200
quick-multipivot-2,1024,220,1666,50148,0.0332216638749302,200
quick-multipivot-2,1024,221,1656,54328,0.030481519658371373,200
quick-multipivot-2,1024,222,1644,52831,0.031118093543563437,200
quick-multipivot-2,1024,223,1626,96920,0.01677672307057367,200
quick-multipivot-2,1024,224,1617,45700,0.03538293216630197,200
quick-multipivot-2,1024,225,1610,38431,0.04189326325102131,200
quick-multipivot-2,1024,226,1605,25803,0.06220206952679921,200
quick-multipivot-2,1024,227,1603,8554,0.18739770867430441,200
quick-multipivot-2,1024,228,1596,40540,0.03936852491366551,200
quick-multipivot-2,1024,229,1592,28361,0.05613342265787525,200
quick-multipivot-2,1024,230,1584,46703,0.033916450763334265,200
quick-multipivot-2,1024,231,1573,59440,0.02646366083445491,200
quick-multipivot-2,1024,232,1567,29587,0.052962449724541186,200
quick-multipivot-2,1024,233,1562,42089,0.03711183444605479,200
quick-multipivot-2,1024,234,1554,38870,0.0399794185747363,200
quick-multipivot-2,1024,235,1551,19384,0.0800144449030128,200
quick-multipivot-2,1024,236,1543,41772,0.036938619170736375,200
quick-multipivot-2,1024,237,1533,40359,0.03798409276741247,200
quick-multipivot-2,1024,238,1523,71053,0.021434703671906887,200
quick-multipivot-2,1024,239,1516,37321,0.04062056214999598,200
quick-multipivot-2,1024,240,1510,33025,0.045722937168811505,200
quick-multipivot-2,1024,241,1506,30441,0.04947275056666995,200
quick-multipivot-2,1024,242,1498,47761,0.03136450241829107,200
quick-multipivot-2,1024,243,1494,24417,0.06118687799483966,200
quick-multipivot-2,1024,244,1488,36194,0.041111786483947615,200
quick-multipivot-2,1024,245,1481,41505,0.03568244789784363,200
quick-multipivot-2,1024,246,1479,15924,0.09287867370007535,200
quick-multipivot-2,1024,247,1476,22400,0.06589285714285714,200
quick-multipivot-2,1024,248,1473,17776,0.08286453645364536,200
quick-multipivot-2,1024,249,1467,32153,0.045625602587627906,200
quick-multipivot-2,1024,250,1455,72223,0.020145936889910416,200
quick-multipivot-2,1024,251,1450,31160,0.046534017971758664,200
quick-multipivot-2,1024,252,1439,51845,0.027755810589256438,200
quick-multipivot-2,1024,253,1437,15583,0.09221587627542835,200
quick-multipivot-2,1024,254,1429,40978,0.03487237054028991,200
quick-multipivot-2,1024,255,1425,21752,0.06551121735932328,200
quick-multipivot-2,1024,256,1419,31341,0.045276155834210775,200
quick-multipivot-2,1024,257,1414,27618,0.0511984937359693,200
quick-multipivot-2,1024,258,1405,55405,0.025358722136991245,200
quick-multipivot-2,1024,259,1400,21773,0.06429982087907041,200
quick-multipivot-2,1024,260,1394,31548,0.04418663623684544,200
quick-multipivot-2,1024,261,1389,36519,0.038034995481803995,200
quick-multipivot-2,1024,262,1382,24289,0.056898184363292026,200
quick-multipivot-2,1024,263,1370,78759,0.017394837415406494,200
quick-multipivot-2,1024,264,1367,17508,0.07807859264336303,200
quick-multipivot-2,1024,265,1353,67910,0.019923428066558682,200
quick-multipivot-2,1024,266,1350,22584,0.05977683315621679,200
quick-multipivot-2,1024,267,1346,16228,0.08294306137540054,200
quick-multipivot-2,1024,268,1338,46895,0.028531826420727158,200
quick-multipivot-2,1024,269,1330,43304,0.030713098097173472,200
quick-multipivot-2,1024,270,1323,42408,0.031196943972835314,200
quick-multipivot-2,1024,271,1319,26157,0.05042627212600834,200
quick-multipivot-2,1024,272,1317,14704,0.08956746463547334,200
quick-multipivot-2,1024,273,1315,14457,0.09095939683198451,200
quick-multipivot-2,1024,274,1312,22260,0.05893980233602875,200
quick-multipivot-2,1024,275,1306,28830,0.045300034686090875,200
quick-multipivot-2,1024,276,1301,26517,0.04906286533167402,200
quick-multipivot-2,1024,277,1296,21936,0.05908096280087528,200
quick-multipivot-2,1024,278,1293,20162,0.06413054260490031,200
quick-multipivot-2,1024,279,1292,11056,0.11685962373371925,200
quick-multipivot-2,1024,280,1288,21811,0.059052771537297696,200
quick-multipivot-2,1024,281,1285,17852,0.0719807304503697,200
quick-multipivot-2,1024,282,1278,38723,0.03300364124680422,200
quick-multipivot-2,1024,283,1276,9817,0.12997860853621268,200
quick-multipivot-2,1024,284,1269,44070,0.028795098706603132,200
quick-multipivot-2,1024,285,1268,11970,0.10593149540517961,200
quick-multipivot-2,1024,286,1264,25005,0.0505498900219956,200
quick-multipivot-2,1024,287,1258,36294,0.03466137653606657,200
quick-multipivot-2,1024,288,1253,27235,0.046006976317238844,200
quick-multipivot-2,1024,289,1247,34936,0.03569384016487291,200
quick-multipivot-2,1024,290,1240,51690,0.023989166183014124,200
quick-multipivot-2,1024,291,1238,10178,0.12163489880133621,200
quick-multipivot-2,1024,292,1233,27537,0.04477611940298507,200
quick-multipivot-2,1024,293,1231,13815,0.08910604415490408,200
quick-multipivot-2,1024,294,1227,22137,0.0554275647106654,200
quick-multipivot-2,1024,295,1222,23965,0.05099102858335072,200
quick-multipivot-2,1024,296,1216,41266,0.029467358115639993,200
quick-multipivot-2,1024,297,1209,41118,0.029403181088574346,200
quick-multipivot-2,1024,298,1203,36523,0.03293814856391863,200
quick-multipivot-2,1024,299,1197,36179,0.0330854915835153,200
quick-multipivot-2,1024,300,1192,27025,0.04410730804810361,200
quick-multipivot-2,1024,301,1188,22632,0.05249204665959703,200
quick-multipivot-2,1024,302,1185,11937,0.09927117366172405,200
quick-multipivot-2,1024,303,1180,31534,0.03741992769708886,200
quick-multipivot-2,1024,304,1172,54766,0.021400138772230945,200
quick-multipivot-2,1024,305,1168,17756,0.06578058121198468,200
quick-multipivot-2,1024,306,1159,48663,0.023816862914329162,200
quick-multipivot-2,1024,307,1155,13294,0.08688129983451182,200
quick-multipivot-2,1024,308,1155,2280,0.506578947368421,200
quick-multipivot-2,1024,309,1151,21689,0.053068375674304946,200
quick-multipivot-2,1024,310,1150,5337,0.21547685965898444,200
quick-multipivot-2,1024,311,1148,15129,0.07588075880758807,200
quick-multipivot-2,1024,312,1144,18210,0.0628226249313564,200
quick-multipivot-2,1024,313,1141,20757,0.054969407910584384,200
quick-multipivot-2,1024,314,1135,33569,0.03381095653728142,200
quick-multipivot-2,1024,315,1131,21276,0.05315848843767625,200
quick-multipivot-2,1024,316,1125,31518,0.0356938892061679,200
quick-multipivot-2,1024,317,1118,46607,0.0239878129894651,200
quick-multipivot-2,1024,318,1114,19288,0.0577561177934467,200
quick-multipivot-2,1024,319,1113,10031,0.11095603628750872,200
quick-multipivot-2,1024,320,1107,41007,0.02699539103079962,200
quick-multipivot-2,1024,321,1105,8076,0.13682516097077763,200
quick-multipivot-2,1024,322,1103,9971,0.1106208003209307,200
quick-multipivot-2,1024,323,1098,25777,0.04259611281374869,200
quick-multipivot-2,1024,324,1094,14216,0.07695554305008441,200
quick-multipivot-2,1024,325,1093,5502,0.19865503453289712,200
quick-multipivot-2,1024,326,1091,11491,0.09494386911495953,200
quick-multipivot-2,1024,327,1088,16429,0.06622435936453831,200
quick-multipivot-2,1024,328,1084,19104,0.05674204355108878,200
quick-multipivot-2,1024,329,1078,39571,0.027242172297894923,200
quick-multipivot-2,1024,330,1073,29904,0.03588148742643125,200
quick-multipivot-2,1024,331,1070,21188,0.050500283179158015,200
quick-multipivot-2,1024,332,1066,31882,0.03343579449218995,200
quick-multipivot-2,1024,333,1064,13831,0.07692863856554118,200
quick-multipivot-2,1024,334,1061,23011,0.04610838294728608,200
quick-multipivot-2,1024,335,1060,7538,0.14062085433802068,200
quick-multipivot-2,1024,336,1058,12781,0.08277912526406385,200
quick-multipivot-2,1024,337,1054,24326,0.04332812628463373,200
quick-multipivot-2,1024,338,1049,27265,0.03847423436640381,200
quick-multipivot-2,1024,339,1043,29239,0.03567153459420637,200
quick-multipivot-2,1024,340,1038,31840,0.032600502512562815,200
quick-multipivot-2,1024,341,1033,33047,0.03125851060610645,200
quick-multipivot-2,1024,342,1025,35511,0.028864295570386642,200
quick-multipivot-2,1024,343,1022,16150,0.06328173374613003,200
quick-multipivot-2,1024,344,1017,25974,0.039154539154539154,200
quick-multipivot-2,1024,345,1017,2003,0.507738392411383,200
quick-multipivot-2,1024,346,1013,30935,0.03274608049135284,200
quick-multipivot-2,1024,347,1009,29302,0.034434509589789095,200
quick-multipivot-2,1024,348,1002,39676,0.025254561951809657,200
quick-multipivot-2,1024,349,999,19086,0.05234203080792204,200
quick-multipivot-2,1024,350,997,19017,0.0524267760424883,200
quick-multipivot-2,1024,351,994,18069,0.055011345398195806,200
quick-multipivot-2,1024,352,987,39090,0.025249424405218726,200
quick-multipivot-2,1024,353,985,18215,0.054076310732912435,200
quick-multipivot-2,1024,354,982,29125,0.03371673819742489,200
quick-multipivot-2,1024,355,976,40714,0.023972098049810875,200
quick-multipivot-2,1024,356,976,1903,0.512874408828166,200
quick-multipivot-2,1024,357,972,31176,0.03117782909930716,200
quick-multipivot-2,1024,358,970,13185,0.07356844899507016,200
quick-multipivot-2,1024,359,969,6889,0.1406590216286834,200
quick-multipivot-2,1024,360,965,28456,0.03391200449817262,200
quick-multipivot-2,1024,361,960,30547,0.03142698137296625,200
quick-multipivot-2,1024,362,956,21328,0.04482370592648162,200
quick-multipivot-2,1024,363,953,15719,0.060627266365544885,200
quick-multipivot-2,1024,364,951,18565,0.05122542418529491,200
quick-multipivot-2,1024,365,951,1856,0.5123922413793104,200
quick-multipivot-2,1024,366,949,16179,0.05865628283577477,200
quick-multipivot-2,1024,367,946,22739,0.041602533092924054,200
quick-multipivot-2,1024,368,944,11954,0.07896938263342815,200
quick-multipivot-2,1024,369,940,28713,0.03273778427889806,200
quick-multipivot-2,1024,370,935,22547,0.04146893156517497,200
quick-multipivot-2,1024,371,934,7400,0.1262162162162162,200
quick-multipivot-2,1024,372,932,14235,0.06547242711626274,200
quick-multipivot-2,1024,373,926,35954,0.025755131556989486,200
quick-multipivot-2,1024,374,924,19083,0.048420059739034745,200
quick-multipivot-2,1024,375,924,1785,0.5176470588235295,200
quick-multipivot-2,1024,376,921,16336,0.05637855044074437,200
quick-multipivot-2,1024,377,920,10992,0.08369723435225619,200
quick-multipivot-2,1024,378,918,14723,0.062351422943693544,200
quick-multipivot-2,1024,379,913,39739,0.022974911296207757,200
quick-multipivot-2,1024,380,911,17129,0.05318465759822523,200
quick-multipivot-2,1024,381,908,16322,0.05563043744639137,200
quick-multipivot-2,1024,382,906,17159,0.052800279736581385,200
quick-multipivot-2,1024,383,903,20957,0.04308822827694803,200
quick-multipivot-2,1024,384,902,5772,0.15627165627165626,200
quick-multipivot-2,1024,385,900,12847,0.0700552658208142,200
quick-multipivot-2,1024,386,898,15705,0.057179242279528815,200
quick-multipivot-2,1024,387,896,10352,0.0865533230293663,200
quick-multipivot-2,1024,388,893,20511,0.043537613963239234,200
quick-multipivot-2,1024,389,886,59813,0.01481283333054687,200
quick-multipivot-2,1024,390,884,19448,0.045454545454545456,200
quick-multipivot-2,1024,391,879,28566,0.030770846460827558,200
quick-multipivot-2,1024,392,873,36548,0.02388639597241983,200
quick-multipivot-2,1024,393,871,16962,0.05135007664190543,200
quick-multipivot-2,1024,394,867,30428,0.028493492835546207,200
quick-multipivot-2,1024,395,864,12150,0.07111111111111111,200
quick-multipivot-2,1024,396,863,10315,0.083664566165778,200
quick-multipivot-2,1024,397,861,13215,0.06515323496027242,200
quick-multipivot-2,1024,398,858,20120,0.0426441351888668,200
quick-multipivot-2,1024,399,856,10098,0.08476926123984947,200
quick-multipivot-2,1024,400,853,19495,0.04375480892536548,200
quick-multipivot-2,1024,401,850,20336,0.04179779701022817,200
quick-multipivot-2,1024,402,848,12872,0.06587942821628341,200
quick-multipivot-2,1024,403,845,17677,0.0478022288849918,200
quick-multipivot-2,1024,404,838,42157,0.019878074815570367,200
quick-multipivot-2,1024,405,835,19733,0.04231490396797243,200
quick-multipivot-2,1024,406,831,18713,0.044407631058622346,200
quick-multipivot-2,1024,407,827,31908,0.02591826501190924,200
quick-multipivot-2,1024,408,825,14207,0.05806996550995988,200
quick-multipivot-2,1024,409,824,8937,0.09220096229159673,200
quick-multipivot-2,1024,410,824,1595,0.516614420062696,200
quick-multipivot-2,1024,411,824,1563,0.527191298784389,200
quick-multipivot-2,1024,412,816,51300,0.01590643274853801,200
quick-multipivot-2,1024,413,814,13243,0.06146643509778751,200
quick-multipivot-2,1024,414,814,1550,0.5251612903225806,200
quick-multipivot-2,1024,415,812,12249,0.06629112580618826,200
quick-multipivot-2,1024,416,811,6447,0.12579494338451994,200
quick-multipivot-2,1024,417,808,18122,0.04458669021079351,200
quick-multipivot-2,1024,418,802,33731,0.023776348166375146,200
quick-multipivot-2,1024,419,800,10619,0.07533666070251437,200
quick-multipivot-2,1024,420,799,9608,0.08315986677768526,200
quick-multipivot-2,1024,421,798,7299,0.10933004521167283,200
quick-multipivot-2,1024,422,795,18356,0.04331008934408368,200
quick-multipivot-2,1024,423,789,36605,0.021554432454582707,200
quick-multipivot-2,1024,424,786,17576,0.044720072826581705,200
quick-multipivot-2,1024,425,784,14525,0.05397590361445783,200
quick-multipivot-2,1024,426,782,17835,0.04384636949817774,200
quick-multipivot-2,1024,427,779,26174,0.02976235959348972,200
quick-multipivot-2,1024,428,774,36231,0.021362921255278628,200
quick-multipivot-2,1024,429,771,22849,0.03374327104030811,200
quick-multipivot-2,1024,430,770,6768,0.11377068557919622,200
quick-multipivot-2,1024,431,769,9122,0.08430168822626617,200
quick-multipivot-2,1024,432,768,7639,0.10053671946589868,200
quick-multipivot-2,1024,433,768,1496,0.5133689839572193,200
quick-multipivot-2,1024,434,766,14185,0.054000704970038775,200
quick-multipivot-2,1024,435,762,22720,0.033538732394366194,200
quick-multipivot-2,1024,436,757,35804,0.02114288906267456,200
quick-multipivot-2,1024,437,755,12242,0.06167292925992485,200
quick-multipivot-2,1024,438,755,1453,0.5196145905024088,200
quick-multipivot-2,1024,439,755,1455,0.5189003436426117,200
quick-multipivot-2,1024,440,754,8738,0.08628976882581826,200
quick-multipivot-2,1024,441,750,21920,0.034215328467153285,200
quick-multipivot-2,1024,442,747,18688,0.03997217465753425,200
quick-multipivot-2,1024,443,745,13655,0.05455876968143537,200
quick-multipivot-2,1024,444,742,23712,0.03129217273954116,200
quick-multipivot-2,1024,445,741,4837,0.15319412859210255,200
quick-multipivot-2,1024,446,740,9211,0.08033872543697752,200
quick-multipivot-2,1024,447,740,1427,0.5185704274702172,200
quick-multipivot-2,1024,448,739,8076,0.09150569588905398,200
quick-multipivot-2,1024,449,739,1399,0.5282344531808435,200
quick-multipivot-2,1024,450,732,47053,0.015556925169489724,200
quick-multipivot-2,1024,451,730,18842,0.038743233202420124,200
quick-multipivot-2,1024,452,726,31951,0.022722293511940158,200
quick-multipivot-2,1024,453,723,21550,0.03354988399071926,200
quick-multipivot-2,1024,454,720,16319,0.04412035051167351,200
quick-multipivot-2,1024,455,717,15416,0.04651011935651271,200
quick-multipivot-2,1024,456,715,12890,0.05546935608999224,200
quick-multipivot-2,1024,457,712,17561,0.04054438813279426,200
quick-multipivot-2,1024,458,711,11024,0.06449564586357039,200
quick-multipivot-2,1024,459,710,5499,0.12911438443353337,200
quick-multipivot-2,1024,460,708,17388,0.04071773636991028,200
quick-multipivot-2,1024,461,707,4647,0.15214116634387778,200
quick-multipivot-2,1024,462,706,8169,0.08642428693842576,200
quick-multipivot-2,1024,463,704,15279,0.04607631389488841,200
quick-multipivot-2,1024,464,701,23091,0.030358148196266945,200
quick-multipivot-2,1024,465,697,20965,0.03324588600047699,200
quick-multipivot-2,1024,466,696,4727,0.147239263803681,200
quick-multipivot-2,1024,467,693,18128,0.03822815533980582,200
quick-multipivot-2,1024,468,690,20734,0.03327867271148838,200
quick-multipivot-2,1024,469,688,9571,0.07188381569324,200
quick-multipivot-2,1024,470,686,17435,0.039346142816174365,200
quick-multipivot-2,1024,471,683,24525,0.027849133537206933,200
quick-multipivot-2,1024,472,678,40812,0.016612760952660982,200
quick-multipivot-2,1024,473,676,17517,0.03859108294799338,200
quick-multipivot-2,1024,474,671,35540,0.01888013505908835,200
quick-multipivot-2,1024,475,670,7008,0.09560502283105023,200
quick-multipivot-2,1024,476,670,1273,0.5263157894736842,200
quick-multipivot-2,1024,477,670,1270,0.5275590551181102,200
quick-multipivot-2,1024,478,668,15754,0.04240192966865558,200
quick-multipivot-2,1024,479,667,4841,0.1377814501136129,200
quick-multipivot-2,1024,480,667,1250,0.5336,200
quick-multipivot-2,1024,481,664,24544,0.027053455019556714,200
quick-multipivot-2,1024,482,662,16202,0.04085915319096408,200
quick-multipivot-2,1024,483,660,13854,0.04763967085318319,200
quick-multipivot-2,1024,484,660,1267,0.5209155485398579,200
quick-multipivot-2,1024,485,657,18094,0.03631037913120371,200
quick-multipivot-2,1024,486,657,1242,0.5289855072463768,200
quick-multipivot-2,1024,487,654,20123,0.03250012423594891,200
quick-multipivot-2,1024,488,652,20183,0.03230441460635188,200
quick-multipivot-2,1024,489,651,7378,0.08823529411764706,200
quick-multipivot-2,1024,490,651,1276,0.5101880877742947,200
quick-multipivot-2,1024,491,646,31733,0.020357356694923265,200
quick-multipivot-2,1024,492,643,25212,0.025503728383309537,200
quick-multipivot-2,1024,493,643,1246,0.5160513643659711,200
quick-multipivot-2,1024,494,640,20657,0.03098223362540543,200
quick-multipivot-2,1024,495,639,7455,0.08571428571428572,200
quick-multipivot-2,1024,496,637,15903,0.04005533547129472,200
quick-multipivot-2,1024,497,635,13985,0.045405791919914194,200
quick-multipivot-2,1024,498,633,15330,0.04129158512720157,200
quick-multipivot-2,1024,499,630,28295,0.022265417918360134,200
quick-multipivot-2,1024,500,630,1179,0.5343511450381679,200
quick-multipivot-2,1024,501,629,6222,0.10109289617486339,200
quick-multipivot-2,1024,502,626,16967,0.036895149407673716,200
quick-multipivot-2,1024,503,625,10771,0.05802618141305357,200
quick-multipivot-2,1024,504,624,10532,0.059248006076718575,200
quick-multipivot-2,1024,505,622,18649,0.03335299479864872,200
quick-multipivot-2,1024,506,620,15085,0.041100430891614186,200
quick-multipivot-2,1024,507,617,16648,0.037061508889956754,200
quick-multipivot-2,1024,508,616,10308,0.05975941016686069,200
quick-multipivot-2,1024,509,615,7491,0.08209851822186624,200
quick-multipivot-2,1024,510,615,1165,0.5278969957081545,200
quick-multipivot-2,1024,511,615,1159,0.5306298533218292,200
quick-multipivot-2,1024,512,613,11782,0.052028518078424714,200
quick-multipivot-2,1024,513,612,7945,0.07702957835116425,200
quick-multipivot-2,1024,514,609,20556,0.029626386456509047,200
quick-multipivot-2,1024,515,607,13394,0.04531879946244587,200
quick-multipivot-2,1024,516,606,10854,0.05583195135433942,200
quick-multipivot-2,1024,517,606,1130,0.536283185840708,200
quick-multipivot-2,1024,518,605,9967,0.06070031102638708,200
quick-multipivot-2,1024,519,602,17368,0.034661446338093045,200
quick-multipivot-2,1024,520,600,14770,0.040622884224779957,200
quick-multipivot-2,1024,521,599,10723,0.05586123286393733,200
quick-multipivot-2,1024,522,597,13228,0.045131539159358934,200
quick-multipivot-2,1024,523,595,13837,0.043000650430006504,200
quick-multipivot-2,1024,524,592,19092,0.031007751937984496,200
quick-multipivot-2,1024,525,590,14343,0.04113504845569267,200
quick-multipivot-2,1024,526,588,15064,0.03903345724907063,200
quick-multipivot-2,1024,527,586,12153,0.0482185468608574,200
quick-multipivot-2,1024,528,586,1123,0.5218165627782725,200
quick-multipivot-2,1024,529,586,1101,0.5322434150772025,200
quick-multipivot-2,1024,530,585,6522,0.08969641214351426,200
quick-multipivot-2,1024,531,585,1099,0.532302092811647,200
quick-multipivot-2,1024,532,584,10164,0.05745769382133018,200
quick-multipivot-2,1024,533,584,1109,0.5266005410279531,200
quick-multipivot-2,1024,534,584,1107,0.5275519421860885,200
quick-multipivot-2,1024,535,580,26322,0.02203479978725021,200
quick-multipivot-2,1024,536,578,10002,0.057788442311537694,200
quick-multipivot-2,1024,537,578,1085,0.5327188940092166,200
quick-multipivot-2,1024,538,577,10467,0.05512563294162606,200
quick-multipivot-2,1024,539,577,1088,0.5303308823529411,200
quick-multipivot-2,1024,540,573,25402,0.022557278954413038,200
quick-multipivot-2,1024,541,573,1094,0.5237659963436929,200
quick-multipivot-2,1024,542,568,32974,0.01722569297021896,200
quick-multipivot-2,1024,543,567,6535,0.08676358071920429,200
quick-multipivot-2,1024,544,566,9967,0.056787398414768736,200
quick-multipivot-2,1024,545,563,19457,0.02893560158297785,200
quick-multipivot-2,1024,546,560,21139,0.026491319362316097,200
quick-multipivot-2,1024,547,559,9490,0.0589041095890411,200
quick-multipivot-2,1024,548,558,8684,0.06425610317825886,200
quick-multipivot-2,1024,549,557,5815,0.09578675838349097,200
quick-multipivot-2,1024,550,556,7881,0.07054942266209872,200
quick-multipivot-2,1024,551,553,15616,0.0354123975409836,200
quick-multipivot-2,1024,552,552,5344,0.10329341317365269,200
quick-multipivot-2,1024,553,548,24437,0.02242501125342718,200
quick-multipivot-2,1024,554,546,16605,0.03288166214995483,200
quick-multipivot-2,1024,555,546,1025,0.5326829268292683,200
quick-multipivot-2,1024,556,543,22106,0.024563466932054644,200
quick-multipivot-2,1024,557,542,9995,0.05422711355677839,200
quick-multipivot-2,1024,558,540,18137,0.02977339140982522,200
quick-multipivot-2,1024,559,540,1020,0.5294117647058824,200
quick-multipivot-2,1024,560,540,1011,0.5341246290801187,200
quick-multipivot-2,1024,561,538,18297,0.029403727387003333,200
quick-multipivot-2,1024,562,536,20024,0.026767878545745107,200
quick-multipivot-2,1024,563,534,14761,0.03617641081227559,200
quick-multipivot-2,1024,564,532,20018,0.026576081526626036,200
quick-multipivot-2,1024,565,530,13178,0.04021854606161785,200
quick-multipivot-2,1024,566,528,18189,0.029028533729176974,200
quick-multipivot-2,1024,567,525,25449,0.020629494282683014,200
quick-multipivot-2,1024,568,524,9623,0.05445287332432713,200
quick-multipivot-2,1024,569,521,21230,0.024540744229863402,200
quick-multipivot-2,1024,570,520,8756,0.05938784833257195,200
quick-multipivot-2,1024,571,516,25453,0.020272659411464267,200
quick-multipivot-2,1024,572,514,14284,0.03598431811817418,200
quick-multipivot-2,1024,573,513,6042,0.08490566037735849,200
quick-multipivot-2,1024,574,513,950,0.54,200
quick-multipivot-2,1024,575,512,8798,0.05819504432825642,200
quick-multipivot-2,1024,576,512,953,0.5372507869884575,200
quick-multipivot-2,1024,577,511,8118,0.06294653855629466,200
quick-multipivot-2,1024,578,511,952,0.5367647058823529,200
quick-multipivot-2,1024,579,509,12656,0.0402180783817952,200
quick-multipivot-2,1024,580,508,8391,0.060541055893218926,200
quick-multipivot-2,1024,581,507,9287,0.054592441046624314,200
quick-multipivot-2,1024,582,507,950,0.5336842105263158,200
quick-multipivot-2,1024,583,507,947,0.5353748680042238,200
quick-multipivot-2,1024,584,505,15493,0.032595365649002776,200
quick-multipivot-2,1024,585,504,6586,0.07652596416641361,200
quick-multipivot-2,1024,586,501,17338,0.028896066443649785,200
quick-multipivot-2,1024,587,500,5553,0.09004141905276428,200
quick-multipivot-2,1024,588,497,27889,0.017820646132883932,200
quick-multipivot-2,1024,589,495,15387,0.03217001364788458,200
quick-multipivot-2,1024,590,495,915,0.5409836065573771,200
quick-multipivot-2,1024,591,495,918,0.5392156862745098,200
quick-multipivot-2,1024,592,494,9180,0.05381263616557734,200
quick-multipivot-2,1024,593,494,907,0.5446527012127894,200
quick-multipivot-2,1024,594,493,10186,0.04839976438248576,200
quick-multipivot-2,1024,595,493,944,0.5222457627118644,200
quick-multipivot-2,1024,596,493,933,0.5284030010718114,200
quick-multipivot-2,1024,597,492,9061,0.05429864253393665,200
quick-multipivot-2,1024,598,490,14446,0.03391942406202409,200
quick-multipivot-2,1024,599,489,9985,0.04897346019028543,200
quick-multipivot-2,1024,600,488,10208,0.04780564263322884,200
quick-multipivot-2,1024,601,488,923,0.5287107258938245,200
quick-multipivot-2,1024,602,488,904,0.5398230088495575,200
quick-multipivot-2,1024,603,488,913,0.5345016429353778,200
quick-multipivot-2,1024,604,485,23569,0.020577877720734862,200
quick-multipivot-2,1024,605,483,19527,0.024734982332155476,200
quick-multipivot-2,1024,606,481,14060,0.034210526315789476,200
quick-multipivot-2,1024,607,481,893,0.5386338185890257,200
quick-multipivot-2,1024,608,480,6852,0.07005253940455342,200
quick-multipivot-2,1024,609,477,21226,0.02247243946103835,200
quick-multipivot-2,1024,610,476,7317,0.06505398387317206,200
quick-multipivot-2,1024,611,475,7529,0.0630893877008899,200
quick-multipivot-2,1024,612,475,897,0.5295429208472687,200
quick-multipivot-2,1024,613,475,885,0.536723163841808,200
quick-multipivot-2,1024,614,475,894,0.5313199105145414,200
quick-multipivot-2,1024,615,474,8866,0.05346266636589217,200
quick-multipivot-2,1024,616,472,14497,0.032558460371111264,200
quick-multipivot-2,1024,617,472,894,0.5279642058165548,200
quick-multipivot-2,1024,618,472,875,0.5394285714285715,200
quick-multipivot-2,1024,619,470,11975,0.03924843423799582,200
quick-multipivot-2,1024,620,470,864,0.5439814814814815,200
quick-multipivot-2,1024,621,468,15099,0.03099543016093781,200
quick-multipivot-2,1024,622,468,892,0.5246636771300448,200
quick-multipivot-2,1024,623,465,18830,0.024694636218799786,200
quick-multipivot-2,1024,624,464,10064,0.046104928457869634,200
quick-multipivot-2,1024,625,464,872,0.5321100917431193,200
quick-multipivot-2,1024,626,464,874,0.5308924485125858,200
quick-multipivot-2,1024,627,461,19910,0.023154193872425916,200
quick-multipivot-2,1024,628,459,20935,0.021925005970862194,200
quick-multipivot-2,1024,629,458,9330,0.04908896034297964,200
quick-multipivot-2,1024,630,458,853,0.536928487690504,200
quick-multipivot-2,1024,631,456,16045,0.028420068557182925,200
quick-multipivot-2,1024,632,454,15946,0.028471089928508716,200
quick-multipivot-2,1024,633,453,6093,0.07434761201378631,200
quick-multipivot-2,1024,634,449,29736,0.015099542641915523,200
quick-multipivot-2,1024,635,448,7815,0.05732565579014715,200
quick-multipivot-2,1024,636,448,836,0.5358851674641149,200
quick-multipivot-2,1024,637,447,8071,0.05538347168876224,200
quick-multipivot-2,1024,638,445,18261,0.02436887355566508,200
quick-multipivot-2,1024,639,444,7464,0.0594855305466238,200
quick-multipivot-2,1024,640,442,14901,0.02966243876249916,200
quick-multipivot-2,1024,641,442,827,0.5344619105199516,200
quick-multipivot-2,1024,642,441,10496,0.042016006097560975,200
quick-multipivot-2,1024,643,440,7298,0.06029049054535489,200
quick-multipivot-2,1024,644,438,15743,0.027821889093565394,200
quick-multipivot-2,1024,645,437,8825,0.049518413597733714,200
quick-multipivot-2,1024,646,437,812,0.5381773399014779,200
quick-multipivot-2,1024,647,437,824,0.5303398058252428,200
quick-multipivot-2,1024,648,436,10058,0.0433485782461722,200
quick-multipivot-2,1024,649,436,806,0.5409429280397022,200
quick-multipivot-2,1024,650,434,15167,0.02861475571965451,200
quick-multipivot-2,1024,651,433,6440,0.0672360248447205,200
quick-multipivot-2,1024,652,429,33126,0.012950552436152871,200
quick-multipivot-2,1024,653,429,801,0.5355805243445693,200
quick-multipivot-2,1024,654,427,16728,0.025526064084170255,200
quick-multipivot-2,1024,655,427,778,0.5488431876606684,200
quick-multipivot-2,1024,656,426,7461,0.057096903900281465,200
quick-multipivot-2,1024,657,425,9415,0.04514073287307488,200
quick-multipivot-2,1024,658,423,16891,0.02504292226629566,200
quick-multipivot-2,1024,659,423,802,0.527431421446384,200
quick-multipivot-2,1024,660,423,786,0.5381679389312977,200
quick-multipivot-2,1024,661,421,18996,0.022162560539060856,200
quick-multipivot-2,1024,662,420,7582,0.05539435505143762,200
quick-multipivot-2,1024,663,419,9211,0.0454890891325589,200
quick-multipivot-2,1024,664,418,6391,0.06540447504302926,200
quick-multipivot-2,1024,665,417,7237,0.057620561005941685,200
quick-multipivot-2,1024,666,417,770,0.5415584415584416,200
quick-multipivot-2,1024,667,417,773,0.5394566623544631,200
quick-multipivot-2,1024,668,416,9652,0.04309987567343556,200
quick-multipivot-2,1024,669,416,773,0.538163001293661,200
quick-multipivot-2,1024,670,415,8676,0.04783310281235592,200
quick-multipivot-2,1024,671,413,18106,0.022810118192864243,200
quick-multipivot-2,1024,672,413,787,0.5247776365946633,200
quick-multipivot-2,1024,673,412,9262,0.0444828330814079,200
quick-multipivot-2,1024,674,409,26110,0.0156644963615473,200
quick-multipivot-2,1024,675,408,6836,0.05968402574605032,200
quick-multipivot-2,1024,676,407,7236,0.0562465450525152,200
quick-multipivot-2,1024,677,407,760,0.5355263157894737,200
quick-multipivot-2,1024,678,407,755,0.5390728476821192,200
quick-multipivot-2,1024,679,406,9706,0.0418297960024727,200
quick-multipivot-2,1024,680,405,7861,0.0515201628291566,200
quick-multipivot-2,1024,681,403,19323,0.020855974745122394,200
quick-multipivot-2,1024,682,403,737,0.5468113975576662,200
quick-multipivot-2,1024,683,400,23424,0.01707650273224044,200
quick-multipivot-2,1024,684,399,10403,0.0383543208689801,200
quick-multipivot-2,1024,685,395,30335,0.01302126256799077,200
quick-multipivot-2,1024,686,394,7910,0.04981036662452592,200
quick-multipivot-2,1024,687,393,9496,0.041385846672283066,200
quick-multipivot-2,1024,688,393,731,0.5376196990424077,200
quick-multipivot-2,1024,689,392,9417,0.041626845067431244,200
quick-multipivot-2,1024,690,390,17730,0.021996615905245348,200
quick-multipivot-2,1024,691,390,722,0.5401662049861495,200
quick-multipivot-2,1024,692,390,732,0.5327868852459017,200
quick-multipivot-2,1024,693,389,7029,0.05534215393370323,200
quick-multipivot-2,1024,694,389,723,0.5380359612724758,200
quick-multipivot-2,1024,695,389,713,0.5455820476858345,200
quick-multipivot-2,1024,696,385,32157,0.011972509873433467,200
quick-multipivot-2,1024,697,385,729,0.5281207133058985,200
quick-multipivot-2,1024,698,385,712,0.5407303370786517,200
quick-multipivot-2,1024,699,382,25022,0.015266565422428264,200
quick-multipivot-2,1024,700,382,719,0.5312934631432545,200
quick-multipivot-2,1024,701,382,709,0.538787023977433,200
quick-multipivot-2,1024,702,381,8728,0.04365261228230981,200
quick-multipivot-2,1024,703,381,693,0.5497835497835498,200
quick-multipivot-2,1024,704,380,8420,0.04513064133016627,200
quick-multipivot-2,1024,705,380,704,0.5397727272727273,200
quick-multipivot-2,1024,706,378,14014,0.026973026973026972,200
quick-multipivot-2,1024,707,376,16261,0.02312280917532747,200
quick-multipivot-2,1024,708,376,696,0.5402298850574713,200
quick-multipivot-2,1024,709,376,696,0.5402298850574713,200
quick-multipivot-2,1024,710,376,691,0.5441389290882779,200
quick-multipivot-2,1024,711,375,9867,0.03800547278808148,200
quick-multipivot-2,1024,712,373,16480,0.022633495145631066,200
quick-multipivot-2,1024,713,373,697,0.5351506456241033,200
quick-multipivot-2,1024,714,373,697,0.5351506456241033,200
quick-multipivot-2,1024,715,373,691,0.5397973950795948,200
quick-multipivot-2,1024,716,371,17813,0.020827485544265424,200
quick-multipivot-2,1024,717,371,700,0.53,200
quick-multipivot-2,1024,718,369,18546,0.019896473633128436,200
quick-multipivot-2,1024,719,367,17184,0.02135707635009311,200
quick-multipivot-2,1024,720,366,8690,0.04211737629459148,200
quick-multipivot-2,1024,721,366,682,0.5366568914956011,200
quick-multipivot-2,1024,722,365,8898,0.04102045403461452,200
quick-multipivot-2,1024,723,364,10222,0.03560946977108198,200
quick-multipivot-2,1024,724,361,22944,0.015733960948396096,200
quick-multipivot-2,1024,725,360,7811,0.04608884905901933,200
quick-multipivot-2,1024,726,360,649,0.5546995377503852,200
quick-multipivot-2,1024,727,359,8944,0.0401386404293381,200
quick-multipivot-2,1024,728,358,9350,0.03828877005347594,200
quick-multipivot-2,1024,729,357,7894,0.04522422092728655,200
quick-multipivot-2,1024,730,357,663,0.5384615384615384,200
quick-multipivot-2,1024,731,354,26513,0.013351940557462376,200
quick-multipivot-2,1024,732,354,666,0.5315315315315315,200
quick-multipivot-2,1024,733,354,655,0.5404580152671755,200
quick-multipivot-2,1024,734,354,657,0.5388127853881278,200
quick-multipivot-2,1024,735,352,18903,0.018621382849283184,200
quick-multipivot-2,1024,736,352,653,0.5390505359877489,200
quick-multipivot-2,1024,737,351,9329,0.03762461142673384,200
quick-multipivot-2,1024,738,351,648,0.5416666666666666,200
quick-multipivot-2,1024,739,350,6661,0.05254466296351899,200
quick-multipivot-2,1024,740,350,652,0.5368098159509203,200
quick-multipivot-2,1024,741,350,639,0.5477308294209703,200
quick-multipivot-2,1024,742,349,7622,0.0457885069535555,200
quick-multipivot-2,1024,743,349,629,0.5548489666136724,200
quick-multipivot-2,1024,744,349,623,0.5601926163723917,200
quick-multipivot-2,1024,745,349,658,0.5303951367781155,200
quick-multipivot-2,1024,746,348,9829,0.03540543290263506,200
quick-multipivot-2,1024,747,348,638,0.5454545454545454,200
quick-multipivot-2,1024,748,345,27228,0.012670780079330101,200
quick-multipivot-2,1024,749,345,638,0.5407523510971787,200
quick-multipivot-2,1024,750,345,641,0.5382215288611545,200
quick-multipivot-2,1024,751,343,16227,0.021137610155912985,200
quick-multipivot-2,1024,752,343,614,0.5586319218241043,200
quick-multipivot-2,1024,753,342,7906,0.04325828484695168,200
quick-multipivot-2,1024,754,342,632,0.5411392405063291,200
quick-multipivot-2,1024,755,341,7096,0.04805524239007892,200
quick-multipivot-2,1024,756,340,10681,0.031832225447055516,200
quick-multipivot-2,1024,757,340,636,0.5345911949685535,200
quick-multipivot-2,1024,758,339,9315,0.03639291465378422,200
quick-multipivot-2,1024,759,339,623,0.5441412520064205,200
quick-multipivot-2,1024,760,337,16747,0.020123007105750285,200
quick-multipivot-2,1024,761,335,20433,0.016395047227524103,200
quick-multipivot-2,1024,762,334,9813,0.03403648221746663,200
quick-multipivot-2,1024,763,333,10100,0.03297029702970297,200
quick-multipivot-2,1024,764,332,10074,0.03295612467738734,200
quick-multipivot-2,1024,765,332,615,0.5398373983739837,200
quick-multipivot-2,1024,766,332,604,0.5496688741721855,200
quick-multipivot-2,1024,767,332,606,0.5478547854785478,200
quick-multipivot-2,1024,768,332,609,0.5451559934318555,200
quick-multipivot-2,1024,769,332,621,0.534621578099839,200
quick-multipivot-2,1024,770,332,616,0.538961038961039,200
quick-multipivot-2,1024,771,331,9844,0.03362454286875254,200
quick-multipivot-2,1024,772,331,585,0.5658119658119658,200
quick-multipivot-2,1024,773,330,9463,0.034872661946528584,200
quick-multipivot-2,1024,774,330,607,0.5436573311367381,200
quick-multipivot-2,1024,775,330,604,0.5463576158940397,200
quick-multipivot-2,1024,776,330,606,0.5445544554455446,200
quick-multipivot-2,1024,777,330,589,0.5602716468590832,200
quick-multipivot-2,1024,778,330,611,0.5400981996726678,200
quick-multipivot-2,1024,779,329,10582,0.03109053109053109,200
quick-multipivot-2,1024,780,329,587,0.5604770017035775,200
quick-multipivot-2,1024,781,328,8183,0.04008309910790664,200
quick-multipivot-2,1024,782,327,8522,0.038371274348744426,200
quick-multipivot-2,1024,783,324,25325,0.012793682132280356,200
quick-multipivot-2,1024,784,324,591,0.5482233502538071,200
quick-multipivot-2,1024,785,324,597,0.542713567839196,200
quick-multipivot-2,1024,786,323,9765,0.03307731694828469,200
quick-multipivot-2,1024,787,323,580,0.5568965517241379,200
quick-multipivot-2,1024,788,323,589,0.5483870967741935,200
quick-multipivot-2,1024,789,322,9045,0.03559977888336097,200
quick-multipivot-2,1024,790,322,576,0.5590277777777778,200
quick-multipivot-2,1024,791,322,585,0.5504273504273505,200
quick-multipivot-2,1024,792,321,10467,0.030667813126970478,200
quick-multipivot-2,1024,793,320,10121,0.03161742910779567,200
quick-multipivot-2,1024,794,320,577,0.5545927209705372,200
quick-multipivot-2,1024,795,320,588,0.54421768707483,200
quick-multipivot-2,1024,796,320,587,0.545144804088586,200
quick-multipivot-2,1024,797,320,575,0.5565217391304348,200
quick-multipivot-2,1024,798,320,580,0.5517241379310345,200
quick-multipivot-2,1024,799,319,11071,0.02881401860717189,200
quick-multipivot-2,1024,800,319,568,0.5616197183098591,200
quick-multipivot-2,1024,801,319,579,0.5509499136442142,200
quick-multipivot-2,1024,802,317,19685,0.016103632207264414,200
quick-multipivot-2,1024,803,315,18619,0.016918201836833343,200
quick-multipivot-2,1024,804,314,9953,0.03154827690143675,200
quick-multipivot-2,1024,805,314,560,0.5607142857142857,200
quick-multipivot-2,1024,806,313,10273,0.030468217657938286,200
quick-multipivot-2,1024,807,313,566,0.5530035335689046,200
quick-multipivot-2,1024,808,312,11381,0.027414111238028293,200
quick-multipivot-2,1024,809,311,10103,0.030782935761654955,200
quick-multipivot-2,1024,810,310,9962,0.03111824934752058,200
quick-multipivot-2,1024,811,310,564,0.549645390070922,200
quick-multipivot-2,1024,812,310,564,0.549645390070922,200
quick-multipivot-2,1024,813,310,568,0.545774647887324,200
quick-multipivot-2,1024,814,310,571,0.542907180385289,200
quick-multipivot-2,1024,815,309,9366,0.03299167200512492,200
quick-multipivot-2,1024,816,309,554,0.5577617328519856,200
quick-multipivot-2,1024,817,308,9342,0.03296938557054164,200
quick-multipivot-2,1024,818,305,28568,0.010676281153738448,200
quick-multipivot-2,1024,819,304,9460,0.032135306553911204,200
quick-multipivot-2,1024,820,303,9748,0.031083299138284778,200
quick-multipivot-2,1024,821,303,537,0.5642458100558659,200
quick-multipivot-2,1024,822,303,561,0.5401069518716578,200
quick-multipivot-2,1024,823,303,539,0.562152133580705,200
quick-multipivot-2,1024,824,303,543,0.5580110497237569,200
quick-multipivot-2,1024,825,303,551,0.5499092558983666,200
quick-multipivot-2,1024,826,303,552,0.5489130434782609,200
quick-multipivot-2,1024,827,302,9556,0.031603181247383844,200
quick-multipivot-2,1024,828,301,9498,0.03169088229100863,200
quick-multipivot-2,1024,829,299,17786,0.016810974924097603,200
quick-multipivot-2,1024,830,298,8997,0.03312215182838724,200
quick-multipivot-2,1024,831,297,9582,0.030995616781465247,200
quick-multipivot-2,1024,832,296,8949,0.033076321376690136,200
quick-multipivot-2,1024,833,296,529,0.5595463137996219,200
quick-multipivot-2,1024,834,296,526,0.5627376425855514,200
quick-multipivot-2,1024,835,295,9994,0.029517710626375825,200
quick-multipivot-2,1024,836,294,7727,0.038048401708295584,200
quick-multipivot-2,1024,837,294,533,0.551594746716698,200
quick-multipivot-2,1024,838,294,520,0.5653846153846154,200
quick-multipivot-2,1024,839,294,527,0.5578747628083491,200
quick-multipivot-2,1024,840,292,19690,0.014829862874555611,200
quick-multipivot-2,1024,841,292,532,0.5488721804511278,200
quick-multipivot-2,1024,842,292,524,0.5572519083969466,200
quick-multipivot-2,1024,843,291,9603,0.030303030303030304,200
quick-multipivot-2,1024,844,291,522,0.5574712643678161,200
quick-multipivot-2,1024,845,291,524,0.5553435114503816,200
quick-multipivot-2,1024,846,290,8993,0.0322473034582453,200
quick-multipivot-2,1024,847,289,8592,0.03363594040968343,200
quick-multipivot-2,1024,848,287,19209,0.014940913113644646,200
quick-multipivot-2,1024,849,287,509,0.5638506876227898,200
quick-multipivot-2,1024,850,287,513,0.5594541910331384,200
quick-multipivot-2,1024,851,285,18674,0.015261861411588305,200
quick-multipivot-2,1024,852,285,508,0.5610236220472441,200
quick-multipivot-2,1024,853,285,521,0.5470249520153551,200
quick-multipivot-2,1024,854,285,524,0.5438931297709924,200
quick-multipivot-2,1024,855,284,9195,0.030886351277868408,200
quick-multipivot-2,1024,856,284,505,0.5623762376237624,200
quick-multipivot-2,1024,857,283,8965,0.03156720580033463,200
quick-multipivot-2,1024,858,283,505,0.5603960396039604,200
quick-multipivot-2,1024,859,282,10001,0.028197180281971802,200
quick-multipivot-2,1024,860,282,495,0.5696969696969697,200
quick-multipivot-2,1024,861,281,9633,0.029170559534932004,200
quick-multipivot-2,1024,862,281,496,0.5665322580645161,200
quick-multipivot-2,1024,863,281,508,0.5531496062992126,200
quick-multipivot-2,1024,864,280,9872,0.028363047001620744,200
quick-multipivot-2,1024,865,280,493,0.5679513184584178,200
quick-multipivot-2,1024,866,280,491,0.570264765784114,200
quick-multipivot-2,1024,867,279,9892,0.0282046097856854,200
quick-multipivot-2,1024,868,279,485,0.5752577319587628,200
quick-multipivot-2,1024,869,278,10351,0.026857308472611342,200
quick-multipivot-2,1024,870,278,500,0.556,200
quick-multipivot-2,1024,871,278,497,0.5593561368209256,200
quick-multipivot-2,1024,872,278,484,0.5743801652892562,200
quick-multipivot-2,1024,873,276,18170,0.015189873417721518,200
quick-multipivot-2,1024,874,276,487,0.5667351129363449,200
quick-multipivot-2,1024,875,275,10002,0.027494501099780043,200
quick-multipivot-2,1024,876,274,9184,0.029834494773519165,200
quick-multipivot-2,1024,877,272,18251,0.014903292970248205,200
quick-multipivot-2,1024,878,272,477,0.570230607966457,200
quick-multipivot-2,1024,879,272,488,0.5573770491803278,200
quick-multipivot-2,1024,880,272,475,0.5726315789473684,200
quick-multipivot-2,1024,881,269,29147,0.009229080179778365,200
quick-multipivot-2,1024,882,268,9915,0.027029752899647,200
quick-multipivot-2,1024,883,267,9123,0.029266688589279843,200
quick-multipivot-2,1024,884,265,19729,0.013432003649450049,200
quick-multipivot-2,1024,885,264,10208,0.02586206896551724,200
quick-multipivot-2,1024,886,264,458,0.5764192139737991,200
quick-multipivot-2,1024,887,264,473,0.5581395348837209,200
quick-multipivot-2,1024,888,263,11330,0.02321270962047661,200
quick-multipivot-2,1024,889,263,473,0.5560253699788583,200
quick-multipivot-2,1024,890,263,471,0.5583864118895966,200
quick-multipivot-2,1024,891,263,471,0.5583864118895966,200
quick-multipivot-2,1024,892,263,464,0.5668103448275862,200
quick-multipivot-2,1024,893,263,465,0.5655913978494623,200
quick-multipivot-2,1024,894,263,459,0.5729847494553377,200
quick-multipivot-2,1024,895,263,463,0.5680345572354212,200
quick-multipivot-2,1024,896,263,467,0.563169164882227,200
quick-multipivot-2,1024,897,263,473,0.5560253699788583,200
quick-multipivot-2,1024,898,261,17962,0.014530675871283821,200
quick-multipivot-2,1024,899,261,462,0.564935064935065,200
quick-multipivot-2,1024,900,261,473,0.5517970401691332,200
quick-multipivot-2,1024,901,260,10405,0.024987986544930323,200
quick-multipivot-2,1024,902,258,19128,0.013488080301129234,200
quick-multipivot-2,1024,903,258,456,0.5657894736842105,200
quick-multipivot-2,1024,904,257,9796,0.026235198040016332,200
quick-multipivot-2,1024,905,255,18738,0.013608709574127442,200
quick-multipivot-2,1024,906,255,450,0.5666666666666667,200
quick-multipivot-2,1024,907,254,10338,0.02456954923582898,200
quick-multipivot-2,1024,908,254,442,0.5746606334841629,200
quick-multipivot-2,1024,909,254,453,0.5607064017660044,200
quick-multipivot-2,1024,910,254,443,0.5733634311512416,200
quick-multipivot-2,1024,911,253,10111,0.02502225299179112,200
quick-multipivot-2,1024,912,252,9378,0.026871401151631478,200
quick-multipivot-2,1024,913,250,18267,0.013685881644495539,200
quick-multipivot-2,1024,914,247,28154,0.008773176102862826,200
quick-multipivot-2,1024,915,245,20093,0.012193301149654109,200
quick-multipivot-2,1024,916,245,429,0.5710955710955711,200
quick-multipivot-2,1024,917,245,426,0.5751173708920188,200
quick-multipivot-2,1024,918,244,11544,0.021136521136521137,200
quick-multipivot-2,1024,919,242,18744,0.012910798122065728,200
quick-multipivot-2,1024,920,242,426,0.568075117370892,200
quick-multipivot-2,1024,921,241,8897,0.027087782398561314,200
quick-multipivot-2,1024,922,241,425,0.5670588235294117,200
quick-multipivot-2,1024,923,241,427,0.5644028103044496,200
quick-multipivot-2,1024,924,241,420,0.5738095238095238,200
quick-multipivot-2,1024,925,239,17764,0.013454176987165053,200
quick-multipivot-2,1024,926,238,10239,0.02324445746654947,200
quick-multipivot-2,1024,927,238,415,0.5734939759036145,200
quick-multipivot-2,1024,928,238,415,0.5734939759036145,200
quick-multipivot-2,1024,929,238,417,0.5707434052757794,200
quick-multipivot-2,1024,930,238,424,0.5613207547169812,200
quick-multipivot-2,1024,931,238,405,0.5876543209876544,200
quick-multipivot-2,1024,932,238,415,0.5734939759036145,200
quick-multipivot-2,1024,933,236,20123,0.011727873577498386,200
quick-multipivot-2,1024,934,236,411,0.5742092457420924,200
quick-multipivot-2,1024,935,235,9743,0.024119880940162167,200
quick-multipivot-2,1024,936,233,21890,0.010644129739607126,200
quick-multipivot-2,1024,937,232,10279,0.022570288938612706,200
quick-multipivot-2,1024,938,231,10162,0.022731745719346587,200
quick-multipivot-2,1024,939,231,403,0.5732009925558312,200
quick-multipivot-2,1024,940,231,399,0.5789473684210527,200
quick-multipivot-2,1024,941,231,398,0.5804020100502513,200
quick-multipivot-2,1024,942,231,392,0.5892857142857143,200
quick-multipivot-2,1024,943,231,401,0.5760598503740648,200
quick-multipivot-2,1024,944,230,9919,0.02318782135295897,200
quick-multipivot-2,1024,945,229,8583,0.026680647792147266,200
quick-multipivot-2,1024,946,229,396,0.5782828282828283,200
quick-multipivot-2,1024,947,228,10280,0.02217898832684825,200
quick-multipivot-2,1024,948,228,397,0.5743073047858942,200
quick-multipivot-2,1024,949,228,397,0.5743073047858942,200
quick-multipivot-2,1024,950,228,395,0.5772151898734177,200
quick-multipivot-2,1024,951,228,387,0.5891472868217055,200
quick-multipivot-2,1024,952,227,10438,0.0217474611994635,200
quick-multipivot-2,1024,953,227,386,0.5880829015544041,200
quick-multipivot-2,1024,954,225,18935,0.011882756799577503,200
quick-multipivot-2,1024,955,225,388,0.5798969072164949,200
quick-multipivot-2,1024,956,225,381,0.5905511811023622,200
quick-multipivot-2,1024,957,225,391,0.5754475703324808,200
quick-multipivot-2,1024,958,224,10023,0.022348598224084606,200
quick-multipivot-2,1024,959,223,12186,0.018299688166748727,200
quick-multipivot-2,1024,960,222,11053,0.02008504478422148,200
quick-multipivot-2,1024,961,221,10071,0.02194419620693079,200
quick-multipivot-2,1024,962,221,382,0.5785340314136126,200
quick-multipivot-2,1024,963,221,375,0.5893333333333334,200
quick-multipivot-2,1024,964,221,376,0.5877659574468085,200
quick-multipivot-2,1024,965,221,383,0.577023498694517,200
quick-multipivot-2,1024,966,220,10123,0.021732687938358194,200
quick-multipivot-2,1024,967,218,20089,0.010851709890985117,200
quick-multipivot-2,1024,968,218,379,0.575197889182058,200
quick-multipivot-2,1024,969,218,382,0.5706806282722513,200
quick-multipivot-2,1024,970,218,366,0.5956284153005464,200
quick-multipivot-2,1024,971,218,385,0.5662337662337662,200
quick-multipivot-2,1024,972,218,376,0.5797872340425532,200
quick-multipivot-2,1024,973,218,373,0.5844504021447721,200
quick-multipivot-2,1024,974,218,376,0.5797872340425532,200
quick-multipivot-2,1024,975,218,372,0.5860215053763441,200
quick-multipivot-2,1024,976,218,383,0.5691906005221932,200
quick-multipivot-2,1024,977,218,374,0.5828877005347594,200
quick-multipivot-2,1024,978,218,381,0.5721784776902887,200
quick-multipivot-2,1024,979,218,380,0.5736842105263158,200
quick-multipivot-2,1024,980,218,387,0.5633074935400517,200
quick-multipivot-2,1024,981,218,371,0.5876010781671159,200
quick-multipivot-2,1024,982,218,368,0.592391304347826,200
quick-multipivot-2,1024,983,218,377,0.5782493368700266,200
quick-multipivot-2,1024,984,218,381,0.5721784776902887,200
quick-multipivot-2,1024,985,218,365,0.5972602739726027,200
quick-multipivot-2,1024,986,218,380,0.5736842105263158,200
quick-multipivot-2,1024,987,218,373,0.5844504021447721,200
quick-multipivot-2,1024,988,218,368,0.592391304347826,200
quick-multipivot-2,1024,989,217,10606,0.0204601169149538,200
quick-multipivot-2,1024,990,217,369,0.5880758807588076,200
quick-multipivot-2,1024,991,217,372,0.5833333333333334,200
quick-multipivot-2,1024,992,217,367,0.5912806539509536,200
quick-multipivot-2,1024,993,216,10644,0.020293122886133032,200
quick-multipivot-2,1024,994,216,370,0.5837837837837838,200
quick-multipivot-2,1024,995,216,375,0.576,200
quick-multipivot-2,1024,996,216,363,0.5950413223140496,200
quick-multipivot-2,1024,997,214,19339,0.011065722115931537,200
quick-multipivot-2,1024,998,214,363,0.5895316804407713,200
quick-multipivot-2,1024,999,214,367,0.5831062670299727,200
quick-multipivot-2,1024,1000,213,10295,0.020689655172413793,200
quick-multipivot-2,1024,1001,213,355,0.6,200
quick-multipivot-2,1024,1002,212,10951,0.019358962651812618,200
quick-multipivot-2,1024,1003,211,10355,0.02037662964751328,200
quick-multipivot-2,1024,1004,211,353,0.5977337110481586,200
quick-multipivot-2,1024,1005,211,356,0.5926966292134831,200
quick-multipivot-2,1024,1006,211,356,0.5926966292134831,200
quick-multipivot-2,1024,1007,211,372,0.5672043010752689,200
quick-multipivot-2,1024,1008,210,9629,0.02180911828850348,200
quick-multipivot-2,1024,1009,210,358,0.5865921787709497,200
quick-multipivot-2,1024,1010,209,9249,0.022597037517569467,200
quick-multipivot-2,1024,1011,208,10533,0.019747460362669705,200
quick-multipivot-2,1024,1012,208,349,0.5959885386819485,200
quick-multipivot-2,1024,1013,206,22672,0.009086097388849683,200
quick-multipivot-2,1024,1014,205,10143,0.0202109829439022,200
quick-multipivot-2,1024,1015,205,341,0.6011730205278593,200
quick-multipivot-2,1024,1016,205,351,0.584045584045584,200
quick-multipivot-2,1024,1017,203,21139,0.009603103268839586,200
quick-multipivot-2,1024,1018,202,9554,0.0211429767636592,200
quick-multipivot-2,1024,1019,202,342,0.5906432748538012,200
quick-multipivot-2,1024,1020,201,10126,0.019849891368753703,200
quick-multipivot-2,1024,1021,201,338,0.5946745562130178,200
quick-multipivot-2,1024,1022,200,9719,0.020578248791027882,200
quick-multipivot-2,1024,1023,0,1915848,0.0,200
quick-multipivot-4,128,0,25600,3811176,0.0067170867994550765,200
quick-multipivot-4,128,1,25600,26482,0.9666943584321426,200
quick-multipivot-4,128,2,25582,6524277,0.003921047496910386,200
quick-multipivot-4,128,3,25501,2436758,0.010465134412198504,200
quick-multipivot-4,128,4,25091,946570,0.02650728419451282,200
quick-multipivot-4,128,5,24071,1114947,0.021589367028208517,200
quick-multipivot-4,128,6,22080,735219,0.030031868055640565,200
quick-multipivot-4,128,7,19022,809782,0.023490272690674774,200
quick-multipivot-4,128,8,15391,885349,0.01738410502524993,200
quick-multipivot-4,128,9,11932,784396,0.015211704292219746,200
quick-multipivot-4,128,10,9103,647179,0.014065660350536713,200
quick-multipivot-4,128,11,7027,469438,0.014968962887537865,200
quick-multipivot-4,128,12,5698,304918,0.018686991256665727,200
quick-multipivot-4,128,13,4787,215915,0.022170761642312947,200
quick-multipivot-4,128,14,4168,149349,0.027907786459902644,200
quick-multipivot-4,128,15,3704,119245,0.031062099039792023,200
quick-multipivot-4,128,16,3297,105752,0.031176715333988955,200
quick-multipivot-4,128,17,2996,79146,0.03785409243676244,200
quick-multipivot-4,128,18,2791,59016,0.04729225972617595,200
quick-multipivot-4,128,19,2612,57614,0.045336203006213764,200
quick-multipivot-4,128,20,2432,51835,0.04691810552715347,200
quick-multipivot-4,128,21,2284,45441,0.05026297836755353,200
quick-multipivot-4,128,22,2155,38603,0.055824676838587675,200
quick-multipivot-4,128,23,2033,40078,0.05072608413593493,200
quick-multipivot-4,128,24,1918,37185,0.05157993814710233,200
quick-multipivot-4,128,25,1809,33338,0.054262403263543105,200
quick-multipivot-4,128,26,1730,27023,0.06401953891129779,200
quick-multipivot-4,128,27,1656,26690,0.06204571000374672,200
quick-multipivot-4,128,28,1584,25573,0.06194032768935987,200
quick-multipivot-4,128,29,1514,23077,0.06560644797850673,200
quick-multipivot-4,128,30,1476,15477,0.09536731924791626,200
quick-multipivot-4,128,31,1395,27113,0.051451333308744886,200
quick-multipivot-4,128,32,1342,19725,0.06803548795944234,200
quick-multipivot-4,128,33,1290,18890,0.06829010058231869,200
quick-multipivot-4,128,34,1251,15352,0.08148775403856175,200
quick-multipivot-4,128,35,1216,14711,0.08265923458636394,200
quick-multipivot-4,128,36,1161,20703,0.0560788291551949,200
quick-multipivot-4,128,37,1114,19998,0.0557055705570557,200
quick-multipivot-4,128,38,1082,14802,0.07309822996892312,200
quick-multipivot-4,128,39,1038,17290,0.0600347021399653,200
quick-multipivot-4,128,40,998,16389,0.06089450241015315,200
quick-multipivot-4,128,41,976,9511,0.10261802123856587,200
quick-multipivot-4,128,42,942,15514,0.060719350264277425,200
quick-multipivot-4,128,43,917,12544,0.07310267857142858,200
quick-multipivot-4,128,44,889,12487,0.07119404180347562,200
quick-multipivot-4,128,45,863,12491,0.0690897446161236,200
quick-multipivot-4,128,46,834,12113,0.06885164699083629,200
quick-multipivot-4,128,47,809,11492,0.07039679777236338,200
quick-multipivot-4,128,48,783,12099,0.06471609223902802,200
quick-multipivot-4,128,49,774,5891,0.13138686131386862,200
quick-multipivot-4,128,50,749,12135,0.06172229089410795,200
quick-multipivot-4,128,51,736,6732,0.10932857991681522,200
quick-multipivot-4,128,52,724,7241,0.09998618975279658,200
quick-multipivot-4,128,53,700,11418,0.06130670870555264,200
quick-multipivot-4,128,54,684,8285,0.08255884127942063,200
quick-multipivot-4,128,55,663,10658,0.0622067930193282,200
quick-multipivot-4,128,56,648,7631,0.08491678679072205,200
quick-multipivot-4,128,57,627,10853,0.05777204459596425,200
quick-multipivot-4,128,58,613,7648,0.08015167364016737,200
quick-multipivot-4,128,59,598,8917,0.06706291353594258,200
quick-multipivot-4,128,60,578,10351,0.05584001545744373,200
quick-multipivot-4,128,61,559,10164,0.05499803227075954,200
quick-multipivot-4,128,62,546,5844,0.09342915811088295,200
quick-multipivot-4,128,63,531,7706,0.06890734492603166,200
quick-multipivot-4,128,64,522,4933,0.10581796067301845,200
quick-multipivot-4,128,65,508,7118,0.07136836189940994,200
quick-multipivot-4,128,66,497,5677,0.08754623921085081,200
quick-multipivot-4,128,67,483,7555,0.06393117140966248,200
quick-multipivot-4,128,68,475,4731,0.10040160642570281,200
quick-multipivot-4,128,69,461,8373,0.05505792428042518,200
quick-multipivot-4,128,70,447,8201,0.05450554810388977,200
quick-multipivot-4,128,71,434,7370,0.05888738127544098,200
quick-multipivot-4,128,72,420,6833,0.06146641299575589,200
quick-multipivot-4,128,73,412,5522,0.0746106483158276,200
quick-multipivot-4,128,74,401,6276,0.06389420012746973,200
quick-multipivot-4,128,75,391,5959,0.06561503607987917,200
quick-multipivot-4,128,76,381,5487,0.06943685073810825,200
quick-multipivot-4,128,77,371,5893,0.06295604955031393,200
quick-multipivot-4,128,78,365,3797,0.09612852251777719,200
quick-multipivot-4,128,79,352,7550,0.04662251655629139,200
quick-multipivot-4,128,80,346,4149,0.0833935888165823,200
quick-multipivot-4,128,81,345,1466,0.23533424283765347,200
quick-multipivot-4,128,82,342,2582,0.13245546088303642,200
quick-multipivot-4,128,83,336,3902,0.08610968733982573,200
quick-multipivot-4,128,84,330,4188,0.07879656160458452,200
quick-multipivot-4,128,85,324,3753,0.08633093525179857,200
quick-multipivot-4,128,86,319,3280,0.09725609756097561,200
quick-multipivot-4,128,87,318,1358,0.2341678939617084,200
quick-multipivot-4,128,88,310,5200,0.05961538461538462,200
quick-multipivot-4,128,89,306,2872,0.10654596100278552,200
quick-multipivot-4,128,90,299,4170,0.07170263788968825,200
quick-multipivot-4,128,91,294,3262,0.09012875536480687,200
quick-multipivot-4,128,92,286,4854,0.05892047795632468,200
quick-multipivot-4,128,93,282,2941,0.09588575314518871,200
quick-multipivot-4,128,94,279,2395,0.11649269311064718,200
quick-multipivot-4,128,95,270,5449,0.04955037621581942,200
quick-multipivot-4,128,96,269,1180,0.22796610169491524,200
quick-multipivot-4,128,97,265,2803,0.09454156261148769,200
quick-multipivot-4,128,98,261,2791,0.0935148692225009,200
quick-multipivot-4,128,99,258,2308,0.11178509532062392,200
quick-multipivot-4,128,100,252,3921,0.06426931905126243,200
quick-multipivot-4,128,101,248,2799,0.0886030725259021,200
quick-multipivot-4,128,102,245,2206,0.11106074342701723,200
quick-multipivot-4,128,103,243,1634,0.14871481028151776,200
quick-multipivot-4,128,104,241,1804,0.13359201773835921,200
quick-multipivot-4,128,105,236,3226,0.0731556106633602,200
quick-multipivot-4,128,106,234,1649,0.14190418435415403,200
quick-multipivot-4,128,107,229,3433,0.06670550538887271,200
quick-multipivot-4,128,108,226,2105,0.10736342042755344,200
quick-multipivot-4,128,109,223,2159,0.1032885595182955,200
quick-multipivot-4,128,110,219,2784,0.07866379310344827,200
quick-multipivot-4,128,111,219,540,0.40555555555555556,200
quick-multipivot-4,128,112,217,1708,0.12704918032786885,200
quick-multipivot-4,128,113,216,1097,0.19690063810391978,200
quick-multipivot-4,128,114,213,2184,0.09752747252747253,200
quick-multipivot-4,128,115,213,507,0.42011834319526625,200
quick-multipivot-4,128,116,208,3185,0.0653061224489796,200
quick-multipivot-4,128,117,206,1593,0.1293157564344005,200
quick-multipivot-4,128,118,206,502,0.4103585657370518,200
quick-multipivot-4,128,119,205,1040,0.1971153846153846,200
quick-multipivot-4,128,120,205,507,0.40433925049309666,200
quick-multipivot-4,128,121,204,1107,0.1842818428184282,200
quick-multipivot-4,128,122,203,1076,0.18866171003717472,200
quick-multipivot-4,128,123,200,2362,0.0846740050804403,200
quick-multipivot-4,128,124,200,477,0.4192872117400419,200
quick-multipivot-4,128,125,200,479,0.4175365344467641,200
quick-multipivot-4,128,126,132,36298,0.0036365639980164197,200
quick-multipivot-4,128,127,0,70758,0.0,132
quick-multipivot-4,256,0,51200,15617948,0.003278279579365996,200
quick-multipivot-4,256,1,51200,52302,0.9789300600359451,200
quick-multipivot-4,256,2,51188,30826658,0.0016605108474619598,200
quick-multipivot-4,256,3,51159,11280874,0.0045350209567095595,200
quick-multipivot-4,256,4,50873,4807307,0.0105824321184397,200
quick-multipivot-4,256,5,50064,5349116,0.009359303481173338,200
quick-multipivot-4,256,6,48079,2866295,0.016773918944142176,200
quick-multipivot-4,256,7,44429,2868334,0.015489479258691631,200
quick-multipivot-4,256,8,39073,3615614,0.010806739878759181,200
quick-multipivot-4,256,9,32766,3810512,0.008598844459747141,200
quick-multipivot-4,256,10,26240,3875739,0.0067703217373512505,200
quick-multipivot-4,256,11,20551,3324794,0.006181134831210596,200
quick-multipivot-4,256,12,16157,2608077,0.006194985807550927,200
quick-multipivot-4,256,13,12914,1920547,0.006724125991188969,200
quick-multipivot-4,256,14,10691,1352008,0.007907497588771665,200
quick-multipivot-4,256,15,9143,942020,0.009705738731661749,200
quick-multipivot-4,256,16,8002,692561,0.011554216884866459,200
quick-multipivot-4,256,17,7212,494920,0.01457205204881597,200
quick-multipivot-4,256,18,6534,422738,0.015456381967081266,200
quick-multipivot-4,256,19,5992,346366,0.017299619477662356,200
quick-multipivot-4,256,20,5552,262382,0.0211599881089404,200
quick-multipivot-4,256,21,5175,239072,0.02164619863472092,200
quick-multipivot-4,256,22,4879,193950,0.025155968032998195,200
quick-multipivot-4,256,23,4574,209425,0.021840754446699296,200
quick-multipivot-4,256,24,4310,171953,0.025064988688769607,200
quick-multipivot-4,256,25,4077,159448,0.025569464653053032,200
quick-multipivot-4,256,26,3858,135614,0.028448390284188947,200
quick-multipivot-4,256,27,3675,126928,0.028953422412706417,200
quick-multipivot-4,256,28,3507,114423,0.0306494323693663,200
quick-multipivot-4,256,29,3359,97172,0.034567570905199026,200
quick-multipivot-4,256,30,3231,91918,0.03515089536325856,200
quick-multipivot-4,256,31,3104,90924,0.03413840130218644,200
quick-multipivot-4,256,32,2985,94458,0.03160134663024836,200
quick-multipivot-4,256,33,2857,95227,0.03000199523244458,200
quick-multipivot-4,256,34,2759,69998,0.03941541186891054,200
quick-multipivot-4,256,35,2658,81762,0.03250898950612754,200
quick-multipivot-4,256,36,2561,76868,0.03331685486808555,200
quick-multipivot-4,256,37,2479,65414,0.037897086250649706,200
quick-multipivot-4,256,38,2404,57755,0.04162410180936715,200
quick-multipivot-4,256,39,2324,61839,0.037581461537217614,200
quick-multipivot-4,256,40,2249,60323,0.03728262851648625,200
quick-multipivot-4,256,41,2179,50687,0.04298932665180421,200
quick-multipivot-4,256,42,2114,53709,0.039360256195423486,200
quick-multipivot-4,256,43,2052,47227,0.04344972155758359,200
quick-multipivot-4,256,44,2015,35516,0.056734992679355785,200
quick-multipivot-4,256,45,1945,52881,0.03678069628032753,200
quick-multipivot-4,256,46,1904,39652,0.04801775446383537,200
quick-multipivot-4,256,47,1861,37257,0.04995034490162922,200
quick-multipivot-4,256,48,1830,28964,0.06318188095566911,200
quick-multipivot-4,256,49,1781,42980,0.04143787808282922,200
quick-multipivot-4,256,50,1739,37700,0.04612732095490716,200
quick-multipivot-4,256,51,1696,30275,0.05601981833195706,200
quick-multipivot-4,256,52,1641,51348,0.03195840149567656,200
quick-multipivot-4,256,53,1598,38667,0.04132722993767295,200
quick-multipivot-4,256,54,1561,34295,0.045516839189386205,200
quick-multipivot-4,256,55,1530,29237,0.05233095050791805,200
quick-multipivot-4,256,56,1498,29315,0.05110011939280232,200
quick-multipivot-4,256,57,1471,25943,0.05670122961877963,200
quick-multipivot-4,256,58,1445,24925,0.05797392176529589,200
quick-multipivot-4,256,59,1417,29992,0.047245932248599624,200
quick-multipivot-4,256,60,1384,30928,0.044749094671495085,200
quick-multipivot-4,256,61,1361,20200,0.06737623762376238,200
quick-multipivot-4,256,62,1336,25839,0.051704787336971245,200
quick-multipivot-4,256,63,1315,21029,0.06253269294783394,200
quick-multipivot-4,256,64,1283,30436,0.0421540281245893,200
quick-multipivot-4,256,65,1261,22162,0.05689919682339139,200
quick-multipivot-4,256,66,1236,25010,0.04942023190723711,200
quick-multipivot-4,256,67,1209,30604,0.0395046399163508,200
quick-multipivot-4,256,68,1199,13100,0.0915267175572519,200
quick-multipivot-4,256,69,1180,19788,0.05963210026278553,200
quick-multipivot-4,256,70,1163,17655,0.0658736901727556,200
quick-multipivot-4,256,71,1147,15566,0.07368623923936786,200
quick-multipivot-4,256,72,1131,17343,0.06521363085971285,200
quick-multipivot-4,256,73,1114,17245,0.06459843432879095,200
quick-multipivot-4,256,74,1095,20454,0.05353476092695805,200
quick-multipivot-4,256,75,1071,25950,0.041271676300578035,200
quick-multipivot-4,256,76,1051,19791,0.05310494669294124,200
quick-multipivot-4,256,77,1038,15510,0.06692456479690523,200
quick-multipivot-4,256,78,1029,8900,0.11561797752808989,200
quick-multipivot-4,256,79,1010,19554,0.05165183594149535,200
quick-multipivot-4,256,80,999,12350,0.0808906882591093,200
quick-multipivot-4,256,81,979,23378,0.041876978355719054,200
quick-multipivot-4,256,82,962,16646,0.057791661660458966,200
quick-multipivot-4,256,83,953,11134,0.08559367702532783,200
quick-multipivot-4,256,84,943,13244,0.0712020537601933,200
quick-multipivot-4,256,85,933,13047,0.07151069211312945,200
quick-multipivot-4,256,86,918,20590,0.04458474987858184,200
quick-multipivot-4,256,87,906,14833,0.06108002427020832,200
quick-multipivot-4,256,88,897,12112,0.07405878467635403,200
quick-multipivot-4,256,89,882,17826,0.049478290138000675,200
quick-multipivot-4,256,90,862,20107,0.0428706420649525,200
quick-multipivot-4,256,91,844,18995,0.0444327454593314,200
quick-multipivot-4,256,92,835,12740,0.06554160125588697,200
quick-multipivot-4,256,93,825,13955,0.05911859548548907,200
quick-multipivot-4,256,94,816,10720,0.07611940298507462,200
quick-multipivot-4,256,95,808,10771,0.07501624733079565,200
quick-multipivot-4,256,96,793,18013,0.044023760617331924,200
quick-multipivot-4,256,97,778,15302,0.05084302705528689,200
quick-multipivot-4,256,98,767,13176,0.05821190042501518,200
quick-multipivot-4,256,99,758,10882,0.06965631317772468,200
quick-multipivot-4,256,100,752,9185,0.0818726183995645,200
quick-multipivot-4,256,101,743,11892,0.06247897746384124,200
quick-multipivot-4,256,102,735,10949,0.06712941821170883,200
quick-multipivot-4,256,103,725,12321,0.05884262641019398,200
quick-multipivot-4,256,104,720,8688,0.08287292817679558,200
quick-multipivot-4,256,105,711,12413,0.05727865946991058,200
quick-multipivot-4,256,106,704,8687,0.08104063543225509,200
quick-multipivot-4,256,107,697,10322,0.06752567331912421,200
quick-multipivot-4,256,108,691,8743,0.07903465629646575,200
quick-multipivot-4,256,109,683,10663,0.0640532683109819,200
quick-multipivot-4,256,110,679,7576,0.08962513199577614,200
quick-multipivot-4,256,111,674,7954,0.08473723912496857,200
quick-multipivot-4,256,112,665,11154,0.059619867312175,200
quick-multipivot-4,256,113,657,10057,0.06532763249477976,200
quick-multipivot-4,256,114,650,8877,0.07322293567646727,200
quick-multipivot-4,256,115,648,4831,0.13413371972676463,200
quick-multipivot-4,256,116,641,9356,0.0685121846943138,200
quick-multipivot-4,256,117,633,10044,0.0630227001194743,200
quick-multipivot-4,256,118,625,10858,0.057561245164855404,200
quick-multipivot-4,256,119,617,10610,0.05815268614514609,200
quick-multipivot-4,256,120,612,6514,0.09395148910039915,200
quick-multipivot-4,256,121,605,9010,0.06714761376248612,200
quick-multipivot-4,256,122,598,9137,0.06544817773886397,200
quick-multipivot-4,256,123,590,11061,0.05334056595244553,200
quick-multipivot-4,256,124,580,13590,0.042678440029433405,200
quick-multipivot-4,256,125,574,9238,0.062134661182074044,200
quick-multipivot-4,256,126,564,13183,0.04278237123568232,200
quick-multipivot-4,256,127,561,4193,0.13379441927021227,200
quick-multipivot-4,256,128,557,6910,0.08060781476121563,200
quick-multipivot-4,256,129,553,5542,0.09978347167087694,200
quick-multipivot-4,256,130,542,15675,0.03457735247208931,200
quick-multipivot-4,256,131,533,12627,0.04221113486972361,200
quick-multipivot-4,256,132,526,9289,0.056626116912477126,200
quick-multipivot-4,256,133,522,6797,0.07679858761218185,200
quick-multipivot-4,256,134,517,7804,0.06624807790876473,200
quick-multipivot-4,256,135,510,9515,0.053599579611140306,200
quick-multipivot-4,256,136,506,6749,0.07497407023262706,200
quick-multipivot-4,256,137,500,7811,0.06401229035974908,200
quick-multipivot-4,256,138,497,5610,0.08859180035650624,200
quick-multipivot-4,256,139,494,5482,0.09011309740970448,200
quick-multipivot-4,256,140,488,8646,0.056442285449919034,200
quick-multipivot-4,256,141,481,8639,0.05567774047922213,200
quick-multipivot-4,256,142,479,3836,0.1248696558915537,200
quick-multipivot-4,256,143,472,8939,0.052802326882201586,200
quick-multipivot-4,256,144,469,4901,0.09569475617220975,200
quick-multipivot-4,256,145,467,3390,0.13775811209439529,200
quick-multipivot-4,256,146,465,3716,0.1251345532831001,200
quick-multipivot-4,256,147,462,5419,0.08525558221073999,200
quick-multipivot-4,256,148,457,7465,0.06121902210314802,200
quick-multipivot-4,256,149,452,5981,0.07557264671459622,200
quick-multipivot-4,256,150,444,11342,0.03914653500264503,200
quick-multipivot-4,256,151,437,10114,0.04320743523828357,200
quick-multipivot-4,256,152,430,9190,0.046789989118607184,200
quick-multipivot-4,256,153,423,9454,0.04474296594034271,200
quick-multipivot-4,256,154,419,6156,0.06806367771280052,200
quick-multipivot-4,256,155,414,7351,0.056318868181199834,200
quick-multipivot-4,256,156,411,4492,0.0914959928762244,200
quick-multipivot-4,256,157,405,8205,0.04936014625228519,200
quick-multipivot-4,256,158,402,5043,0.07971445568114217,200
quick-multipivot-4,256,159,396,8503,0.04657179818887452,200
quick-multipivot-4,256,160,391,7318,0.05342989887947527,200
quick-multipivot-4,256,161,383,10080,0.03799603174603174,200
quick-multipivot-4,256,162,379,6474,0.058541859746679026,200
quick-multipivot-4,256,163,374,7545,0.049569251159708415,200
quick-multipivot-4,256,164,371,4785,0.07753396029258099,200
quick-multipivot-4,256,165,368,4500,0.08177777777777778,200
quick-multipivot-4,256,166,365,5243,0.06961663169940874,200
quick-multipivot-4,256,167,360,6680,0.05389221556886228,200
quick-multipivot-4,256,168,355,7578,0.046846133544470835,200
quick-multipivot-4,256,169,350,7882,0.04440497335701599,200
quick-multipivot-4,256,170,346,6624,0.052234299516908216,200
quick-multipivot-4,256,171,337,13050,0.02582375478927203,200
quick-multipivot-4,256,172,333,6140,0.05423452768729642,200
quick-multipivot-4,256,173,324,12779,0.025354096564676423,200
quick-multipivot-4,256,174,323,1871,0.1726349545697488,200
quick-multipivot-4,256,175,321,3678,0.08727569331158239,200
quick-multipivot-4,256,176,317,6367,0.0497879692162714,200
quick-multipivot-4,256,177,312,6747,0.046242774566473986,200
quick-multipivot-4,256,178,310,3582,0.08654383026242322,200
quick-multipivot-4,256,179,307,5208,0.058947772657450076,200
quick-multipivot-4,256,180,302,6896,0.043793503480278426,200
quick-multipivot-4,256,181,299,5002,0.05977608956417433,200
quick-multipivot-4,256,182,298,2129,0.13997181775481446,200
quick-multipivot-4,256,183,296,3923,0.07545245985215396,200
quick-multipivot-4,256,184,294,3457,0.08504483656349436,200
quick-multipivot-4,256,185,291,5036,0.05778395552025417,200
quick-multipivot-4,256,186,285,7823,0.036431036686693084,200
quick-multipivot-4,256,187,283,3420,0.0827485380116959,200
quick-multipivot-4,256,188,279,6177,0.045167557066537155,200
quick-multipivot-4,256,189,278,2109,0.13181602655286867,200
quick-multipivot-4,256,190,274,6697,0.04091384201881439,200
quick-multipivot-4,256,191,272,3362,0.0809042236763831,200
quick-multipivot-4,256,192,270,3561,0.07582139848357203,200
quick-multipivot-4,256,193,268,3531,0.07589917870291701,200
quick-multipivot-4,256,194,266,4002,0.06646676661669165,200
quick-multipivot-4,256,195,264,3323,0.07944628347878423,200
quick-multipivot-4,256,196,263,1812,0.14514348785871964,200
quick-multipivot-4,256,197,260,4789,0.05429108373355607,200
quick-multipivot-4,256,198,257,4643,0.055352143010984275,200
quick-multipivot-4,256,199,254,4766,0.053294167016365926,200
quick-multipivot-4,256,200,253,2065,0.12251815980629539,200
quick-multipivot-4,256,201,249,6484,0.038402220851326344,200
quick-multipivot-4,256,202,249,623,0.3996789727126806,200
quick-multipivot-4,256,203,247,3658,0.06752323674138874,200
quick-multipivot-4,256,204,246,1844,0.1334056399132321,200
quick-multipivot-4,256,205,246,632,0.38924050632911394,200
quick-multipivot-4,256,206,244,3401,0.07174360482211115,200
quick-multipivot-4,256,207,243,1923,0.12636505460218408,200
quick-multipivot-4,256,208,242,2186,0.11070448307410796,200
quick-multipivot-4,256,209,241,2064,0.11676356589147287,200
quick-multipivot-4,256,210,239,3212,0.07440846824408469,200
quick-multipivot-4,256,211,237,3708,0.063915857605178,200
quick-multipivot-4,256,212,235,3397,0.0691786870768325,200
quick-multipivot-4,256,213,232,4666,0.04972138876982426,200
quick-multipivot-4,256,214,231,1968,0.1173780487804878,200
quick-multipivot-4,256,215,230,2323,0.09900990099009901,200
quick-multipivot-4,256,216,229,2013,0.1137605563835072,200
quick-multipivot-4,256,217,229,574,0.3989547038327526,200
quick-multipivot-4,256,218,228,2088,0.10919540229885058,200
quick-multipivot-4,256,219,227,1961,0.11575726670066293,200
quick-multipivot-4,256,220,225,3731,0.06030554811042616,200
quick-multipivot-4,256,221,224,1957,0.114460909555442,200
quick-multipivot-4,256,222,221,5100,0.043333333333333335,200
quick-multipivot-4,256,223,219,3282,0.06672760511882998,200
quick-multipivot-4,256,224,217,3286,0.0660377358490566,200
quick-multipivot-4,256,225,216,1816,0.11894273127753303,200
quick-multipivot-4,256,226,215,2028,0.10601577909270217,200
quick-multipivot-4,256,227,215,531,0.4048964218455744,200
quick-multipivot-4,256,228,213,3334,0.0638872225554889,200
quick-multipivot-4,256,229,211,3449,0.061177152797912436,200
quick-multipivot-4,256,230,211,528,0.3996212121212121,200
quick-multipivot-4,256,231,211,508,0.4153543307086614,200
quick-multipivot-4,256,232,210,1995,0.10526315789473684,200
quick-multipivot-4,256,233,209,1837,0.11377245508982035,200
quick-multipivot-4,256,234,209,505,0.41386138613861384,200
quick-multipivot-4,256,235,209,510,0.40980392156862744,200
quick-multipivot-4,256,236,209,502,0.4163346613545817,200
quick-multipivot-4,256,237,208,2005,0.10374064837905236,200
quick-multipivot-4,256,238,206,3507,0.05873966353008269,200
quick-multipivot-4,256,239,204,3362,0.06067816775728733,200
quick-multipivot-4,256,240,203,1919,0.10578426263679,200
quick-multipivot-4,256,241,203,482,0.4211618257261411,200
quick-multipivot-4,256,242,203,495,0.4101010101010101,200
quick-multipivot-4,256,243,203,488,0.41598360655737704,200
quick-multipivot-4,256,244,203,490,0.4142857142857143,200
quick-multipivot-4,256,245,202,1979,0.10207175341081354,200
quick-multipivot-4,256,246,201,1908,0.10534591194968554,200
quick-multipivot-4,256,247,201,496,0.40524193548387094,200
quick-multipivot-4,256,248,201,493,0.4077079107505071,200
quick-multipivot-4,256,249,201,502,0.40039840637450197,200
quick-multipivot-4,256,250,201,485,0.4144329896907217,200
quick-multipivot-4,256,251,201,491,0.4093686354378819,200
quick-multipivot-4,256,252,201,490,0.41020408163265304,200
quick-multipivot-4,256,253,200,1904,0.10504201680672269,200
quick-multipivot-4,256,254,124,104700,0.0011843361986628462,200
quick-multipivot-4,256,255,0,172005,0.0,124
quick-multipivot-4,512,0,102400,62065384,0.0016498729791150572,200
quick-multipivot-4,512,1,102400,103473,0.9896301450619969,200
quick-multipivot-4,512,2,102394,150532927,0.0006802099848892196,200
quick-multipivot-4,512,3,102380,42612630,0.00240257407252263,200
quick-multipivot-4,512,4,102198,24822548,0.004117143816178742,200
quick-multipivot-4,512,5,101602,22763998,0.0044632757391737604,200
quick-multipivot-4,512,6,99972,11100140,0.009006372892594148,200
quick-multipivot-4,512,7,96330,10673264,0.00902535531773598,200
quick-multipivot-4,512,8,89796,12716482,0.007061386946484099,200
quick-multipivot-4,512,9,80305,14978335,0.005361410330320426,200
quick-multipivot-4,512,10,69093,17123743,0.004034923906531417,200
quick-multipivot-4,512,11,57026,17759730,0.003210972238879758,200
quick-multipivot-4,512,12,45680,16779888,0.0027223066089594877,200
quick-multipivot-4,512,13,36442,13927184,0.0026166093590779013,200
quick-multipivot-4,512,14,29342,10756555,0.0027278250332006854,200
quick-multipivot-4,512,15,23954,8383382,0.0028573193968734812,200
quick-multipivot-4,512,16,20085,5851924,0.0034322045194025074,200
quick-multipivot-4,512,17,17363,4088285,0.004247013111854971,200
quick-multipivot-4,512,18,15359,3026718,0.005074473406508304,200
quick-multipivot-4,512,19,13870,2247462,0.006171405790175763,200
quick-multipivot-4,512,20,12672,1851681,0.006843511382360137,200
quick-multipivot-4,512,21,11692,1502760,0.00778035082115574,200
quick-multipivot-4,512,22,10863,1328320,0.008177999277282582,200
quick-multipivot-4,512,23,10132,1132361,0.00894767658017187,200
quick-multipivot-4,512,24,9549,915455,0.01043087863412183,200
quick-multipivot-4,512,25,9042,813583,0.01111380154206762,200
quick-multipivot-4,512,26,8571,758249,0.011303674650411672,200
quick-multipivot-4,512,27,8166,654677,0.012473326541179849,200
quick-multipivot-4,512,28,7771,589257,0.01318779412039229,200
quick-multipivot-4,512,29,7399,548978,0.013477771422534236,200
quick-multipivot-4,512,30,7080,516522,0.01370706378431122,200
quick-multipivot-4,512,31,6761,518038,0.01305116613066995,200
quick-multipivot-4,512,32,6501,397946,0.016336387349037307,200
quick-multipivot-4,512,33,6244,417670,0.0149496013599253,200
quick-multipivot-4,512,34,6030,352414,0.017110557469340038,200
quick-multipivot-4,512,35,5834,320629,0.018195484500778156,200
quick-multipivot-4,512,36,5629,357048,0.01576538728686339,200
quick-multipivot-4,512,37,5453,308470,0.017677569941971668,200
quick-multipivot-4,512,38,5258,347489,0.01513141423181741,200
quick-multipivot-4,512,39,5119,224501,0.02280168017068966,200
quick-multipivot-4,512,40,4977,249575,0.01994190123209456,200
quick-multipivot-4,512,41,4841,239091,0.02024752081843315,200
quick-multipivot-4,512,42,4702,231836,0.020281578357114513,200
quick-multipivot-4,512,43,4583,188430,0.024322029400838507,200
quick-multipivot-4,512,44,4453,245818,0.0181150281915889,200
quick-multipivot-4,512,45,4347,175065,0.02483077713991946,200
quick-multipivot-4,512,46,4248,169992,0.024989411266412537,200
quick-multipivot-4,512,47,4148,162456,0.02553306741517703,200
quick-multipivot-4,512,48,4046,154008,0.026271362526621992,200
quick-multipivot-4,512,49,3967,163959,0.024195073158533534,200
quick-multipivot-4,512,50,3878,150647,0.02574229822034292,200
quick-multipivot-4,512,51,3789,153709,0.024650475899264192,200
quick-multipivot-4,512,52,3707,124250,0.029835010060362172,200
quick-multipivot-4,512,53,3617,161149,0.022445066367150896,200
quick-multipivot-4,512,54,3546,125465,0.028262862152791616,200
quick-multipivot-4,512,55,3479,117945,0.02949679935563186,200
quick-multipivot-4,512,56,3412,107327,0.031790695724281864,200
quick-multipivot-4,512,57,3354,111169,0.03017028128345132,200
quick-multipivot-4,512,58,3277,143721,0.022801121617578503,200
quick-multipivot-4,512,59,3218,115795,0.027790491817435987,200
quick-multipivot-4,512,60,3150,126253,0.024949902180542244,200
quick-multipivot-4,512,61,3093,106267,0.02910593128628831,200
quick-multipivot-4,512,62,3040,94365,0.032215334075133786,200
quick-multipivot-4,512,63,2975,121611,0.02446324756806539,200
quick-multipivot-4,512,64,2932,73621,0.039825593241058936,200
quick-multipivot-4,512,65,2884,96681,0.02983005968080595,200
quick-multipivot-4,512,66,2828,94165,0.030032389953804493,200
quick-multipivot-4,512,67,2787,84414,0.03301585045134693,200
quick-multipivot-4,512,68,2732,92694,0.02947332081903899,200
quick-multipivot-4,512,69,2679,102203,0.026212537792432707,200
quick-multipivot-4,512,70,2638,82568,0.03194942350547428,200
quick-multipivot-4,512,71,2606,74133,0.03515303576005288,200
quick-multipivot-4,512,72,2558,99348,0.025747876152514393,200
quick-multipivot-4,512,73,2524,67741,0.03725956215585834,200
quick-multipivot-4,512,74,2490,70412,0.0353632903482361,200
quick-multipivot-4,512,75,2459,60409,0.040705855087818044,200
quick-multipivot-4,512,76,2421,78502,0.030839978599271355,200
quick-multipivot-4,512,77,2384,82428,0.028922210899209006,200
quick-multipivot-4,512,78,2347,71668,0.0327482279399453,200
quick-multipivot-4,512,79,2320,64336,0.03606068142253171,200
quick-multipivot-4,512,80,2286,61112,0.03740672862940175,200
quick-multipivot-4,512,81,2251,77193,0.029160675190755637,200
quick-multipivot-4,512,82,2219,66502,0.03336741752127755,200
quick-multipivot-4,512,83,2177,84220,0.025848966991213487,200
quick-multipivot-4,512,84,2148,65973,0.03255877404392706,200
quick-multipivot-4,512,85,2125,51197,0.04150633826200754,200
quick-multipivot-4,512,86,2098,46499,0.04511924987634143,200
quick-multipivot-4,512,87,2068,62325,0.03318090653830726,200
quick-multipivot-4,512,88,2040,60047,0.033973387513114725,200
quick-multipivot-4,512,89,2007,66170,0.030330965694423454,200
quick-multipivot-4,512,90,1986,51547,0.038527945370244635,200
quick-multipivot-4,512,91,1971,31077,0.0634231103388358,200
quick-multipivot-4,512,92,1941,70256,0.02762753359143703,200
quick-multipivot-4,512,93,1913,60077,0.031842468831666026,200
quick-multipivot-4,512,94,1894,43664,0.043376694759985346,200
quick-multipivot-4,512,95,1862,64397,0.028914390421914064,200
quick-multipivot-4,512,96,1839,46712,0.03936889878403836,200
quick-multipivot-4,512,97,1809,54576,0.03314643799472296,200
quick-multipivot-4,512,98,1790,41424,0.043211664735419084,200
quick-multipivot-4,512,99,1766,52700,0.03351043643263757,200
quick-multipivot-4,512,100,1745,42241,0.041310575033734996,200
quick-multipivot-4,512,101,1723,45894,0.03754303394779274,200
quick-multipivot-4,512,102,1714,23292,0.0735874978533402,200
quick-multipivot-4,512,103,1696,43048,0.03939788143467757,200
quick-multipivot-4,512,104,1674,44869,0.037308609507677906,200
quick-multipivot-4,512,105,1654,34257,0.048282102927868754,200
quick-multipivot-4,512,106,1637,33818,0.048406174226743155,200
quick-multipivot-4,512,107,1621,33606,0.04823543414866393,200
quick-multipivot-4,512,108,1590,75210,0.02114080574391703,200
quick-multipivot-4,512,109,1567,49481,0.031668721327378184,200
quick-multipivot-4,512,110,1552,35575,0.043626141953619114,200
quick-multipivot-4,512,111,1539,29037,0.05300134311395805,200
quick-multipivot-4,512,112,1526,29384,0.05193302477538796,200
quick-multipivot-4,512,113,1509,36441,0.04140940149831234,200
quick-multipivot-4,512,114,1494,34980,0.042710120068610635,200
quick-multipivot-4,512,115,1478,37630,0.039277172468774914,200
quick-multipivot-4,512,116,1459,42980,0.03394602140530479,200
quick-multipivot-4,512,117,1447,25698,0.056307883882014166,200
quick-multipivot-4,512,118,1431,33120,0.043206521739130435,200
quick-multipivot-4,512,119,1409,45360,0.031062610229276897,200
quick-multipivot-4,512,120,1392,42847,0.032487688753004874,200
quick-multipivot-4,512,121,1375,37303,0.03686030614159719,200
quick-multipivot-4,512,122,1367,20720,0.06597490347490348,200
quick-multipivot-4,512,123,1357,27584,0.04919518561484919,200
quick-multipivot-4,512,124,1347,26590,0.05065814215870628,200
quick-multipivot-4,512,125,1337,28649,0.04666829557750707,200
quick-multipivot-4,512,126,1327,23872,0.05558813672922252,200
quick-multipivot-4,512,127,1320,16284,0.08106116433308769,200
quick-multipivot-4,512,128,1304,42163,0.03092759054147001,200
quick-multipivot-4,512,129,1292,29627,0.04360887028723799,200
quick-multipivot-4,512,130,1284,24353,0.05272451032726974,200
quick-multipivot-4,512,131,1274,24129,0.05279953582825646,200
quick-multipivot-4,512,132,1264,29292,0.04315171377850607,200
quick-multipivot-4,512,133,1256,25576,0.04910853925555208,200
quick-multipivot-4,512,134,1242,31676,0.0392094961485036,200
quick-multipivot-4,512,135,1234,19501,0.06327880621506589,200
quick-multipivot-4,512,136,1225,23948,0.05115249707700017,200
quick-multipivot-4,512,137,1213,24236,0.05004951312097706,200
quick-multipivot-4,512,138,1205,25085,0.04803667530396651,200
quick-multipivot-4,512,139,1200,11681,0.10273093057101275,200
quick-multipivot-4,512,140,1193,22095,0.05399411631590858,200
quick-multipivot-4,512,141,1180,29992,0.03934382502000534,200
quick-multipivot-4,512,142,1178,8400,0.14023809523809525,200
quick-multipivot-4,512,143,1165,32479,0.03586933095230765,200
quick-multipivot-4,512,144,1153,24877,0.046348032319009524,200
quick-multipivot-4,512,145,1140,31059,0.036704336907176664,200
quick-multipivot-4,512,146,1132,21980,0.05150136487716105,200
quick-multipivot-4,512,147,1122,22215,0.05050641458474004,200
quick-multipivot-4,512,148,1110,30153,0.03681225748681723,200
quick-multipivot-4,512,149,1098,30758,0.03569802978087002,200
quick-multipivot-4,512,150,1088,25637,0.0424386628700706,200
quick-multipivot-4,512,151,1075,31391,0.03424548437450225,200
quick-multipivot-4,512,152,1064,31207,0.03409491460249303,200
quick-multipivot-4,512,153,1052,33914,0.031019637907648757,200
quick-multipivot-4,512,154,1042,26633,0.039124394548116996,200
quick-multipivot-4,512,155,1036,16389,0.06321313075843554,200
quick-multipivot-4,512,156,1030,19048,0.054073918521629565,200
quick-multipivot-4,512,157,1021,23411,0.04361197727563965,200
quick-multipivot-4,512,158,1013,23077,0.04389652034493218,200
quick-multipivot-4,512,159,1004,23126,0.04341433883940154,200
quick-multipivot-4,512,160,998,16580,0.06019300361881785,200
quick-multipivot-4,512,161,989,23695,0.041738763452205105,200
quick-multipivot-4,512,162,985,12754,0.07723067273012388,200
quick-multipivot-4,512,163,980,14671,0.06679844591370732,200
quick-multipivot-4,512,164,971,26519,0.03661525698555752,200
quick-multipivot-4,512,165,969,6931,0.1398066657048045,200
quick-multipivot-4,512,166,963,18613,0.05173803255788965,200
quick-multipivot-4,512,167,957,16759,0.05710364580225551,200
quick-multipivot-4,512,168,954,11348,0.08406767712372225,200
quick-multipivot-4,512,169,949,16416,0.05780945419103314,200
quick-multipivot-4,512,170,939,24631,0.038122690917948926,200
quick-multipivot-4,512,171,934,16793,0.05561841243375216,200
quick-multipivot-4,512,172,926,20456,0.045267892061008994,200
quick-multipivot-4,512,173,923,10199,0.09049906853613099,200
quick-multipivot-4,512,174,919,13906,0.06608658133179922,200
quick-multipivot-4,512,175,914,14592,0.06263706140350878,200
quick-multipivot-4,512,176,908,15431,0.05884258959237898,200
quick-multipivot-4,512,177,903,15605,0.05786606856776674,200
quick-multipivot-4,512,178,902,5749,0.1568968516263698,200
quick-multipivot-4,512,179,893,24559,0.036361415367075205,200
quick-multipivot-4,512,180,881,30386,0.02899361548081353,200
quick-multipivot-4,512,181,876,14242,0.06150821513832327,200
quick-multipivot-4,512,182,870,14356,0.060601838952354416,200
quick-multipivot-4,512,183,869,3784,0.22965116279069767,200
quick-multipivot-4,512,184,863,15910,0.054242614707730986,200
quick-multipivot-4,512,185,858,19397,0.044233644377996595,200
quick-multipivot-4,512,186,852,16200,0.052592592592592594,200
quick-multipivot-4,512,187,844,21309,0.0396076775071566,200
quick-multipivot-4,512,188,834,27015,0.030871737923375903,200
quick-multipivot-4,512,189,830,14031,0.0591547288147673,200
quick-multipivot-4,512,190,823,16222,0.050733571692762915,200
quick-multipivot-4,512,191,818,12311,0.06644464300219316,200
quick-multipivot-4,512,192,812,17382,0.046714992520998734,200
quick-multipivot-4,512,193,807,12808,0.06300749531542786,200
quick-multipivot-4,512,194,798,23492,0.03396901072705602,200
quick-multipivot-4,512,195,794,14021,0.056629341701733116,200
quick-multipivot-4,512,196,790,13798,0.05725467459052037,200
quick-multipivot-4,512,197,782,19452,0.04020152169442731,200
quick-multipivot-4,512,198,776,19048,0.04073918521629567,200
quick-multipivot-4,512,199,772,13731,0.05622314470905251,200
quick-multipivot-4,512,200,768,10594,0.07249386445157636,200
quick-multipivot-4,512,201,764,13513,0.056538148449641085,200
quick-multipivot-4,512,202,757,25619,0.029548382060189702,200
quick-multipivot-4,512,203,754,8000,0.09425,200
quick-multipivot-4,512,204,748,17393,0.04300580693382395,200
quick-multipivot-4,512,205,742,18579,0.03993756391624953,200
quick-multipivot-4,512,206,734,21513,0.0341189048482313,200
quick-multipivot-4,512,207,730,14469,0.05045269196212592,200
quick-multipivot-4,512,208,725,19129,0.037900569815463435,200
quick-multipivot-4,512,209,718,18039,0.039802649814291255,200
quick-multipivot-4,512,210,715,12046,0.05935580275610161,200
quick-multipivot-4,512,211,710,16687,0.04254809132857913,200
quick-multipivot-4,512,212,707,11120,0.06357913669064748,200
quick-multipivot-4,512,213,705,6455,0.10921766072811774,200
quick-multipivot-4,512,214,699,19229,0.03635134432367778,200
quick-multipivot-4,512,215,691,24504,0.028199477636304277,200
quick-multipivot-4,512,216,690,4916,0.1403580146460537,200
quick-multipivot-4,512,217,686,11454,0.05989174087654968,200
quick-multipivot-4,512,218,681,16197,0.04204482311539174,200
quick-multipivot-4,512,219,674,21066,0.0319946833760562,200
quick-multipivot-4,512,220,671,8357,0.08029197080291971,200
quick-multipivot-4,512,221,666,12506,0.05325443786982249,200
quick-multipivot-4,512,222,661,13968,0.04732245131729668,200
quick-multipivot-4,512,223,658,11514,0.05714782004516241,200
quick-multipivot-4,512,224,653,17453,0.03741477109952444,200
quick-multipivot-4,512,225,650,7235,0.08984105044920525,200
quick-multipivot-4,512,226,647,10713,0.06039391393633903,200
quick-multipivot-4,512,227,639,25835,0.024733888136249275,200
quick-multipivot-4,512,228,638,3396,0.1878680800942285,200
quick-multipivot-4,512,229,630,26564,0.023716307784972142,200
quick-multipivot-4,512,230,624,16843,0.03704803182330939,200
quick-multipivot-4,512,231,616,20698,0.029761329597062517,200
quick-multipivot-4,512,232,613,9657,0.0634772703738221,200
quick-multipivot-4,512,233,611,5284,0.11563209689629068,200
quick-multipivot-4,512,234,608,9375,0.06485333333333333,200
quick-multipivot-4,512,235,604,13393,0.045098185619353394,200
quick-multipivot-4,512,236,602,7723,0.07794898355561311,200
quick-multipivot-4,512,237,599,10601,0.05650410338647297,200
quick-multipivot-4,512,238,597,8215,0.07267194157029823,200
quick-multipivot-4,512,239,592,12434,0.04761138812932283,200
quick-multipivot-4,512,240,586,19119,0.030650138605575604,200
quick-multipivot-4,512,241,582,11611,0.05012488157781414,200
quick-multipivot-4,512,242,580,8629,0.06721520454282072,200
quick-multipivot-4,512,243,576,10776,0.053452115812917596,200
quick-multipivot-4,512,244,573,9907,0.05783789239931362,200
quick-multipivot-4,512,245,569,15794,0.03602633911612005,200
quick-multipivot-4,512,246,566,9756,0.058015580155801556,200
quick-multipivot-4,512,247,563,9096,0.06189533861037819,200
quick-multipivot-4,512,248,561,8075,0.06947368421052631,200
quick-multipivot-4,512,249,559,7293,0.0766488413547237,200
quick-multipivot-4,512,250,557,7633,0.07297261889165466,200
quick-multipivot-4,512,251,554,9697,0.057131071465401674,200
quick-multipivot-4,512,252,550,13241,0.041537648213881125,200
quick-multipivot-4,512,253,549,3482,0.15766800689259047,200
quick-multipivot-4,512,254,546,9944,0.05490748189863234,200
quick-multipivot-4,512,255,545,3242,0.16810610734114745,200
quick-multipivot-4,512,256,543,5902,0.09200271094544223,200
quick-multipivot-4,512,257,540,10693,0.050500327316936315,200
quick-multipivot-4,512,258,539,4867,0.11074583932607356,200
quick-multipivot-4,512,259,534,17054,0.03131230209921426,200
quick-multipivot-4,512,260,532,8291,0.06416596309250995,200
quick-multipivot-4,512,261,530,7758,0.06831657643722609,200
quick-multipivot-4,512,262,524,17442,0.03004242632725605,200
quick-multipivot-4,512,263,522,4357,0.11980720679366537,200
quick-multipivot-4,512,264,521,5526,0.09428157799493304,200
quick-multipivot-4,512,265,519,5610,0.09251336898395722,200
quick-multipivot-4,512,266,514,18509,0.02777027392079529,200
quick-multipivot-4,512,267,511,10231,0.04994624181409442,200
quick-multipivot-4,512,268,510,4071,0.12527634487840825,200
quick-multipivot-4,512,269,506,12187,0.0415196520882908,200
quick-multipivot-4,512,270,504,6636,0.0759493670886076,200
quick-multipivot-4,512,271,493,31062,0.015871482840770074,200
quick-multipivot-4,512,272,491,7890,0.06223067173637516,200
quick-multipivot-4,512,273,491,1492,0.32908847184986595,200
quick-multipivot-4,512,274,488,11699,0.041712966920249596,200
quick-multipivot-4,512,275,485,10034,0.04833565876021527,200
quick-multipivot-4,512,276,483,8163,0.0591694230062477,200
quick-multipivot-4,512,277,483,1460,0.3308219178082192,200
quick-multipivot-4,512,278,480,9536,0.050335570469798654,200
quick-multipivot-4,512,279,479,5089,0.09412458243269797,200
quick-multipivot-4,512,280,475,10661,0.04455491980114436,200
quick-multipivot-4,512,281,474,4682,0.10123878684322939,200
quick-multipivot-4,512,282,470,13508,0.03479419603198105,200
quick-multipivot-4,512,283,465,15525,0.02995169082125604,200
quick-multipivot-4,512,284,457,25346,0.018030458454983033,200
quick-multipivot-4,512,285,453,14703,0.030810038767598448,200
quick-multipivot-4,512,286,449,10881,0.041264589651686424,200
quick-multipivot-4,512,287,446,9752,0.04573420836751436,200
quick-multipivot-4,512,288,444,7892,0.05625950329447542,200
quick-multipivot-4,512,289,442,6757,0.06541364510877608,200
quick-multipivot-4,512,290,440,7984,0.05511022044088176,200
quick-multipivot-4,512,291,436,13261,0.03287836513083478,200
quick-multipivot-4,512,292,435,3557,0.12229406803486084,200
quick-multipivot-4,512,293,435,1260,0.34523809523809523,200
quick-multipivot-4,512,294,432,9687,0.04459585010839269,200
quick-multipivot-4,512,295,425,24677,0.017222514892409935,200
quick-multipivot-4,512,296,424,4578,0.0926168632590651,200
quick-multipivot-4,512,297,422,7733,0.05457131772921247,200
quick-multipivot-4,512,298,422,1214,0.34761120263591433,200
quick-multipivot-4,512,299,420,7974,0.0526711813393529,200
quick-multipivot-4,512,300,417,11118,0.03750674581759309,200
quick-multipivot-4,512,301,416,4533,0.09177145378336643,200
quick-multipivot-4,512,302,409,24379,0.016776734074408304,200
quick-multipivot-4,512,303,406,10744,0.03778853313477289,200
quick-multipivot-4,512,304,406,1147,0.35396687009590233,200
quick-multipivot-4,512,305,401,17855,0.022458695043405207,200
quick-multipivot-4,512,306,397,14841,0.026750218987938817,200
quick-multipivot-4,512,307,396,4632,0.08549222797927461,200
quick-multipivot-4,512,308,394,7980,0.0493734335839599,200
quick-multipivot-4,512,309,392,8075,0.04854489164086687,200
quick-multipivot-4,512,310,388,14960,0.025935828877005348,200
quick-multipivot-4,512,311,385,11125,0.03460674157303371,200
quick-multipivot-4,512,312,381,13868,0.027473319873089125,200
quick-multipivot-4,512,313,379,7282,0.05204614117000824,200
quick-multipivot-4,512,314,378,4534,0.08337009263343625,200
quick-multipivot-4,512,315,377,4571,0.08247648217020345,200
quick-multipivot-4,512,316,372,16757,0.022199677746613355,200
quick-multipivot-4,512,317,370,7784,0.047533401849948614,200
quick-multipivot-4,512,318,366,11151,0.03282216841538876,200
quick-multipivot-4,512,319,364,7162,0.05082379223680536,200
quick-multipivot-4,512,320,364,998,0.36472945891783565,200
quick-multipivot-4,512,321,363,4418,0.08216387505658669,200
quick-multipivot-4,512,322,362,4271,0.08475766799344416,200
quick-multipivot-4,512,323,361,4482,0.08054439982150825,200
quick-multipivot-4,512,324,360,4451,0.08088070096607504,200
quick-multipivot-4,512,325,355,18023,0.019697053764634077,200
quick-multipivot-4,512,326,351,12612,0.027830637488106564,200
quick-multipivot-4,512,327,351,963,0.3644859813084112,200
quick-multipivot-4,512,328,350,4301,0.08137642408742153,200
quick-multipivot-4,512,329,349,4384,0.07960766423357664,200
quick-multipivot-4,512,330,346,10911,0.03171111722115297,200
quick-multipivot-4,512,331,344,7509,0.04581169263550406,200
quick-multipivot-4,512,332,344,921,0.3735070575461455,200
quick-multipivot-4,512,333,342,7449,0.045912202980265805,200
quick-multipivot-4,512,334,340,7655,0.04441541476159373,200
quick-multipivot-4,512,335,338,8062,0.04192508062515505,200
quick-multipivot-4,512,336,337,4105,0.08209500609013398,200
quick-multipivot-4,512,337,336,4102,0.08191126279863481,200
quick-multipivot-4,512,338,334,7497,0.04455115379485127,200
quick-multipivot-4,512,339,333,4265,0.07807737397420868,200
quick-multipivot-4,512,340,329,14445,0.022776047075112497,200
quick-multipivot-4,512,341,327,8051,0.040616072537572975,200
quick-multipivot-4,512,342,324,11838,0.027369488089204256,200
quick-multipivot-4,512,343,324,888,0.36486486486486486,200
quick-multipivot-4,512,344,323,4062,0.07951747907434761,200
quick-multipivot-4,512,345,322,3564,0.09034792368125702,200
quick-multipivot-4,512,346,320,7631,0.041934215699122,200
quick-multipivot-4,512,347,318,7489,0.04246227800774469,200
quick-multipivot-4,512,348,318,856,0.37149532710280375,200
quick-multipivot-4,512,349,315,10045,0.0313588850174216,200
quick-multipivot-4,512,350,314,4181,0.07510165032288926,200
quick-multipivot-4,512,351,314,811,0.3871763255240444,200
quick-multipivot-4,512,352,313,4322,0.07242017584451643,200
quick-multipivot-4,512,353,311,8222,0.03782534663099003,200
quick-multipivot-4,512,354,308,9532,0.03231221149811162,200
quick-multipivot-4,512,355,307,4535,0.06769570011025358,200
quick-multipivot-4,512,356,307,816,0.3762254901960784,200
quick-multipivot-4,512,357,305,7750,0.03935483870967742,200
quick-multipivot-4,512,358,305,783,0.3895274584929757,200
quick-multipivot-4,512,359,304,3045,0.09983579638752052,200
quick-multipivot-4,512,360,302,7446,0.040558689229116304,200
quick-multipivot-4,512,361,298,14296,0.02084499160604365,200
quick-multipivot-4,512,362,296,7581,0.03904498087323572,200
quick-multipivot-4,512,363,296,771,0.383916990920882,200
quick-multipivot-4,512,364,294,7145,0.041147655703289016,200
quick-multipivot-4,512,365,294,743,0.39569313593539707,200
quick-multipivot-4,512,366,293,3741,0.07832130446404705,200
quick-multipivot-4,512,367,293,755,0.3880794701986755,200
quick-multipivot-4,512,368,292,3798,0.07688256977356503,200
quick-multipivot-4,512,369,289,10837,0.026667897019470335,200
quick-multipivot-4,512,370,289,746,0.3873994638069705,200
quick-multipivot-4,512,371,289,743,0.38896366083445494,200
quick-multipivot-4,512,372,289,713,0.4053295932678822,200
quick-multipivot-4,512,373,287,7680,0.037369791666666666,200
quick-multipivot-4,512,374,287,724,0.39640883977900554,200
quick-multipivot-4,512,375,284,11131,0.02551432935046267,200
quick-multipivot-4,512,376,283,3730,0.07587131367292226,200
quick-multipivot-4,512,377,283,707,0.4002828854314003,200
quick-multipivot-4,512,378,283,698,0.4054441260744986,200
quick-multipivot-4,512,379,281,7465,0.037642330877428,200
quick-multipivot-4,512,380,280,4210,0.0665083135391924,200
quick-multipivot-4,512,381,279,4164,0.0670028818443804,200
quick-multipivot-4,512,382,277,7640,0.0362565445026178,200
quick-multipivot-4,512,383,277,696,0.39798850574712646,200
quick-multipivot-4,512,384,276,4233,0.06520198440822111,200
quick-multipivot-4,512,385,274,8299,0.0330160260272322,200
quick-multipivot-4,512,386,273,4672,0.05843321917808219,200
quick-multipivot-4,512,387,272,4005,0.06791510611735331,200
quick-multipivot-4,512,388,271,3882,0.06980937660999485,200
quick-multipivot-4,512,389,268,11675,0.022955032119914346,200
quick-multipivot-4,512,390,266,7761,0.03427393377142121,200
quick-multipivot-4,512,391,265,4483,0.059112201650680346,200
quick-multipivot-4,512,392,265,667,0.39730134932533734,200
quick-multipivot-4,512,393,262,10806,0.02424578937627244,200
quick-multipivot-4,512,394,262,642,0.40809968847352024,200
quick-multipivot-4,512,395,259,10570,0.024503311258278145,200
quick-multipivot-4,512,396,259,651,0.3978494623655914,200
quick-multipivot-4,512,397,258,4461,0.05783456624075319,200
quick-multipivot-4,512,398,258,649,0.3975346687211094,200
quick-multipivot-4,512,399,258,653,0.39509954058192953,200
quick-multipivot-4,512,400,256,8204,0.031204290589956118,200
quick-multipivot-4,512,401,256,629,0.4069952305246423,200
quick-multipivot-4,512,402,256,627,0.4082934609250399,200
quick-multipivot-4,512,403,254,7540,0.03368700265251989,200
quick-multipivot-4,512,404,252,7662,0.03288958496476116,200
quick-multipivot-4,512,405,251,4153,0.06043823741873344,200
quick-multipivot-4,512,406,250,4128,0.060562015503875966,200
quick-multipivot-4,512,407,249,3966,0.06278366111951589,200
quick-multipivot-4,512,408,248,4165,0.0595438175270108,200
quick-multipivot-4,512,409,248,601,0.41264559068219636,200
quick-multipivot-4,512,410,246,6556,0.037522879804759,200
quick-multipivot-4,512,411,246,607,0.4052718286655684,200
quick-multipivot-4,512,412,246,618,0.39805825242718446,200
quick-multipivot-4,512,413,246,606,0.40594059405940597,200
quick-multipivot-4,512,414,244,7873,0.030991997967737838,200
quick-multipivot-4,512,415,243,3761,0.06461047593725074,200
quick-multipivot-4,512,416,242,4039,0.059915820747709826,200
quick-multipivot-4,512,417,241,3945,0.06108998732572877,200
quick-multipivot-4,512,418,238,11477,0.020737126426766575,200
quick-multipivot-4,512,419,237,4303,0.055077852660934234,200
quick-multipivot-4,512,420,234,11980,0.019532554257095158,200
quick-multipivot-4,512,421,234,568,0.4119718309859155,200
quick-multipivot-4,512,422,234,568,0.4119718309859155,200
quick-multipivot-4,512,423,234,574,0.4076655052264808,200
quick-multipivot-4,512,424,233,4122,0.05652595827268316,200
quick-multipivot-4,512,425,233,569,0.4094903339191564,200
quick-multipivot-4,512,426,232,4140,0.05603864734299517,200
quick-multipivot-4,512,427,232,573,0.4048865619546248,200
quick-multipivot-4,512,428,232,561,0.41354723707664887,200
quick-multipivot-4,512,429,232,569,0.4077328646748682,200
quick-multipivot-4,512,430,230,7450,0.03087248322147651,200
quick-multipivot-4,512,431,229,4606,0.049717759444203216,200
quick-multipivot-4,512,432,228,3951,0.05770690964312832,200
quick-multipivot-4,512,433,227,4400,0.05159090909090909,200
quick-multipivot-4,512,434,226,3986,0.05669844455594581,200
quick-multipivot-4,512,435,225,3709,0.0606632515502831,200
quick-multipivot-4,512,436,225,554,0.40613718411552346,200
quick-multipivot-4,512,437,225,557,0.40394973070017953,200
quick-multipivot-4,512,438,225,537,0.41899441340782123,200
quick-multipivot-4,512,439,224,3848,0.058212058212058215,200
quick-multipivot-4,512,440,223,3905,0.05710627400768246,200
quick-multipivot-4,512,441,223,551,0.4047186932849365,200
quick-multipivot-4,512,442,223,544,0.4099264705882353,200
quick-multipivot-4,512,443,223,538,0.4144981412639405,200
quick-multipivot-4,512,444,222,4369,0.050812542915999084,200
quick-multipivot-4,512,445,220,7407,0.029701633589847443,200
quick-multipivot-4,512,446,218,8041,0.027111055838826018,200
quick-multipivot-4,512,447,218,523,0.4168260038240918,200
quick-multipivot-4,512,448,217,3385,0.06410635155096012,200
quick-multipivot-4,512,449,217,515,0.42135922330097086,200
quick-multipivot-4,512,450,216,4352,0.04963235294117647,200
quick-multipivot-4,512,451,216,519,0.4161849710982659,200
quick-multipivot-4,512,452,215,4088,0.05259295499021526,200
quick-multipivot-4,512,453,215,526,0.40874524714828897,200
quick-multipivot-4,512,454,215,518,0.41505791505791506,200
quick-multipivot-4,512,455,215,521,0.4126679462571977,200
quick-multipivot-4,512,456,214,4667,0.04585386758088708,200
quick-multipivot-4,512,457,214,524,0.4083969465648855,200
quick-multipivot-4,512,458,213,3889,0.05476986371817948,200
quick-multipivot-4,512,459,212,3911,0.05420608540015341,200
quick-multipivot-4,512,460,212,501,0.4231536926147705,200
quick-multipivot-4,512,461,211,4428,0.047651309846431796,200
quick-multipivot-4,512,462,211,505,0.4178217821782178,200
quick-multipivot-4,512,463,210,4496,0.046708185053380785,200
quick-multipivot-4,512,464,210,501,0.41916167664670656,200
quick-multipivot-4,512,465,210,496,0.42338709677419356,200
quick-multipivot-4,512,466,210,491,0.42769857433808556,200
quick-multipivot-4,512,467,210,510,0.4117647058823529,200
quick-multipivot-4,512,468,210,506,0.4150197628458498,200
quick-multipivot-4,512,469,210,513,0.4093567251461988,200
quick-multipivot-4,512,470,209,4407,0.04742455184933061,200
quick-multipivot-4,512,471,209,516,0.4050387596899225,200
quick-multipivot-4,512,472,208,4000,0.052,200
quick-multipivot-4,512,473,206,7245,0.028433402346445823,200
quick-multipivot-4,512,474,206,491,0.4195519348268839,200
quick-multipivot-4,512,475,206,486,0.42386831275720166,200
quick-multipivot-4,512,476,206,493,0.4178498985801217,200
quick-multipivot-4,512,477,204,8016,0.025449101796407185,200
quick-multipivot-4,512,478,204,496,0.4112903225806452,200
quick-multipivot-4,512,479,204,482,0.42323651452282157,200
quick-multipivot-4,512,480,204,482,0.42323651452282157,200
quick-multipivot-4,512,481,203,4214,0.04817275747508306,200
quick-multipivot-4,512,482,203,484,0.4194214876033058,200
quick-multipivot-4,512,483,203,490,0.4142857142857143,200
quick-multipivot-4,512,484,203,488,0.41598360655737704,200
quick-multipivot-4,512,485,203,475,0.42736842105263156,200
quick-multipivot-4,512,486,203,471,0.4309978768577495,200
quick-multipivot-4,512,487,202,4080,0.049509803921568625,200
quick-multipivot-4,512,488,202,484,0.41735537190082644,200
quick-multipivot-4,512,489,202,481,0.41995841995842,200
quick-multipivot-4,512,490,201,4350,0.046206896551724136,200
quick-multipivot-4,512,491,201,482,0.4170124481327801,200
quick-multipivot-4,512,492,201,480,0.41875,200
quick-multipivot-4,512,493,201,486,0.41358024691358025,200
quick-multipivot-4,512,494,201,486,0.41358024691358025,200
quick-multipivot-4,512,495,201,480,0.41875,200
quick-multipivot-4,512,496,201,479,0.4196242171189979,200
quick-multipivot-4,512,497,201,487,0.4127310061601643,200
quick-multipivot-4,512,498,201,477,0.42138364779874216,200
quick-multipivot-4,512,499,201,483,0.4161490683229814,200
quick-multipivot-4,512,500,201,487,0.4127310061601643,200
quick-multipivot-4,512,501,201,487,0.4127310061601643,200
quick-multipivot-4,512,502,201,483,0.4161490683229814,200
quick-multipivot-4,512,503,201,473,0.4249471458773784,200
quick-multipivot-4,512,504,200,4107,0.048697345994643294,200
quick-multipivot-4,512,505,200,491,0.4073319755600815,200
quick-multipivot-4,512,506,200,476,0.42016806722689076,200
quick-multipivot-4,512,507,200,481,0.4158004158004158,200
quick-multipivot-4,512,508,200,485,0.41237113402061853,200
quick-multipivot-4,512,509,200,476,0.42016806722689076,200
quick-multipivot-4,512,510,136,222381,0.0006115630382091996,200
quick-multipivot-4,512,511,0,467566,0.0,136
quick-multipivot-4,1024,0,204800,248701485,0.0008234771899331442,200
quick-multipivot-4,1024,1,204800,205381,0.997171111251771,200
quick-multipivot-4,1024,2,204799,691762668,0.00029605384834094573,200
quick-multipivot-4,1024,3,204791,174416010,0.001174152533359753,200
quick-multipivot-4,1024,4,204692,110392001,0.001854228550490719,200
quick-multipivot-4,1024,5,204314,107155718,0.0019067017963521088,200
quick-multipivot-4,1024,6,203012,39466698,0.005143881051310652,200
quick-multipivot-4,1024,7,199716,42113517,0.00474232536788604,200
quick-multipivot-4,1024,8,192854,37605873,0.005128294721412264,200
quick-multipivot-4,1024,9,180649,48009951,0.0037627407701374244,200
quick-multipivot-4,1024,10,163416,63002998,0.0025937813308503192,200
quick-multipivot-4,1024,11,142798,73798824,0.0019349630828805618,200
quick-multipivot-4,1024,12,120072,81164328,0.001479369113978249,200
quick-multipivot-4,1024,13,98100,79183224,0.0012388987849244431,200
quick-multipivot-4,1024,14,78580,70809229,0.0011097423472863968,200
quick-multipivot-4,1024,15,62868,57542927,0.0010925408782212279,200
quick-multipivot-4,1024,16,51330,42435811,0.001209591587633379,200
quick-multipivot-4,1024,17,42711,31825653,0.001342030593999124,200
quick-multipivot-4,1024,18,36537,22361408,0.001633931101297378,200
quick-multipivot-4,1024,19,32061,16369838,0.0019585410680301174,200
quick-multipivot-4,1024,20,28685,12379140,0.002317204587717725,200
quick-multipivot-4,1024,21,26146,9303573,0.0028103181433627705,200
quick-multipivot-4,1024,22,24065,7653230,0.003144423988302978,200
quick-multipivot-4,1024,23,22379,6144600,0.0036420596946912737,200
quick-multipivot-4,1024,24,20947,5212256,0.004018797234824997,200
quick-multipivot-4,1024,25,19731,4537249,0.0043486703066109005,200
quick-multipivot-4,1024,26,18648,3934321,0.004739826770616836,200
quick-multipivot-4,1024,27,17642,3703236,0.004763941590544054,200
quick-multipivot-4,1024,28,16768,3155109,0.005314554901272825,200
quick-multipivot-4,1024,29,15969,3061156,0.005216656713999548,200
quick-multipivot-4,1024,30,15298,2458750,0.006221860701576004,200
quick-multipivot-4,1024,31,14652,2425231,0.006041486357382039,200
quick-multipivot-4,1024,32,14052,2263786,0.00620730051338775,200
quick-multipivot-4,1024,33,13491,2198388,0.00613676930550931,200
quick-multipivot-4,1024,34,12967,2020118,0.006418931963380357,200
quick-multipivot-4,1024,35,12508,1728661,0.007235658119203244,200
quick-multipivot-4,1024,36,12058,1647661,0.007318252965871013,200
quick-multipivot-4,1024,37,11657,1503394,0.007753789093211759,200
quick-multipivot-4,1024,38,11273,1430913,0.007878186863911363,200
quick-multipivot-4,1024,39,10965,1203808,0.009108595390627076,200
quick-multipivot-4,1024,40,10643,1258976,0.00845369570190377,200
quick-multipivot-4,1024,41,10290,1299994,0.007915421148097606,200
quick-multipivot-4,1024,42,10010,1011898,0.009892301397966988,200
quick-multipivot-4,1024,43,9735,937041,0.010389086496748808,200
quick-multipivot-4,1024,44,9461,1072816,0.008818846847921731,200
quick-multipivot-4,1024,45,9205,1043984,0.008817184937700194,200
quick-multipivot-4,1024,46,8993,910556,0.009876383220801357,200
quick-multipivot-4,1024,47,8773,806802,0.010873795553307999,200
quick-multipivot-4,1024,48,8546,889227,0.009610594370166448,200
quick-multipivot-4,1024,49,8349,688127,0.012132934763495692,200
quick-multipivot-4,1024,50,8127,845682,0.009609995246440151,200
quick-multipivot-4,1024,51,7940,768731,0.010328710563252946,200
quick-multipivot-4,1024,52,7754,714803,0.010847744063749033,200
quick-multipivot-4,1024,53,7604,556817,0.013656192249877429,200
quick-multipivot-4,1024,54,7439,659395,0.011281553545295309,200
quick-multipivot-4,1024,55,7278,666553,0.010918861665914038,200
quick-multipivot-4,1024,56,7147,556562,0.012841336634552844,200
quick-multipivot-4,1024,57,7002,529212,0.013230992494501258,200
quick-multipivot-4,1024,58,6878,469171,0.014659900121704027,200
quick-multipivot-4,1024,59,6737,522516,0.012893385082944828,200
quick-multipivot-4,1024,60,6617,466810,0.014174931985175982,200
quick-multipivot-4,1024,61,6506,395913,0.016432903188326728,200
quick-multipivot-4,1024,62,6385,480519,0.013287715990418694,200
quick-multipivot-4,1024,63,6266,472843,0.013251755868226875,200
quick-multipivot-4,1024,64,6155,464112,0.013261885062226359,200
quick-multipivot-4,1024,65,6042,447261,0.013508890781892453,200
quick-multipivot-4,1024,66,5931,429296,0.013815642353993515,200
quick-multipivot-4,1024,67,5824,445883,0.013061722469795888,200
quick-multipivot-4,1024,68,5720,414337,0.013805187564711817,200
quick-multipivot-4,1024,69,5607,412307,0.013599089998472012,200
quick-multipivot-4,1024,70,5514,355214,0.015523036817242564,200
quick-multipivot-4,1024,71,5421,364371,0.014877693340029806,200
quick-multipivot-4,1024,72,5330,330351,0.016134354065826955,200
quick-multipivot-4,1024,73,5251,302551,0.01735575159229353,200
quick-multipivot-4,1024,74,5170,335244,0.015421603369486106,200
quick-multipivot-4,1024,75,5089,340066,0.014964742138290802,200
quick-multipivot-4,1024,76,5019,288200,0.01741498959056211,200
quick-multipivot-4,1024,77,4943,308346,0.01603069279316093,200
quick-multipivot-4,1024,78,4870,300177,0.01622376131415798,200
quick-multipivot-4,1024,79,4802,278765,0.01722597887109214,200
quick-multipivot-4,1024,80,4735,259822,0.01822401490251018,200
quick-multipivot-4,1024,81,4660,298448,0.015614110330777892,200
quick-multipivot-4,1024,82,4578,322323,0.014203144051153657,200
quick-multipivot-4,1024,83,4510,278622,0.0161868050620554,200
quick-multipivot-4,1024,84,4453,216511,0.020567084351372448,200
quick-multipivot-4,1024,85,4399,203253,0.021642976979429577,200
quick-multipivot-4,1024,86,4346,217231,0.020006352684469528,200
quick-multipivot-4,1024,87,4284,261465,0.016384602145602663,200
quick-multipivot-4,1024,88,4229,214149,0.019747932514277443,200
quick-multipivot-4,1024,89,4169,275593,0.015127379868138885,200
quick-multipivot-4,1024,90,4120,173414,0.023758174080524063,200
quick-multipivot-4,1024,91,4072,220214,0.01849110410782239,200
quick-multipivot-4,1024,92,4034,150750,0.026759535655058043,200
quick-multipivot-4,1024,93,3980,252334,0.015772745646642942,200
quick-multipivot-4,1024,94,3928,246942,0.01590656915389039,200
quick-multipivot-4,1024,95,3882,172809,0.022464107772164645,200
quick-multipivot-4,1024,96,3840,161554,0.023769142206321106,200
quick-multipivot-4,1024,97,3799,180516,0.02104522590795276,200
quick-multipivot-4,1024,98,3752,195034,0.019237671380374705,200
quick-multipivot-4,1024,99,3697,253302,0.014595226251667969,200
quick-multipivot-4,1024,100,3665,126981,0.028862585741173875,200
quick-multipivot-4,1024,101,3626,175237,0.02069197715094415,200
quick-multipivot-4,1024,102,3588,177830,0.02017657313164258,200
quick-multipivot-4,1024,103,3546,169185,0.020959304902916927,200
quick-multipivot-4,1024,104,3517,142730,0.024640930428080993,200
quick-multipivot-4,1024,105,3474,180073,0.01929217595086437,200
quick-multipivot-4,1024,106,3433,181635,0.018900542296363586,200
quick-multipivot-4,1024,107,3398,189938,0.017890048331560826,200
quick-multipivot-4,1024,108,3368,127278,0.026461760869906818,200
quick-multipivot-4,1024,109,3332,153595,0.021693414499169894,200
quick-multipivot-4,1024,110,3287,199199,0.016501086852845646,200
quick-multipivot-4,1024,111,3257,123125,0.02645279187817259,200
quick-multipivot-4,1024,112,3217,134938,0.023840578636114364,200
quick-multipivot-4,1024,113,3184,147279,0.02161883228430394,200
quick-multipivot-4,1024,114,3150,168039,0.018745648331637298,200
quick-multipivot-4,1024,115,3115,179166,0.017386111204134712,200
quick-multipivot-4,1024,116,3080,169369,0.018185146042073816,200
quick-multipivot-4,1024,117,3063,86004,0.03561462257569415,200
quick-multipivot-4,1024,118,3036,110538,0.02746566791510612,200
quick-multipivot-4,1024,119,3016,94704,0.03184659570873458,200
quick-multipivot-4,1024,120,2987,130132,0.022953616328036146,200
quick-multipivot-4,1024,121,2961,99160,0.029860830980233965,200
quick-multipivot-4,1024,122,2928,142418,0.020559198977657317,200
quick-multipivot-4,1024,123,2911,75015,0.038805572218889556,200
quick-multipivot-4,1024,124,2886,106410,0.027121511136171412,200
quick-multipivot-4,1024,125,2863,96840,0.02956422965716646,200
quick-multipivot-4,1024,126,2841,136262,0.020849539857040113,200
quick-multipivot-4,1024,127,2815,128313,0.021938540911676914,200
quick-multipivot-4,1024,128,2794,81562,0.03425614869669699,200
quick-multipivot-4,1024,129,2767,125390,0.022067150490469735,200
quick-multipivot-4,1024,130,2750,77477,0.0354944047910993,200
quick-multipivot-4,1024,131,2727,85356,0.03194854491775622,200
quick-multipivot-4,1024,132,2712,78953,0.03434954973211911,200
quick-multipivot-4,1024,133,2682,120264,0.022300937936539613,200
quick-multipivot-4,1024,134,2665,75068,0.03550114562796398,200
quick-multipivot-4,1024,135,2644,105456,0.025072067971476257,200
quick-multipivot-4,1024,136,2626,84103,0.031223618658074027,200
quick-multipivot-4,1024,137,2611,69171,0.03774703271602261,200
quick-multipivot-4,1024,138,2602,45609,0.0570501436120064,200
quick-multipivot-4,1024,139,2584,83337,0.031006635708028845,200
quick-multipivot-4,1024,140,2565,89522,0.02865217488438596,200
quick-multipivot-4,1024,141,2546,88446,0.028785925875675553,200
quick-multipivot-4,1024,142,2525,97747,0.025831994843831526,200
quick-multipivot-4,1024,143,2497,99084,0.025200839691574824,200
quick-multipivot-4,1024,144,2478,82722,0.029955755421774134,200
quick-multipivot-4,1024,145,2459,114621,0.021453311347833293,200
quick-multipivot-4,1024,146,2446,66236,0.036928558487831394,200
quick-multipivot-4,1024,147,2427,90427,0.026839328961482743,200
quick-multipivot-4,1024,148,2410,76857,0.031356935607687,200
quick-multipivot-4,1024,149,2387,110041,0.02169191483174453,200
quick-multipivot-4,1024,150,2371,78648,0.03014698403010884,200
quick-multipivot-4,1024,151,2354,79954,0.029441929109237812,200
quick-multipivot-4,1024,152,2332,108544,0.021484375,200
quick-multipivot-4,1024,153,2310,85594,0.02698787298175106,200
quick-multipivot-4,1024,154,2291,93271,0.02456283303491975,200
quick-multipivot-4,1024,155,2269,116001,0.01956017620537754,200
quick-multipivot-4,1024,156,2258,51300,0.044015594541910334,200
quick-multipivot-4,1024,157,2241,90329,0.024809308195596097,200
quick-multipivot-4,1024,158,2220,96409,0.02302689582922756,200
quick-multipivot-4,1024,159,2210,44386,0.04979047447393322,200
quick-multipivot-4,1024,160,2191,92951,0.02357155920861529,200
quick-multipivot-4,1024,161,2179,68454,0.031831594939667515,200
quick-multipivot-4,1024,162,2169,49263,0.044028987272395105,200
quick-multipivot-4,1024,163,2151,81771,0.026305169314304582,200
quick-multipivot-4,1024,164,2137,64156,0.03330943325643743,200
quick-multipivot-4,1024,165,2125,58951,0.03604688639717732,200
quick-multipivot-4,1024,166,2109,77203,0.027317591285312748,200
quick-multipivot-4,1024,167,2098,46768,0.04485973315087239,200
quick-multipivot-4,1024,168,2083,75362,0.02763992463045036,200
quick-multipivot-4,1024,169,2071,62199,0.03329635524686892,200
quick-multipivot-4,1024,170,2054,68622,0.029932091749001778,200
quick-multipivot-4,1024,171,2039,75650,0.02695307336417713,200
quick-multipivot-4,1024,172,2022,89845,0.02250542601146419,200
quick-multipivot-4,1024,173,2005,76361,0.026256858867746626,200
quick-multipivot-4,1024,174,2002,24627,0.08129288991757015,200
quick-multipivot-4,1024,175,1991,67116,0.029665057512366647,200
quick-multipivot-4,1024,176,1980,60267,0.03285380058738613,200
quick-multipivot-4,1024,177,1965,68976,0.028488169798190674,200
quick-multipivot-4,1024,178,1943,97592,0.019909418804820066,200
quick-multipivot-4,1024,179,1928,71475,0.026974466596712137,200
quick-multipivot-4,1024,180,1915,68631,0.027902842738704085,200
quick-multipivot-4,1024,181,1904,58535,0.032527547621081405,200
quick-multipivot-4,1024,182,1893,55596,0.034049212173537666,200
quick-multipivot-4,1024,183,1883,57784,0.03258687525958743,200
quick-multipivot-4,1024,184,1867,83251,0.022426157043158642,200
quick-multipivot-4,1024,185,1854,78846,0.023514192222814093,200
quick-multipivot-4,1024,186,1841,65661,0.028037952513668692,200
quick-multipivot-4,1024,187,1824,81925,0.022264266097039975,200
quick-multipivot-4,1024,188,1812,49331,0.03673146702884596,200
quick-multipivot-4,1024,189,1800,64753,0.027797939863790096,200
quick-multipivot-4,1024,190,1789,55723,0.032105234822245754,200
quick-multipivot-4,1024,191,1781,50361,0.03536466710351264,200
quick-multipivot-4,1024,192,1770,67166,0.026352618884554684,200
quick-multipivot-4,1024,193,1759,60272,0.029184364215556147,200
quick-multipivot-4,1024,194,1747,66326,0.026339595332147272,200
quick-multipivot-4,1024,195,1737,41051,0.04231322014080047,200
quick-multipivot-4,1024,196,1731,38487,0.044976225738561075,200
quick-multipivot-4,1024,197,1722,57597,0.029897390489087974,200
quick-multipivot-4,1024,198,1717,28099,0.06110537741556639,200
quick-multipivot-4,1024,199,1708,46867,0.036443553033050975,200
quick-multipivot-4,1024,200,1701,30163,0.056393594801578094,200
quick-multipivot-4,1024,201,1691,62106,0.027227643061861977,200
quick-multipivot-4,1024,202,1685,27678,0.0608786762049281,200
quick-multipivot-4,1024,203,1677,52397,0.03200564917838807,200
quick-multipivot-4,1024,204,1666,55775,0.029870013446884804,200
quick-multipivot-4,1024,205,1661,30843,0.05385338650585222,200
quick-multipivot-4,1024,206,1647,58826,0.027997824091388162,200
quick-multipivot-4,1024,207,1638,36098,0.045376475150977896,200
quick-multipivot-4,1024,208,1629,43762,0.03722407568209862,200
quick-multipivot-4,1024,209,1617,63894,0.025307540614142175,200
quick-multipivot-4,1024,210,1610,46316,0.034761205630883495,200
quick-multipivot-4,1024,211,1600,59025,0.027107157983905124,200
quick-multipivot-4,1024,212,1593,36934,0.04313099041533546,200
quick-multipivot-4,1024,213,1586,39934,0.039715530625532125,200
quick-multipivot-4,1024,214,1579,30476,0.05181126132038325,200
quick-multipivot-4,1024,215,1572,43695,0.03597665636800549,200
quick-multipivot-4,1024,216,1562,61282,0.02548872425834666,200
quick-multipivot-4,1024,217,1556,25054,0.06210585136106011,200
quick-multipivot-4,1024,218,1547,36770,0.042072341582812076,200
quick-multipivot-4,1024,219,1541,37839,0.04072517772668411,200
quick-multipivot-4,1024,220,1532,38152,0.04015516879849025,200
quick-multipivot-4,1024,221,1518,67564,0.022467586288556034,200
quick-multipivot-4,1024,222,1509,40855,0.03693550361032921,200
quick-multipivot-4,1024,223,1502,36309,0.041367154149109034,200
quick-multipivot-4,1024,224,1488,79593,0.018695111379141382,200
quick-multipivot-4,1024,225,1478,56988,0.025935284621323787,200
quick-multipivot-4,1024,226,1477,8602,0.17170425482445942,200
quick-multipivot-4,1024,227,1472,33284,0.04422545367143372,200
quick-multipivot-4,1024,228,1468,23754,0.06180011787488423,200
quick-multipivot-4,1024,229,1458,49955,0.029186267640876788,200
quick-multipivot-4,1024,230,1449,53972,0.02684725413177203,200
quick-multipivot-4,1024,231,1438,56015,0.02567169508167455,200
quick-multipivot-4,1024,232,1433,30192,0.04746290408055114,200
quick-multipivot-4,1024,233,1427,31904,0.04472793380140421,200
quick-multipivot-4,1024,234,1421,41747,0.03403837401489927,200
quick-multipivot-4,1024,235,1412,56519,0.02498274916399795,200
quick-multipivot-4,1024,236,1405,37103,0.03786755787941676,200
quick-multipivot-4,1024,237,1399,24839,0.05632271830588993,200
quick-multipivot-4,1024,238,1390,57186,0.0243066484803973,200
quick-multipivot-4,1024,239,1388,14958,0.09279315416499533,200
quick-multipivot-4,1024,240,1383,28113,0.04919432291110874,200
quick-multipivot-4,1024,241,1378,23721,0.05809198600396273,200
quick-multipivot-4,1024,242,1376,10103,0.13619716915767593,200
quick-multipivot-4,1024,243,1372,27242,0.050363409441303866,200
quick-multipivot-4,1024,244,1366,37741,0.036194059510876765,200
quick-multipivot-4,1024,245,1357,49831,0.02723204430976701,200
quick-multipivot-4,1024,246,1352,30579,0.04421334903038033,200
quick-multipivot-4,1024,247,1348,26946,0.050025977881689304,200
quick-multipivot-4,1024,248,1340,39973,0.03352262777374728,200
quick-multipivot-4,1024,249,1333,36606,0.036414795388734086,200
quick-multipivot-4,1024,250,1327,36040,0.03682019977802442,200
quick-multipivot-4,1024,251,1318,55543,0.023729362836000936,200
quick-multipivot-4,1024,252,1314,24436,0.053773121623833686,200
quick-multipivot-4,1024,253,1309,23107,0.05664950015146925,200
quick-multipivot-4,1024,254,1301,47521,0.027377370004839967,200
quick-multipivot-4,1024,255,1292,62637,0.020626786084901896,200
quick-multipivot-4,1024,256,1289,22742,0.05667927183185296,200
quick-multipivot-4,1024,257,1286,22501,0.05715301542153682,200
quick-multipivot-4,1024,258,1278,45355,0.028177709183111015,200
quick-multipivot-4,1024,259,1274,24846,0.0512758592932464,200
quick-multipivot-4,1024,260,1264,49960,0.02530024019215372,200
quick-multipivot-4,1024,261,1258,25103,0.050113532247141775,200
quick-multipivot-4,1024,262,1251,37105,0.033715132731437815,200
quick-multipivot-4,1024,263,1244,44163,0.028168376242555984,200
quick-multipivot-4,1024,264,1237,44916,0.027540297444117907,200
quick-multipivot-4,1024,265,1234,19713,0.06259828539542434,200
quick-multipivot-4,1024,266,1227,41889,0.029291699491513286,200
quick-multipivot-4,1024,267,1222,30017,0.040710264183629274,200
quick-multipivot-4,1024,268,1217,33696,0.0361170465337132,200
quick-multipivot-4,1024,269,1210,44216,0.027365659489777455,200
quick-multipivot-4,1024,270,1207,23097,0.05225786898731437,200
quick-multipivot-4,1024,271,1202,34210,0.03513592516807951,200
quick-multipivot-4,1024,272,1198,20478,0.05850180681707198,200
quick-multipivot-4,1024,273,1195,21282,0.056150737712620996,200
quick-multipivot-4,1024,274,1192,24442,0.048768513214957857,200
quick-multipivot-4,1024,275,1189,24504,0.04852269017303298,200
quick-multipivot-4,1024,276,1181,42338,0.027894562804100336,200
quick-multipivot-4,1024,277,1175,31458,0.03735138915379236,200
quick-multipivot-4,1024,278,1172,19313,0.060684513022316575,200
quick-multipivot-4,1024,279,1171,7133,0.16416654983877751,200
quick-multipivot-4,1024,280,1166,25582,0.04557892268000938,200
quick-multipivot-4,1024,281,1161,28424,0.04084576414297777,200
quick-multipivot-4,1024,282,1159,10302,0.11250242671325957,200
quick-multipivot-4,1024,283,1155,23535,0.049075844486934354,200
quick-multipivot-4,1024,284,1151,23070,0.04989163415691374,200
quick-multipivot-4,1024,285,1149,13065,0.08794489092996556,200
quick-multipivot-4,1024,286,1147,13796,0.08314004059147578,200
quick-multipivot-4,1024,287,1142,35501,0.03216810794062139,200
quick-multipivot-4,1024,288,1133,46273,0.02448512091284334,200
quick-multipivot-4,1024,289,1128,30588,0.036877206747744216,200
quick-multipivot-4,1024,290,1124,22284,0.050439777418775804,200
quick-multipivot-4,1024,291,1122,9089,0.12344592364396523,200
quick-multipivot-4,1024,292,1116,28003,0.0398528729064743,200
quick-multipivot-4,1024,293,1111,27644,0.04018955288670236,200
quick-multipivot-4,1024,294,1109,8203,0.13519444105814946,200
quick-multipivot-4,1024,295,1104,32234,0.03424955016442266,200
quick-multipivot-4,1024,296,1100,27896,0.03943217665615142,200
quick-multipivot-4,1024,297,1095,26444,0.0414082589623355,200
quick-multipivot-4,1024,298,1091,21297,0.05122787247030098,200
quick-multipivot-4,1024,299,1088,20071,0.05420756315081461,200
quick-multipivot-4,1024,300,1084,21420,0.05060690943043884,200
quick-multipivot-4,1024,301,1082,15369,0.07040145747934153,200
quick-multipivot-4,1024,302,1078,18379,0.05865389847108113,200
quick-multipivot-4,1024,303,1075,23123,0.04649050728711673,200
quick-multipivot-4,1024,304,1069,39294,0.027205171272967885,200
quick-multipivot-4,1024,305,1060,42326,0.02504370835892832,200
quick-multipivot-4,1024,306,1055,31376,0.03362442631310556,200
quick-multipivot-4,1024,307,1051,19220,0.05468262226847034,200
quick-multipivot-4,1024,308,1049,14404,0.07282699250208276,200
quick-multipivot-4,1024,309,1046,22449,0.04659450309590628,200
quick-multipivot-4,1024,310,1043,28382,0.03674864350644775,200
quick-multipivot-4,1024,311,1040,18037,0.05765925597383157,200
quick-multipivot-4,1024,312,1039,7406,0.14029165541452876,200
quick-multipivot-4,1024,313,1030,52323,0.01968541559161363,200
quick-multipivot-4,1024,314,1025,30963,0.033104027387527046,200
quick-multipivot-4,1024,315,1023,12923,0.07916118548324692,200
quick-multipivot-4,1024,316,1021,14407,0.07086832789616158,200
quick-multipivot-4,1024,317,1013,47661,0.021254274983739326,200
quick-multipivot-4,1024,318,1010,17801,0.056738385483961574,200
quick-multipivot-4,1024,319,1007,19501,0.05163837751910159,200
quick-multipivot-4,1024,320,1003,25192,0.039814226738647186,200
quick-multipivot-4,1024,321,1001,14276,0.07011768002241524,200
quick-multipivot-4,1024,322,994,41572,0.02391032425671125,200
quick-multipivot-4,1024,323,993,11605,0.08556656613528651,200
quick-multipivot-4,1024,324,991,12814,0.07733728734196972,200
quick-multipivot-4,1024,325,987,23572,0.041871712200916344,200
quick-multipivot-4,1024,326,983,26681,0.036842697050335445,200
quick-multipivot-4,1024,327,979,31062,0.03151760994140751,200
quick-multipivot-4,1024,328,975,26131,0.03731200489839654,200
quick-multipivot-4,1024,329,973,11889,0.081840356632181,200
quick-multipivot-4,1024,330,969,28070,0.03452084075525472,200
quick-multipivot-4,1024,331,966,21976,0.043957044048052424,200
quick-multipivot-4,1024,332,962,29292,0.03284173153079339,200
quick-multipivot-4,1024,333,960,13347,0.07192627556754327,200
quick-multipivot-4,1024,334,958,18083,0.05297793507714428,200
quick-multipivot-4,1024,335,957,6070,0.15766062602965403,200
quick-multipivot-4,1024,336,952,33515,0.028405191705206626,200
quick-multipivot-4,1024,337,949,25051,0.03788271925272444,200
quick-multipivot-4,1024,338,944,29386,0.03212414074729463,200
quick-multipivot-4,1024,339,942,13481,0.06987612194941029,200
quick-multipivot-4,1024,340,935,43984,0.021257730083666788,200
quick-multipivot-4,1024,341,928,46856,0.01980536110636845,200
quick-multipivot-4,1024,342,923,32246,0.0286237052657694,200
quick-multipivot-4,1024,343,919,15994,0.05745904714267851,200
quick-multipivot-4,1024,344,917,17411,0.052667853655734884,200
quick-multipivot-4,1024,345,914,15198,0.060139492038426105,200
quick-multipivot-4,1024,346,909,34639,0.026242097058229163,200
quick-multipivot-4,1024,347,905,23908,0.03785343817968881,200
quick-multipivot-4,1024,348,901,25562,0.035247633205539475,200
quick-multipivot-4,1024,349,898,23887,0.03759367019717838,200
quick-multipivot-4,1024,350,894,28614,0.031243447263577268,200
quick-multipivot-4,1024,351,891,24365,0.036568848758465014,200
quick-multipivot-4,1024,352,888,25259,0.03515578605645513,200
quick-multipivot-4,1024,353,887,6358,0.13950927964768794,200
quick-multipivot-4,1024,354,883,27580,0.03201595358955765,200
quick-multipivot-4,1024,355,880,26655,0.03301444381917089,200
quick-multipivot-4,1024,356,876,25099,0.034901788915893066,200
quick-multipivot-4,1024,357,875,5635,0.15527950310559005,200
quick-multipivot-4,1024,358,874,10536,0.08295368261199697,200
quick-multipivot-4,1024,359,869,31564,0.02753136484602712,200
quick-multipivot-4,1024,360,867,15702,0.05521589606419564,200
quick-multipivot-4,1024,361,866,9726,0.08903968743573926,200
quick-multipivot-4,1024,362,863,20995,0.041105025005953796,200
quick-multipivot-4,1024,363,861,13294,0.06476605987663607,200
quick-multipivot-4,1024,364,860,10882,0.07902959014886969,200
quick-multipivot-4,1024,365,859,5563,0.15441308646413807,200
quick-multipivot-4,1024,366,859,2950,0.2911864406779661,200
quick-multipivot-4,1024,367,854,37156,0.022984174830444612,200
quick-multipivot-4,1024,368,851,17691,0.04810355548018767,200
quick-multipivot-4,1024,369,848,20828,0.04071442289226042,200
quick-multipivot-4,1024,370,847,9771,0.08668508852727459,200
quick-multipivot-4,1024,371,845,10956,0.07712668857247171,200
quick-multipivot-4,1024,372,839,34359,0.024418638493553364,200
quick-multipivot-4,1024,373,834,27793,0.030007555859389055,200
quick-multipivot-4,1024,374,826,61430,0.013446198925606381,200
quick-multipivot-4,1024,375,824,11678,0.07056002740195239,200
quick-multipivot-4,1024,376,821,25563,0.03211673121308141,200
quick-multipivot-4,1024,377,821,2800,0.2932142857142857,200
quick-multipivot-4,1024,378,821,2780,0.2953237410071942,200
quick-multipivot-4,1024,379,819,18948,0.04322355921469284,200
quick-multipivot-4,1024,380,814,29995,0.027137856309384898,200
quick-multipivot-4,1024,381,811,21587,0.03756890721267429,200
quick-multipivot-4,1024,382,810,9436,0.08584145824501907,200
quick-multipivot-4,1024,383,808,17568,0.04599271402550091,200
quick-multipivot-4,1024,384,808,2747,0.29413906079359303,200
quick-multipivot-4,1024,385,805,20644,0.038994380933927535,200
quick-multipivot-4,1024,386,801,31577,0.02536656427146341,200
quick-multipivot-4,1024,387,799,10319,0.07742998352553541,200
quick-multipivot-4,1024,388,795,30259,0.026273174923163358,200
quick-multipivot-4,1024,389,793,19139,0.04143372172004807,200
quick-multipivot-4,1024,390,789,26501,0.02977246141655032,200
quick-multipivot-4,1024,391,784,34335,0.022833843017329256,200
quick-multipivot-4,1024,392,781,21850,0.03574370709382151,200
quick-multipivot-4,1024,393,780,9877,0.07897134757517464,200
quick-multipivot-4,1024,394,779,10974,0.07098596683069072,200
quick-multipivot-4,1024,395,778,11604,0.06704584625991038,200
quick-multipivot-4,1024,396,775,18133,0.04273975624551922,200
quick-multipivot-4,1024,397,774,10406,0.0743801652892562,200
quick-multipivot-4,1024,398,770,28457,0.02705836876691148,200
quick-multipivot-4,1024,399,768,12353,0.06217113251841658,200
quick-multipivot-4,1024,400,766,14840,0.05161725067385445,200
quick-multipivot-4,1024,401,765,5255,0.1455756422454805,200
quick-multipivot-4,1024,402,758,40592,0.018673630271974773,200
quick-multipivot-4,1024,403,754,31724,0.02376749464128105,200
quick-multipivot-4,1024,404,749,29385,0.025489195167602518,200
quick-multipivot-4,1024,405,747,13121,0.05693163630820822,200
quick-multipivot-4,1024,406,741,35567,0.020833919082295385,200
quick-multipivot-4,1024,407,739,15372,0.0480744210252407,200
quick-multipivot-4,1024,408,738,7498,0.09842624699919979,200
quick-multipivot-4,1024,409,735,24873,0.02955011458207695,200
quick-multipivot-4,1024,410,730,34479,0.02117230778154819,200
quick-multipivot-4,1024,411,729,7339,0.09933233410546397,200
quick-multipivot-4,1024,412,727,11770,0.06176720475785896,200
quick-multipivot-4,1024,413,727,2389,0.3043114273754709,200
quick-multipivot-4,1024,414,726,6895,0.10529369108049311,200
quick-multipivot-4,1024,415,724,9953,0.07274188686828092,200
quick-multipivot-4,1024,416,720,21575,0.03337195828505214,200
quick-multipivot-4,1024,417,716,18823,0.0380385698347766,200
quick-multipivot-4,1024,418,714,17464,0.04088410444342648,200
quick-multipivot-4,1024,419,712,9521,0.07478206070790883,200
quick-multipivot-4,1024,420,709,22808,0.031085584005612066,200
quick-multipivot-4,1024,421,706,22938,0.030778620629523062,200
quick-multipivot-4,1024,422,702,24174,0.029039463886820552,200
quick-multipivot-4,1024,423,698,25501,0.02737147562840673,200
quick-multipivot-4,1024,424,695,20945,0.03318214370971592,200
quick-multipivot-4,1024,425,690,36841,0.018729133302570505,200
quick-multipivot-4,1024,426,689,10310,0.06682832201745878,200
quick-multipivot-4,1024,427,686,18404,0.03727450554227342,200
quick-multipivot-4,1024,428,682,25631,0.026608403885919396,200
quick-multipivot-4,1024,429,680,17687,0.038446316503646744,200
quick-multipivot-4,1024,430,680,2202,0.30881017257039056,200
quick-multipivot-4,1024,431,680,2169,0.3135085292761641,200
quick-multipivot-4,1024,432,677,27375,0.024730593607305937,200
quick-multipivot-4,1024,433,676,9136,0.07399299474605954,200
quick-multipivot-4,1024,434,676,2256,0.299645390070922,200
quick-multipivot-4,1024,435,673,21418,0.03142216826967971,200
quick-multipivot-4,1024,436,669,25925,0.025805207328833173,200
quick-multipivot-4,1024,437,665,29131,0.022827915279255775,200
quick-multipivot-4,1024,438,663,18334,0.03616232137013199,200
quick-multipivot-4,1024,439,663,2242,0.29571810883140054,200
quick-multipivot-4,1024,440,662,6259,0.10576769451989136,200
quick-multipivot-4,1024,441,660,13020,0.05069124423963134,200
quick-multipivot-4,1024,442,658,10815,0.060841423948220064,200
quick-multipivot-4,1024,443,655,23544,0.027820251444104657,200
quick-multipivot-4,1024,444,653,16934,0.0385614739577182,200
quick-multipivot-4,1024,445,649,23448,0.02767826680313886,200
quick-multipivot-4,1024,446,648,7375,0.08786440677966102,200
quick-multipivot-4,1024,447,646,16416,0.03935185185185185,200
quick-multipivot-4,1024,448,646,2070,0.3120772946859903,200
quick-multipivot-4,1024,449,644,14989,0.04296484088331443,200
quick-multipivot-4,1024,450,641,20725,0.030928829915560917,200
quick-multipivot-4,1024,451,638,20360,0.03133595284872299,200
quick-multipivot-4,1024,452,635,23504,0.027016678012253232,200
quick-multipivot-4,1024,453,635,1990,0.31909547738693467,200
quick-multipivot-4,1024,454,633,17013,0.0372068418268383,200
quick-multipivot-4,1024,455,628,28274,0.022211218787578695,200
quick-multipivot-4,1024,456,625,20957,0.0298229708450637,200
quick-multipivot-4,1024,457,624,9472,0.06587837837837837,200
quick-multipivot-4,1024,458,622,12669,0.04909621911753098,200
quick-multipivot-4,1024,459,619,24084,0.025701710679289155,200
quick-multipivot-4,1024,460,616,26022,0.023672277303819846,200
quick-multipivot-4,1024,461,614,18361,0.03344044442023855,200
quick-multipivot-4,1024,462,614,1964,0.31262729124236255,200
quick-multipivot-4,1024,463,611,23226,0.026306725221734262,200
quick-multipivot-4,1024,464,607,29710,0.02043083136990912,200
quick-multipivot-4,1024,465,605,12727,0.04753673292999136,200
quick-multipivot-4,1024,466,604,10492,0.05756767060617613,200
quick-multipivot-4,1024,467,601,25954,0.02315635354858596,200
quick-multipivot-4,1024,468,598,20827,0.028712728669515533,200
quick-multipivot-4,1024,469,596,14165,0.042075538298623365,200
quick-multipivot-4,1024,470,594,13271,0.044759249491372166,200
quick-multipivot-4,1024,471,593,9056,0.06548144876325088,200
quick-multipivot-4,1024,472,590,21779,0.027090316359796134,200
quick-multipivot-4,1024,473,585,38307,0.01527136032578902,200
quick-multipivot-4,1024,474,583,15077,0.03866817006035683,200
quick-multipivot-4,1024,475,581,16634,0.034928459781171095,200
quick-multipivot-4,1024,476,581,1765,0.3291784702549575,200
quick-multipivot-4,1024,477,579,15707,0.03686254536194054,200
quick-multipivot-4,1024,478,576,25737,0.022380230796130086,200
quick-multipivot-4,1024,479,574,18207,0.031526336024605923,200
quick-multipivot-4,1024,480,571,17949,0.031812357234386315,200
quick-multipivot-4,1024,481,569,14613,0.03893793197837542,200
quick-multipivot-4,1024,482,566,20043,0.02823928553609739,200
quick-multipivot-4,1024,483,566,1772,0.3194130925507901,200
quick-multipivot-4,1024,484,566,1724,0.32830626450116007,200
quick-multipivot-4,1024,485,564,15773,0.03575730679008432,200
quick-multipivot-4,1024,486,562,14940,0.037617135207496655,200
quick-multipivot-4,1024,487,562,1759,0.31949971574758385,200
quick-multipivot-4,1024,488,559,26780,0.02087378640776699,200
quick-multipivot-4,1024,489,558,6755,0.08260547742413027,200
quick-multipivot-4,1024,490,556,13802,0.040284016809158094,200
quick-multipivot-4,1024,491,554,18281,0.030304687927356272,200
quick-multipivot-4,1024,492,551,20748,0.026556776556776556,200
quick-multipivot-4,1024,493,549,17999,0.030501694538585478,200
quick-multipivot-4,1024,494,549,1717,0.3197437390797903,200
quick-multipivot-4,1024,495,547,16880,0.03240521327014218,200
quick-multipivot-4,1024,496,545,15010,0.036309127248501,200
quick-multipivot-4,1024,497,541,33184,0.016303037608486018,200
quick-multipivot-4,1024,498,541,1796,0.3012249443207127,200
quick-multipivot-4,1024,499,539,17285,0.03118310673994793,200
quick-multipivot-4,1024,500,538,6328,0.08501896333754741,200
quick-multipivot-4,1024,501,538,1685,0.31928783382789316,200
quick-multipivot-4,1024,502,537,7650,0.07019607843137254,200
quick-multipivot-4,1024,503,535,17828,0.03000897464662329,200
quick-multipivot-4,1024,504,534,5297,0.10081178025297338,200
quick-multipivot-4,1024,505,531,20007,0.026540710751237068,200
quick-multipivot-4,1024,506,529,17919,0.029521736704057146,200
quick-multipivot-4,1024,507,527,12866,0.040960671537385356,200
quick-multipivot-4,1024,508,524,22778,0.023004653613135483,200
quick-multipivot-4,1024,509,522,18439,0.028309561256033407,200
quick-multipivot-4,1024,510,522,1628,0.32063882063882065,200
quick-multipivot-4,1024,511,520,10278,0.050593500681066356,200
quick-multipivot-4,1024,512,519,6937,0.0748162029695834,200
quick-multipivot-4,1024,513,519,1641,0.3162705667276051,200
quick-multipivot-4,1024,514,519,1613,0.3217606943583385,200
quick-multipivot-4,1024,515,519,1644,0.3156934306569343,200
quick-multipivot-4,1024,516,517,18864,0.027406700593723493,200
quick-multipivot-4,1024,517,515,17749,0.02901571919544763,200
quick-multipivot-4,1024,518,512,25722,0.019905139569240338,200
quick-multipivot-4,1024,519,510,17111,0.029805388346677574,200
quick-multipivot-4,1024,520,508,12957,0.0392066064675465,200
quick-multipivot-4,1024,521,504,30072,0.01675977653631285,200
quick-multipivot-4,1024,522,503,5059,0.09942676418264479,200
quick-multipivot-4,1024,523,501,14891,0.03364448324491304,200
quick-multipivot-4,1024,524,498,16926,0.029422190712513292,200
quick-multipivot-4,1024,525,498,1520,0.32763157894736844,200
quick-multipivot-4,1024,526,495,25406,0.019483586554357238,200
quick-multipivot-4,1024,527,494,10074,0.049037125272979945,200
quick-multipivot-4,1024,528,494,1512,0.32671957671957674,200
quick-multipivot-4,1024,529,493,5971,0.08256573438285045,200
quick-multipivot-4,1024,530,493,1461,0.33744010951403147,200
quick-multipivot-4,1024,531,492,9637,0.05105323233371381,200
quick-multipivot-4,1024,532,492,1521,0.3234714003944773,200
quick-multipivot-4,1024,533,491,9635,0.05096004151530877,200
quick-multipivot-4,1024,534,488,17352,0.028123559243891195,200
quick-multipivot-4,1024,535,484,31336,0.015445494000510596,200
quick-multipivot-4,1024,536,484,1483,0.3263654753877276,200
quick-multipivot-4,1024,537,484,1407,0.34399431414356785,200
quick-multipivot-4,1024,538,481,20361,0.023623594126025244,200
quick-multipivot-4,1024,539,480,9719,0.04938779709846692,200
quick-multipivot-4,1024,540,480,1475,0.3254237288135593,200
quick-multipivot-4,1024,541,478,13960,0.034240687679083094,200
quick-multipivot-4,1024,542,475,24510,0.01937984496124031,200
quick-multipivot-4,1024,543,475,1360,0.3492647058823529,200
quick-multipivot-4,1024,544,474,10001,0.04739526047395261,200
quick-multipivot-4,1024,545,472,16643,0.028360271585651624,200
quick-multipivot-4,1024,546,471,9296,0.05066695352839931,200
quick-multipivot-4,1024,547,468,22460,0.020837043633125555,200
quick-multipivot-4,1024,548,467,9914,0.04710510389348396,200
quick-multipivot-4,1024,549,464,21947,0.02114184170957306,200
quick-multipivot-4,1024,550,464,1350,0.3437037037037037,200
quick-multipivot-4,1024,551,462,16670,0.027714457108578283,200
quick-multipivot-4,1024,552,458,27816,0.01646534368708657,200
quick-multipivot-4,1024,553,454,31431,0.014444338392033343,200
quick-multipivot-4,1024,554,454,1323,0.3431594860166289,200
quick-multipivot-4,1024,555,454,1327,0.3421250941974378,200
quick-multipivot-4,1024,556,451,24028,0.018769768603296155,200
quick-multipivot-4,1024,557,449,17585,0.025533124822291725,200
quick-multipivot-4,1024,558,448,9577,0.04677874073300616,200
quick-multipivot-4,1024,559,448,1269,0.3530338849487786,200
quick-multipivot-4,1024,560,447,8202,0.054498902706656915,200
quick-multipivot-4,1024,561,446,9009,0.049506049506049504,200
quick-multipivot-4,1024,562,441,41164,0.01071324458264503,200
quick-multipivot-4,1024,563,438,20935,0.020921901122522093,200
quick-multipivot-4,1024,564,437,7852,0.05565461029037188,200
quick-multipivot-4,1024,565,434,25418,0.017074514123849242,200
quick-multipivot-4,1024,566,432,17023,0.025377430535158316,200
quick-multipivot-4,1024,567,431,8522,0.050574982398498,200
quick-multipivot-4,1024,568,427,27498,0.015528402065604772,200
quick-multipivot-4,1024,569,426,8196,0.05197657393850659,200
quick-multipivot-4,1024,570,424,15143,0.02799973585154857,200
quick-multipivot-4,1024,571,421,23428,0.017969950486597233,200
quick-multipivot-4,1024,572,420,8956,0.04689593568557392,200
quick-multipivot-4,1024,573,419,9271,0.045194693129112284,200
quick-multipivot-4,1024,574,419,1210,0.34628099173553717,200
quick-multipivot-4,1024,575,417,12575,0.0331610337972167,200
quick-multipivot-4,1024,576,417,1214,0.34349258649093906,200
quick-multipivot-4,1024,577,416,7385,0.056330399458361546,200
quick-multipivot-4,1024,578,414,14713,0.028138381023584586,200
quick-multipivot-4,1024,579,412,13005,0.031680123029604,200
quick-multipivot-4,1024,580,412,1173,0.3512361466325661,200
quick-multipivot-4,1024,581,411,9404,0.0437048064653339,200
quick-multipivot-4,1024,582,411,1184,0.3471283783783784,200
quick-multipivot-4,1024,583,410,6442,0.06364483079788885,200
quick-multipivot-4,1024,584,409,8083,0.05060002474328838,200
quick-multipivot-4,1024,585,409,1171,0.3492741246797609,200
quick-multipivot-4,1024,586,407,14241,0.028579453690049855,200
quick-multipivot-4,1024,587,407,1146,0.3551483420593368,200
quick-multipivot-4,1024,588,404,25210,0.016025386751289172,200
quick-multipivot-4,1024,589,404,1146,0.3525305410122164,200
quick-multipivot-4,1024,590,404,1148,0.3519163763066202,200
quick-multipivot-4,1024,591,403,8189,0.049212358041274884,200
quick-multipivot-4,1024,592,403,1210,0.3330578512396694,200
quick-multipivot-4,1024,593,403,1136,0.35475352112676056,200
quick-multipivot-4,1024,594,401,18950,0.02116094986807388,200
quick-multipivot-4,1024,595,400,7978,0.05013787916771121,200
quick-multipivot-4,1024,596,400,1123,0.3561887800534283,200
quick-multipivot-4,1024,597,400,1152,0.3472222222222222,200
quick-multipivot-4,1024,598,399,8766,0.04551676933607118,200
quick-multipivot-4,1024,599,399,1110,0.35945945945945945,200
quick-multipivot-4,1024,600,398,8795,0.045252984650369525,200
quick-multipivot-4,1024,601,397,8735,0.045449341728677733,200
quick-multipivot-4,1024,602,396,8803,0.04498466431898217,200
quick-multipivot-4,1024,603,396,1106,0.35804701627486435,200
quick-multipivot-4,1024,604,395,8731,0.04524109494903218,200
quick-multipivot-4,1024,605,393,15539,0.02529120278010168,200
quick-multipivot-4,1024,606,393,1125,0.34933333333333333,200
quick-multipivot-4,1024,607,392,8225,0.04765957446808511,200
quick-multipivot-4,1024,608,389,20053,0.019398593726624447,200
quick-multipivot-4,1024,609,389,1112,0.3498201438848921,200
quick-multipivot-4,1024,610,389,1122,0.34670231729055256,200
quick-multipivot-4,1024,611,388,7140,0.05434173669467787,200
quick-multipivot-4,1024,612,387,9197,0.04207893878438621,200
quick-multipivot-4,1024,613,387,1087,0.3560257589696412,200
quick-multipivot-4,1024,614,387,1084,0.3570110701107011,200
quick-multipivot-4,1024,615,387,1121,0.3452274754683318,200
quick-multipivot-4,1024,616,384,21713,0.017685257679731038,200
quick-multipivot-4,1024,617,383,9211,0.04158071870589512,200
quick-multipivot-4,1024,618,382,6480,0.05895061728395062,200
quick-multipivot-4,1024,619,381,5569,0.06841443706230921,200
quick-multipivot-4,1024,620,380,5315,0.07149576669802446,200
quick-multipivot-4,1024,621,379,8926,0.042460228545821196,200
quick-multipivot-4,1024,622,378,9278,0.040741539124811384,200
quick-multipivot-4,1024,623,376,16216,0.023186975826344353,200
quick-multipivot-4,1024,624,376,1041,0.3611911623439001,200
quick-multipivot-4,1024,625,376,1059,0.3550519357884797,200
quick-multipivot-4,1024,626,376,1085,0.34654377880184334,200
quick-multipivot-4,1024,627,375,7077,0.052988554472233995,200
quick-multipivot-4,1024,628,373,17849,0.020897529273348647,200
quick-multipivot-4,1024,629,372,8861,0.041981717639092656,200
quick-multipivot-4,1024,630,371,9028,0.04109437306158618,200
quick-multipivot-4,1024,631,370,5347,0.06919768094258463,200
quick-multipivot-4,1024,632,368,17888,0.020572450805008944,200
quick-multipivot-4,1024,633,366,17867,0.02048469244976773,200
quick-multipivot-4,1024,634,363,25524,0.014221908791725435,200
quick-multipivot-4,1024,635,361,15627,0.02310104306648749,200
quick-multipivot-4,1024,636,359,15249,0.023542527378844515,200
quick-multipivot-4,1024,637,359,986,0.3640973630831643,200
quick-multipivot-4,1024,638,357,16771,0.02128674497644744,200
quick-multipivot-4,1024,639,356,9210,0.038653637350705754,200
quick-multipivot-4,1024,640,355,8764,0.04050661798265632,200
quick-multipivot-4,1024,641,355,980,0.3622448979591837,200
quick-multipivot-4,1024,642,354,8989,0.039381466236511294,200
quick-multipivot-4,1024,643,354,956,0.3702928870292887,200
quick-multipivot-4,1024,644,354,963,0.367601246105919,200
quick-multipivot-4,1024,645,353,8431,0.04186929189894437,200
quick-multipivot-4,1024,646,352,8533,0.04125161139106996,200
quick-multipivot-4,1024,647,351,9079,0.03866064544553365,200
quick-multipivot-4,1024,648,351,943,0.3722163308589608,200
quick-multipivot-4,1024,649,350,9567,0.03658409114664994,200
quick-multipivot-4,1024,650,348,16520,0.021065375302663437,200
quick-multipivot-4,1024,651,348,966,0.36024844720496896,200
quick-multipivot-4,1024,652,345,25017,0.013790622376783787,200
quick-multipivot-4,1024,653,345,939,0.36741214057507987,200
quick-multipivot-4,1024,654,343,17613,0.019474251972974508,200
quick-multipivot-4,1024,655,343,947,0.36219640971488914,200
quick-multipivot-4,1024,656,343,934,0.367237687366167,200
quick-multipivot-4,1024,657,342,9208,0.037141615986099046,200
quick-multipivot-4,1024,658,340,17643,0.01927109901944114,200
quick-multipivot-4,1024,659,340,881,0.3859250851305335,200
quick-multipivot-4,1024,660,340,915,0.37158469945355194,200
quick-multipivot-4,1024,661,340,936,0.36324786324786323,200
quick-multipivot-4,1024,662,339,8199,0.041346505671423346,200
quick-multipivot-4,1024,663,338,9743,0.034691573437339626,200
quick-multipivot-4,1024,664,337,8951,0.03764942464529103,200
quick-multipivot-4,1024,665,337,906,0.3719646799116998,200
quick-multipivot-4,1024,666,336,8637,0.038902396665508855,200
quick-multipivot-4,1024,667,335,8699,0.03851017358317048,200
quick-multipivot-4,1024,668,335,909,0.36853685368536854,200
quick-multipivot-4,1024,669,335,889,0.37682789651293586,200
quick-multipivot-4,1024,670,334,9611,0.034751846842160025,200
quick-multipivot-4,1024,671,331,24125,0.013720207253886011,200
quick-multipivot-4,1024,672,331,921,0.35939196525515743,200
quick-multipivot-4,1024,673,330,8099,0.040745771082849734,200
quick-multipivot-4,1024,674,329,7664,0.04292797494780793,200
quick-multipivot-4,1024,675,327,17322,0.01887772774506408,200
quick-multipivot-4,1024,676,327,869,0.3762945914844649,200
quick-multipivot-4,1024,677,326,9010,0.03618201997780244,200
quick-multipivot-4,1024,678,326,895,0.3642458100558659,200
quick-multipivot-4,1024,679,324,14186,0.022839419145636544,200
quick-multipivot-4,1024,680,324,876,0.3698630136986301,200
quick-multipivot-4,1024,681,324,845,0.3834319526627219,200
quick-multipivot-4,1024,682,323,5515,0.0585675430643699,200
quick-multipivot-4,1024,683,323,828,0.39009661835748793,200
quick-multipivot-4,1024,684,321,17281,0.018575313928592095,200
quick-multipivot-4,1024,685,317,31080,0.010199485199485199,200
quick-multipivot-4,1024,686,316,9432,0.033502968617472435,200
quick-multipivot-4,1024,687,315,8990,0.035038932146829814,200
quick-multipivot-4,1024,688,315,839,0.37544696066746125,200
quick-multipivot-4,1024,689,313,17175,0.018224163027656476,200
quick-multipivot-4,1024,690,311,17432,0.01784075263882515,200
quick-multipivot-4,1024,691,311,836,0.37200956937799046,200
quick-multipivot-4,1024,692,311,838,0.3711217183770883,200
quick-multipivot-4,1024,693,310,8998,0.03445210046677039,200
quick-multipivot-4,1024,694,310,816,0.3799019607843137,200
quick-multipivot-4,1024,695,309,6973,0.04431378172952818,200
quick-multipivot-4,1024,696,307,13386,0.022934409084117736,200
quick-multipivot-4,1024,697,307,818,0.3753056234718826,200
quick-multipivot-4,1024,698,306,9096,0.033641160949868076,200
quick-multipivot-4,1024,699,305,8793,0.034686682588422606,200
quick-multipivot-4,1024,700,304,8077,0.037637736783459205,200
quick-multipivot-4,1024,701,304,826,0.36803874092009686,200
quick-multipivot-4,1024,702,303,8242,0.03676292162096578,200
quick-multipivot-4,1024,703,301,16260,0.018511685116851168,200
quick-multipivot-4,1024,704,301,785,0.3834394904458599,200
quick-multipivot-4,1024,705,301,799,0.376720901126408,200
quick-multipivot-4,1024,706,301,802,0.37531172069825436,200
quick-multipivot-4,1024,707,299,16853,0.017741648371209874,200
quick-multipivot-4,1024,708,299,777,0.38481338481338484,200
quick-multipivot-4,1024,709,296,24148,0.01225774391253934,200
quick-multipivot-4,1024,710,295,8983,0.03283980852721808,200
quick-multipivot-4,1024,711,294,8770,0.033523375142531356,200
quick-multipivot-4,1024,712,293,9110,0.03216245883644347,200
quick-multipivot-4,1024,713,292,9735,0.029994863893168976,200
quick-multipivot-4,1024,714,292,771,0.3787289234760052,200
quick-multipivot-4,1024,715,292,761,0.38370565045992117,200
quick-multipivot-4,1024,716,292,766,0.381201044386423,200
quick-multipivot-4,1024,717,291,8773,0.03316995326570159,200
quick-multipivot-4,1024,718,291,764,0.38089005235602097,200
quick-multipivot-4,1024,719,291,734,0.39645776566757496,200
quick-multipivot-4,1024,720,290,8331,0.03480974672908414,200
quick-multipivot-4,1024,721,289,7940,0.03639798488664987,200
quick-multipivot-4,1024,722,289,760,0.38026315789473686,200
quick-multipivot-4,1024,723,289,779,0.37098844672657255,200
quick-multipivot-4,1024,724,289,765,0.37777777777777777,200
quick-multipivot-4,1024,725,288,9783,0.029438822447102116,200
quick-multipivot-4,1024,726,288,763,0.37745740498034075,200
quick-multipivot-4,1024,727,287,8713,0.03293928612418225,200
quick-multipivot-4,1024,728,286,8697,0.03288490284005979,200
quick-multipivot-4,1024,729,286,716,0.3994413407821229,200
quick-multipivot-4,1024,730,284,16397,0.017320241507592853,200
quick-multipivot-4,1024,731,283,8713,0.032480201997015956,200
quick-multipivot-4,1024,732,283,718,0.39415041782729804,200
quick-multipivot-4,1024,733,283,749,0.37783711615487314,200
quick-multipivot-4,1024,734,283,737,0.383989145183175,200
quick-multipivot-4,1024,735,283,727,0.3892709766162311,200
quick-multipivot-4,1024,736,283,705,0.4014184397163121,200
quick-multipivot-4,1024,737,281,17235,0.016304032492022048,200
quick-multipivot-4,1024,738,281,726,0.38705234159779617,200
quick-multipivot-4,1024,739,281,721,0.3897364771151179,200
quick-multipivot-4,1024,740,280,8884,0.0315173345339937,200
quick-multipivot-4,1024,741,280,720,0.3888888888888889,200
quick-multipivot-4,1024,742,279,6664,0.04186674669867947,200
quick-multipivot-4,1024,743,279,716,0.38966480446927376,200
quick-multipivot-4,1024,744,279,702,0.3974358974358974,200
quick-multipivot-4,1024,745,279,725,0.38482758620689655,200
quick-multipivot-4,1024,746,279,696,0.40086206896551724,200
quick-multipivot-4,1024,747,279,722,0.3864265927977839,200
quick-multipivot-4,1024,748,279,704,0.3963068181818182,200
quick-multipivot-4,1024,749,279,733,0.3806275579809004,200
quick-multipivot-4,1024,750,278,8704,0.031939338235294115,200
quick-multipivot-4,1024,751,277,8920,0.031053811659192826,200
quick-multipivot-4,1024,752,277,711,0.38959212376933894,200
quick-multipivot-4,1024,753,277,703,0.3940256045519203,200
quick-multipivot-4,1024,754,277,717,0.38633193863319387,200
quick-multipivot-4,1024,755,274,25050,0.01093812375249501,200
quick-multipivot-4,1024,756,273,8759,0.031167941545838566,200
quick-multipivot-4,1024,757,273,695,0.39280575539568346,200
quick-multipivot-4,1024,758,272,8678,0.031343627563954826,200
quick-multipivot-4,1024,759,271,9012,0.030071016422547715,200
quick-multipivot-4,1024,760,270,9526,0.028343480999370146,200
quick-multipivot-4,1024,761,270,695,0.38848920863309355,200
quick-multipivot-4,1024,762,269,8845,0.030412662521198418,200
quick-multipivot-4,1024,763,269,675,0.3985185185185185,200
quick-multipivot-4,1024,764,269,675,0.3985185185185185,200
quick-multipivot-4,1024,765,269,682,0.3944281524926686,200
quick-multipivot-4,1024,766,268,8980,0.029844097995545656,200
quick-multipivot-4,1024,767,268,674,0.39762611275964393,200
quick-multipivot-4,1024,768,267,8866,0.030115046244078503,200
quick-multipivot-4,1024,769,267,687,0.388646288209607,200
quick-multipivot-4,1024,770,266,9223,0.02884094112544725,200
quick-multipivot-4,1024,771,264,16996,0.015533066603906801,200
quick-multipivot-4,1024,772,264,668,0.39520958083832336,200
quick-multipivot-4,1024,773,264,665,0.3969924812030075,200
quick-multipivot-4,1024,774,264,669,0.39461883408071746,200
quick-multipivot-4,1024,775,263,9859,0.026676133482097575,200
quick-multipivot-4,1024,776,263,670,0.3925373134328358,200
quick-multipivot-4,1024,777,262,8823,0.029695115040235746,200
quick-multipivot-4,1024,778,261,8676,0.03008298755186722,200
quick-multipivot-4,1024,779,259,15644,0.016555868064433647,200
quick-multipivot-4,1024,780,259,642,0.40342679127725856,200
quick-multipivot-4,1024,781,259,653,0.39663093415007655,200
quick-multipivot-4,1024,782,259,643,0.40279937791601866,200
quick-multipivot-4,1024,783,258,9056,0.02848939929328622,200
quick-multipivot-4,1024,784,258,642,0.40186915887850466,200
quick-multipivot-4,1024,785,258,655,0.3938931297709924,200
quick-multipivot-4,1024,786,258,652,0.39570552147239263,200
quick-multipivot-4,1024,787,258,642,0.40186915887850466,200
quick-multipivot-4,1024,788,256,17151,0.01492624336773366,200
quick-multipivot-4,1024,789,255,8955,0.02847571189279732,200
quick-multipivot-4,1024,790,254,8917,0.02848491645172143,200
quick-multipivot-4,1024,791,254,628,0.40445859872611467,200
quick-multipivot-4,1024,792,254,637,0.3987441130298273,200
quick-multipivot-4,1024,793,254,634,0.40063091482649843,200
quick-multipivot-4,1024,794,254,628,0.40445859872611467,200
quick-multipivot-4,1024,795,254,655,0.38778625954198476,200
quick-multipivot-4,1024,796,254,624,0.40705128205128205,200
quick-multipivot-4,1024,797,254,645,0.3937984496124031,200
quick-multipivot-4,1024,798,254,633,0.40126382306477093,200
quick-multipivot-4,1024,799,252,17062,0.014769663579885125,200
quick-multipivot-4,1024,800,252,619,0.407108239095315,200
quick-multipivot-4,1024,801,252,640,0.39375,200
quick-multipivot-4,1024,802,251,8999,0.027891987998666518,200
quick-multipivot-4,1024,803,249,16097,0.015468720879667018,200
quick-multipivot-4,1024,804,249,610,0.4081967213114754,200
quick-multipivot-4,1024,805,249,625,0.3984,200
quick-multipivot-4,1024,806,249,623,0.3996789727126806,200
quick-multipivot-4,1024,807,248,9643,0.02571813750907394,200
quick-multipivot-4,1024,808,247,8804,0.02805542935029532,200
quick-multipivot-4,1024,809,246,9332,0.026360908701243035,200
quick-multipivot-4,1024,810,246,611,0.4026186579378069,200
quick-multipivot-4,1024,811,246,609,0.4039408866995074,200
quick-multipivot-4,1024,812,246,630,0.3904761904761905,200
quick-multipivot-4,1024,813,246,609,0.4039408866995074,200
quick-multipivot-4,1024,814,245,8882,0.027583877505066426,200
quick-multipivot-4,1024,815,244,9082,0.026866329002422373,200
quick-multipivot-4,1024,816,244,602,0.4053156146179402,200
quick-multipivot-4,1024,817,244,601,0.4059900166389351,200
quick-multipivot-4,1024,818,244,597,0.40871021775544386,200
quick-multipivot-4,1024,819,244,609,0.4006568144499179,200
quick-multipivot-4,1024,820,243,9116,0.0266564282580079,200
quick-multipivot-4,1024,821,243,623,0.3900481540930979,200
quick-multipivot-4,1024,822,243,607,0.400329489291598,200
quick-multipivot-4,1024,823,243,603,0.40298507462686567,200
quick-multipivot-4,1024,824,243,591,0.41116751269035534,200
quick-multipivot-4,1024,825,243,590,0.411864406779661,200
quick-multipivot-4,1024,826,243,601,0.4043261231281198,200
quick-multipivot-4,1024,827,243,610,0.3983606557377049,200
quick-multipivot-4,1024,828,243,607,0.400329489291598,200
quick-multipivot-4,1024,829,241,16944,0.014223323890462701,200
quick-multipivot-4,1024,830,241,599,0.4023372287145242,200
quick-multipivot-4,1024,831,240,8160,0.029411764705882353,200
quick-multipivot-4,1024,832,239,8450,0.028284023668639052,200
quick-multipivot-4,1024,833,239,587,0.4071550255536627,200
quick-multipivot-4,1024,834,239,588,0.4064625850340136,200
quick-multipivot-4,1024,835,238,8959,0.026565464895635674,200
quick-multipivot-4,1024,836,237,8507,0.02785940989773128,200
quick-multipivot-4,1024,837,236,9300,0.025376344086021504,200
quick-multipivot-4,1024,838,236,563,0.4191829484902309,200
quick-multipivot-4,1024,839,236,560,0.42142857142857143,200
quick-multipivot-4,1024,840,235,10181,0.02308221196346135,200
quick-multipivot-4,1024,841,235,581,0.4044750430292599,200
quick-multipivot-4,1024,842,235,588,0.39965986394557823,200
quick-multipivot-4,1024,843,234,8835,0.026485568760611207,200
quick-multipivot-4,1024,844,234,578,0.40484429065743943,200
quick-multipivot-4,1024,845,234,575,0.40695652173913044,200
quick-multipivot-4,1024,846,233,9388,0.02481891776736259,200
quick-multipivot-4,1024,847,232,7864,0.029501525940996948,200
quick-multipivot-4,1024,848,231,9271,0.024916405997195554,200
quick-multipivot-4,1024,849,231,578,0.39965397923875434,200
quick-multipivot-4,1024,850,230,8825,0.026062322946175637,200
quick-multipivot-4,1024,851,229,8929,0.025646768955090157,200
quick-multipivot-4,1024,852,229,563,0.4067495559502664,200
quick-multipivot-4,1024,853,229,563,0.4067495559502664,200
quick-multipivot-4,1024,854,229,562,0.40747330960854095,200
quick-multipivot-4,1024,855,228,8704,0.02619485294117647,200
quick-multipivot-4,1024,856,228,558,0.40860215053763443,200
quick-multipivot-4,1024,857,228,555,0.41081081081081083,200
quick-multipivot-4,1024,858,228,568,0.4014084507042254,200
quick-multipivot-4,1024,859,228,554,0.41155234657039713,200
quick-multipivot-4,1024,860,228,550,0.41454545454545455,200
quick-multipivot-4,1024,861,228,559,0.407871198568873,200
quick-multipivot-4,1024,862,226,17527,0.012894391510241342,200
quick-multipivot-4,1024,863,225,8265,0.02722323049001815,200
quick-multipivot-4,1024,864,225,554,0.40613718411552346,200
quick-multipivot-4,1024,865,224,8802,0.025448761645080663,200
quick-multipivot-4,1024,866,223,9113,0.024470536596071547,200
quick-multipivot-4,1024,867,223,538,0.4144981412639405,200
quick-multipivot-4,1024,868,223,532,0.4191729323308271,200
quick-multipivot-4,1024,869,222,8887,0.024980308315517046,200
quick-multipivot-4,1024,870,222,534,0.4157303370786517,200
quick-multipivot-4,1024,871,222,553,0.4014466546112116,200
quick-multipivot-4,1024,872,222,541,0.41035120147874304,200
quick-multipivot-4,1024,873,221,8497,0.026009179710486052,200
quick-multipivot-4,1024,874,220,8522,0.02581553625909411,200
quick-multipivot-4,1024,875,220,538,0.40892193308550184,200
quick-multipivot-4,1024,876,219,8643,0.025338424158278375,200
quick-multipivot-4,1024,877,219,525,0.41714285714285715,200
quick-multipivot-4,1024,878,219,528,0.4147727272727273,200
quick-multipivot-4,1024,879,219,538,0.4070631970260223,200
quick-multipivot-4,1024,880,219,523,0.4187380497131931,200
quick-multipivot-4,1024,881,219,537,0.40782122905027934,200
quick-multipivot-4,1024,882,218,9063,0.024053845305086616,200
quick-multipivot-4,1024,883,218,511,0.42661448140900193,200
quick-multipivot-4,1024,884,218,527,0.41366223908918404,200
quick-multipivot-4,1024,885,218,526,0.4144486692015209,200
quick-multipivot-4,1024,886,218,533,0.4090056285178236,200
quick-multipivot-4,1024,887,218,528,0.4128787878787879,200
quick-multipivot-4,1024,888,217,10364,0.020937861829409495,200
quick-multipivot-4,1024,889,216,8717,0.02477916714465986,200
quick-multipivot-4,1024,890,216,520,0.4153846153846154,200
quick-multipivot-4,1024,891,216,512,0.421875,200
quick-multipivot-4,1024,892,216,528,0.4090909090909091,200
quick-multipivot-4,1024,893,216,513,0.42105263157894735,200
quick-multipivot-4,1024,894,216,518,0.416988416988417,200
quick-multipivot-4,1024,895,216,526,0.41064638783269963,200
quick-multipivot-4,1024,896,215,8631,0.024910207391959215,200
quick-multipivot-4,1024,897,215,522,0.4118773946360153,200
quick-multipivot-4,1024,898,214,8374,0.025555290183902554,200
quick-multipivot-4,1024,899,213,8824,0.02413871260199456,200
quick-multipivot-4,1024,900,213,516,0.4127906976744186,200
quick-multipivot-4,1024,901,213,512,0.416015625,200
quick-multipivot-4,1024,902,213,502,0.4243027888446215,200
quick-multipivot-4,1024,903,212,9015,0.023516361619523016,200
quick-multipivot-4,1024,904,212,513,0.41325536062378165,200
quick-multipivot-4,1024,905,212,503,0.42147117296222664,200
quick-multipivot-4,1024,906,212,502,0.42231075697211157,200
quick-multipivot-4,1024,907,212,505,0.4198019801980198,200
quick-multipivot-4,1024,908,212,525,0.4038095238095238,200
quick-multipivot-4,1024,909,212,501,0.4231536926147705,200
quick-multipivot-4,1024,910,212,503,0.42147117296222664,200
quick-multipivot-4,1024,911,212,512,0.4140625,200
quick-multipivot-4,1024,912,212,498,0.42570281124497994,200
quick-multipivot-4,1024,913,212,510,0.41568627450980394,200
quick-multipivot-4,1024,914,211,8758,0.024092258506508334,200
quick-multipivot-4,1024,915,210,9426,0.022278803309993635,200
quick-multipivot-4,1024,916,210,497,0.4225352112676056,200
quick-multipivot-4,1024,917,210,507,0.41420118343195267,200
quick-multipivot-4,1024,918,210,509,0.412573673870334,200
quick-multipivot-4,1024,919,209,8810,0.023723041997729854,200
quick-multipivot-4,1024,920,209,495,0.4222222222222222,200
quick-multipivot-4,1024,921,208,8433,0.024665006521996918,200
quick-multipivot-4,1024,922,208,506,0.41106719367588934,200
quick-multipivot-4,1024,923,208,496,0.41935483870967744,200
quick-multipivot-4,1024,924,208,488,0.4262295081967213,200
quick-multipivot-4,1024,925,208,497,0.41851106639839036,200
quick-multipivot-4,1024,926,207,9263,0.022346971823383355,200
quick-multipivot-4,1024,927,206,8563,0.024056989372883336,200
quick-multipivot-4,1024,928,206,482,0.42738589211618255,200
quick-multipivot-4,1024,929,206,502,0.4103585657370518,200
quick-multipivot-4,1024,930,206,491,0.4195519348268839,200
quick-multipivot-4,1024,931,206,485,0.4247422680412371,200
quick-multipivot-4,1024,932,206,482,0.42738589211618255,200
quick-multipivot-4,1024,933,205,8982,0.02282342462703184,200
quick-multipivot-4,1024,934,205,488,0.42008196721311475,200
quick-multipivot-4,1024,935,205,492,0.4166666666666667,200
quick-multipivot-4,1024,936,205,497,0.4124748490945674,200
quick-multipivot-4,1024,937,204,9462,0.02155992390615092,200
quick-multipivot-4,1024,938,204,486,0.41975308641975306,200
quick-multipivot-4,1024,939,204,479,0.42588726513569936,200
quick-multipivot-4,1024,940,204,487,0.4188911704312115,200
quick-multipivot-4,1024,941,204,474,0.43037974683544306,200
quick-multipivot-4,1024,942,204,489,0.4171779141104294,200
quick-multipivot-4,1024,943,204,494,0.41295546558704455,200
quick-multipivot-4,1024,944,203,10018,0.020263525653823118,200
quick-multipivot-4,1024,945,203,487,0.41683778234086244,200
quick-multipivot-4,1024,946,203,478,0.4246861924686193,200
quick-multipivot-4,1024,947,203,478,0.4246861924686193,200
quick-multipivot-4,1024,948,203,491,0.4134419551934827,200
quick-multipivot-4,1024,949,203,487,0.41683778234086244,200
quick-multipivot-4,1024,950,203,474,0.4282700421940928,200
quick-multipivot-4,1024,951,202,8980,0.02249443207126949,200
quick-multipivot-4,1024,952,202,497,0.40643863179074446,200
quick-multipivot-4,1024,953,202,472,0.4279661016949153,200
quick-multipivot-4,1024,954,201,8948,0.02246312025033527,200
quick-multipivot-4,1024,955,201,485,0.4144329896907217,200
quick-multipivot-4,1024,956,201,474,0.4240506329113924,200
quick-multipivot-4,1024,957,201,489,0.4110429447852761,200
quick-multipivot-4,1024,958,201,472,0.4258474576271186,200
quick-multipivot-4,1024,959,201,487,0.4127310061601643,200
quick-multipivot-4,1024,960,201,484,0.4152892561983471,200
quick-multipivot-4,1024,961,201,486,0.41358024691358025,200
quick-multipivot-4,1024,962,201,483,0.4161490683229814,200
quick-multipivot-4,1024,963,201,480,0.41875,200
quick-multipivot-4,1024,964,201,481,0.4178794178794179,200
quick-multipivot-4,1024,965,201,471,0.4267515923566879,200
quick-multipivot-4,1024,966,201,480,0.41875,200
quick-multipivot-4,1024,967,201,475,0.4231578947368421,200
quick-multipivot-4,1024,968,201,485,0.4144329896907217,200
quick-multipivot-4,1024,969,201,481,0.4178794178794179,200
quick-multipivot-4,1024,970,201,479,0.4196242171189979,200
quick-multipivot-4,1024,971,201,495,0.40606060606060607,200
quick-multipivot-4,1024,972,200,9039,0.02212634140944795,200
quick-multipivot-4,1024,973,200,478,0.41841004184100417,200
quick-multipivot-4,1024,974,200,465,0.43010752688172044,200
quick-multipivot-4,1024,975,200,486,0.411522633744856,200
quick-multipivot-4,1024,976,200,469,0.42643923240938164,200
quick-multipivot-4,1024,977,200,478,0.41841004184100417,200
quick-multipivot-4,1024,978,200,484,0.4132231404958678,200
quick-multipivot-4,1024,979,200,472,0.423728813559322,200
quick-multipivot-4,1024,980,200,479,0.4175365344467641,200
quick-multipivot-4,1024,981,200,470,0.425531914893617,200
quick-multipivot-4,1024,982,200,477,0.4192872117400419,200
quick-multipivot-4,1024,983,200,472,0.423728813559322,200
quick-multipivot-4,1024,984,200,468,0.42735042735042733,200
quick-multipivot-4,1024,985,200,482,0.4149377593360996,200
quick-multipivot-4,1024,986,200,477,0.4192872117400419,200
quick-multipivot-4,1024,987,200,477,0.4192872117400419,200
quick-multipivot-4,1024,988,200,469,0.42643923240938164,200
quick-multipivot-4,1024,989,200,469,0.42643923240938164,200
quick-multipivot-4,1024,990,200,487,0.4106776180698152,200
quick-multipivot-4,1024,991,200,474,0.4219409282700422,200
quick-multipivot-4,1024,992,200,458,0.4366812227074236,200
quick-multipivot-4,1024,993,200,472,0.423728813559322,200
quick-multipivot-4,1024,994,200,482,0.4149377593360996,200
quick-multipivot-4,1024,995,200,480,0.4166666666666667,200
quick-multipivot-4,1024,996,200,472,0.423728813559322,200
quick-multipivot-4,1024,997,200,477,0.4192872117400419,200
quick-multipivot-4,1024,998,200,477,0.4192872117400419,200
quick-multipivot-4,1024,999,200,479,0.4175365344467641,200
quick-multipivot-4,1024,1000,200,477,0.4192872117400419,200
quick-multipivot-4,1024,1001,200,473,0.42283298097251587,200
quick-multipivot-4,1024,1002,200,473,0.42283298097251587,200
quick-multipivot-4,1024,1003,200,471,0.42462845010615713,200
quick-multipivot-4,1024,1004,200,474,0.4219409282700422,200
quick-multipivot-4,1024,1005,200,475,0.42105263157894735,200
quick-multipivot-4,1024,1006,200,476,0.42016806722689076,200
quick-multipivot-4,1024,1007,200,482,0.4149377593360996,200
quick-multipivot-4,1024,1008,200,473,0.42283298097251587,200
quick-multipivot-4,1024,1009,200,475,0.42105263157894735,200
quick-multipivot-4,1024,1010,200,468,0.42735042735042733,200
quick-multipivot-4,1024,1011,200,483,0.4140786749482402,200
quick-multipivot-4,1024,1012,200,474,0.4219409282700422,200
quick-multipivot-4,1024,1013,200,476,0.42016806722689076,200
quick-multipivot-4,1024,1014,200,475,0.42105263157894735,200
quick-multipivot-4,1024,1015,200,472,0.423728813559322,200
quick-multipivot-4,1024,1016,200,481,0.4158004158004158,200
quick-multipivot-4,1024,1017,200,474,0.4219409282700422,200
quick-multipivot-4,1024,1018,200,466,0.4291845493562232,200
quick-multipivot-4,1024,1019,200,481,0.4158004158004158,200
quick-multipivot-4,1024,1020,200,494,0.4048582995951417,200
quick-multipivot-4,1024,1021,200,474,0.4219409282700422,200
quick-multipivot-4,1024,1022,134,536314,0.00024985363052241783,200
quick-multipivot-4,1024,1023,0,1092717,0.0,134
tree-avl,128,0,25600,8894997,0.002878022330979988,200
tree-avl,128,1,25600,26531,0.9649089744072972,200
tree-avl,128,2,25600,35739,0.7163043174123507,200
tree-avl,128,3,25597,72904,0.3511055634807418,200
tree-avl,128,4,25525,242019,0.1054669261504262,200
tree-avl,128,5,24977,757691,0.03296462542118093,200
tree-avl,128,6,22345,1551846,0.014398980311190673,200
tree-avl,128,7,18621,1706889,0.010909320992753484,200
tree-avl,128,8,14434,1813272,0.00796019571250204,200
tree-avl,128,9,10483,1270877,0.008248634604292942,200
tree-avl,128,10,8122,867748,0.009359860235921029,200
tree-avl,128,11,6458,562311,0.011484747764137639,200
tree-avl,128,12,5320,403488,0.013185026568324213,200
tree-avl,128,13,4573,282873,0.016166265426534168,200
tree-avl,128,14,3988,219074,0.018203894574436035,200
tree-avl,128,15,3533,177895,0.019860029792855335,200
tree-avl,128,16,3128,145831,0.02144948604891964,200
tree-avl,128,17,2809,111208,0.02525897417451982,200
tree-avl,128,18,2575,95784,0.02688340432640107,200
tree-avl,128,19,2357,81731,0.02883850680892195,200
tree-avl,128,20,2208,69070,0.031967569132763864,200
tree-avl,128,21,2059,60441,0.034066279512251614,200
tree-avl,128,22,1923,56591,0.0339806683041473,200
tree-avl,128,23,1799,48805,0.03686097735887717,200
tree-avl,128,24,1708,44289,0.038564880670143825,200
tree-avl,128,25,1609,38860,0.041405043746783325,200
tree-avl,128,26,1535,36887,0.041613576598801744,200
tree-avl,128,27,1451,35248,0.04116545619609623,200
tree-avl,128,28,1379,31763,0.043415294525076344,200
tree-avl,128,29,1315,28778,0.045694627840711655,200
tree-avl,128,30,1253,24414,0.05132301138690915,200
tree-avl,128,31,1201,23718,0.050636647272114005,200
tree-avl,128,32,1153,22342,0.051606839137051295,200
tree-avl,128,33,1107,19740,0.0560790273556231,200
tree-avl,128,34,1059,20024,0.05288653615661207,200
tree-avl,128,35,1016,17004,0.05975064690661021,200
tree-avl,128,36,977,16862,0.05794093227375163,200
tree-avl,128,37,931,16020,0.05811485642946317,200
tree-avl,128,38,893,14711,0.06070287539936102,200
tree-avl,128,39,864,13493,0.06403320240124509,200
tree-avl,128,40,825,12806,0.06442292675308449,200
tree-avl,128,41,795,12477,0.0637172397210868,200
tree-avl,128,42,761,10935,0.06959304983996342,200
tree-avl,128,43,738,10859,0.06796205912146606,200
tree-avl,128,44,711,9870,0.07203647416413374,200
tree-avl,128,45,686,9760,0.07028688524590164,200
tree-avl,128,46,668,8665,0.07709174841315637,200
tree-avl,128,47,657,9048,0.07261273209549071,200
tree-avl,128,48,635,8260,0.07687651331719128,200
tree-avl,128,49,612,7896,0.07750759878419453,200
tree-avl,128,50,596,8034,0.07418471496141399,200
tree-avl,128,51,576,7355,0.07831407205982326,200
tree-avl,128,52,561,7494,0.07485988791032826,200
tree-avl,128,53,542,7095,0.07639182522903454,200
tree-avl,128,54,528,6204,0.0851063829787234,200
tree-avl,128,55,509,6218,0.08185911868768092,200
tree-avl,128,56,496,5786,0.08572416176978914,200
tree-avl,128,57,488,5831,0.08369061910478477,200
tree-avl,128,58,475,5614,0.08460990381189883,200
tree-avl,128,59,462,5271,0.08764940239043825,200
tree-avl,128,60,443,4899,0.09042661767707695,200
tree-avl,128,61,426,4513,0.09439397296698426,200
tree-avl,128,62,412,4351,0.09469087566076764,200
tree-avl,128,63,397,4475,0.08871508379888268,200
tree-avl,128,64,381,3945,0.09657794676806084,200
tree-avl,128,65,372,3983,0.09339693698217424,200
tree-avl,128,66,356,3610,0.09861495844875347,200
tree-avl,128,67,344,3600,0.09555555555555556,200
tree-avl,128,68,333,3207,0.1038353601496726,200
tree-avl,128,69,325,3371,0.09641056066449125,200
tree-avl,128,70,313,2903,0.1078194970719945,200
tree-avl,128,71,307,2892,0.10615491009681881,200
tree-avl,128,72,301,2622,0.11479786422578185,200
tree-avl,128,73,292,2702,0.1080680977054034,200
tree-avl,128,74,284,2533,0.11212001579155152,200
tree-avl,128,75,278,2525,0.1100990099009901,200
tree-avl,128,76,274,2352,0.11649659863945579,200
tree-avl,128,77,265,2338,0.11334473909324208,200
tree-avl,128,78,257,2264,0.11351590106007067,200
tree-avl,128,79,251,2151,0.11668991166899116,200
tree-avl,128,80,246,1976,0.12449392712550607,200
tree-avl,128,81,241,1868,0.1290149892933619,200
tree-avl,128,82,237,1928,0.1229253112033195,199
tree-avl,128,83,233,1817,0.1282333516785911,199
tree-avl,128,84,229,1802,0.12708102108768035,198
tree-avl,128,85,228,1795,0.12701949860724235,198
tree-avl,128,86,225,1770,0.1271186440677966,198
tree-avl,128,87,220,1725,0.12753623188405797,198
tree-avl,128,88,216,1695,0.12743362831858407,197
tree-avl,128,89,214,1640,0.13048780487804879,195
tree-avl,128,90,212,1665,0.12732732732732732,194
tree-avl,128,91,209,1615,0.12941176470588237,194
tree-avl,128,92,205,1557,0.13166345536287732,193
tree-avl,128,93,204,1597,0.12773951158422042,193
tree-avl,128,94,203,1649,0.12310491206791996,193
tree-avl,128,95,199,1530,0.1300653594771242,192
tree-avl,128,96,199,1484,0.13409703504043127,192
tree-avl,128,97,199,1472,0.13519021739130435,192
tree-avl,128,98,198,1470,0.1346938775510204,192
tree-avl,128,99,197,1505,0.13089700996677742,191
tree-avl,128,100,195,1444,0.13504155124653738,190
tree-avl,128,101,193,1496,0.12901069518716576,189
tree-avl,128,102,188,1459,0.12885538039753255,189
tree-avl,128,103,186,1405,0.13238434163701068,186
tree-avl,128,104,184,1379,0.13343002175489485,186
tree-avl,128,105,182,1375,0.13236363636363635,184
tree-avl,128,106,178,1373,0.12964311726147124,182
tree-avl,128,107,175,1369,0.12783053323593865,178
tree-avl,128,108,171,1353,0.12638580931263857,175
tree-avl,128,109,171,1352,0.1264792899408284,171
tree-avl,128,110,170,1353,0.12564671101256467,171
tree-avl,128,111,167,1320,0.12651515151515152,170
tree-avl,128,112,166,1273,0.13040062843676356,167
tree-avl,128,113,161,1285,0.12529182879377432,166
tree-avl,128,114,156,1275,0.1223529411764706,161
tree-avl,128,115,149,1279,0.1164972634870993,156
tree-avl,128,116,144,1124,0.12811387900355872,149
tree-avl,128,117,140,1111,0.126012601260126,144
tree-avl,128,118,134,1097,0.12215132178669097,140
tree-avl,128,119,133,1010,0.1316831683168317,134
tree-avl,128,120,130,1006,0.12922465208747516,133
tree-avl,128,121,127,1000,0.127,130
tree-avl,128,122,123,968,0.12706611570247933,127
tree-avl,128,123,116,931,0.12459720730397422,123
tree-avl,128,124,110,874,0.12585812356979406,116
tree-avl,128,125,97,830,0.11686746987951807,110
tree-avl,128,126,80,729,0.10973936899862825,97
tree-avl,128,127,61,581,0.10499139414802065,80
tree-avl,128,128,6,400,0.015,61
tree-avl,128,129,0,43,0.0,6
tree-avl,256,0,51200,42259752,0.001211554672635088,200
tree-avl,256,1,51200,52650,0.9724596391263058,200
tree-avl,256,2,51200,61081,0.83823120119186,200
tree-avl,256,3,51198,113070,0.45279915096842666,200
tree-avl,256,4,51176,319628,0.16011112918768067,200
tree-avl,256,5,51020,1081535,0.04717369294567444,200
tree-avl,256,6,49738,3522032,0.014121961413184208,200
tree-avl,256,7,44835,6711555,0.006680270071540798,200
tree-avl,256,8,37515,7736830,0.00484888513771144,200
tree-avl,256,9,29203,8260577,0.003535225202791524,200
tree-avl,256,10,21480,5929600,0.0036225040474905557,200
tree-avl,256,11,16606,3961828,0.004191499479533185,200
tree-avl,256,12,13217,2665879,0.00495783942181922,200
tree-avl,256,13,10947,1840048,0.005949301322574194,200
tree-avl,256,14,9315,1338969,0.006956845154742194,200
tree-avl,256,15,8172,1011987,0.008075202547068292,200
tree-avl,256,16,7269,801711,0.009066858256903048,200
tree-avl,256,17,6556,644698,0.010169102432456747,200
tree-avl,256,18,5939,540577,0.010986408966715195,200
tree-avl,256,19,5451,456730,0.01193484115341668,200
tree-avl,256,20,5039,384048,0.013120755738865975,200
tree-avl,256,21,4683,340715,0.013744625273322278,200
tree-avl,256,22,4327,298476,0.014496977981479248,200
tree-avl,256,23,4040,258289,0.015641393942444317,200
tree-avl,256,24,3786,231609,0.01634651503179928,200
tree-avl,256,25,3561,200560,0.017755285201435978,200
tree-avl,256,26,3392,173824,0.0195139911634757,200
tree-avl,256,27,3228,165899,0.019457621806038612,200
tree-avl,256,28,3058,149024,0.02052018466824136,200
tree-avl,256,29,2907,133009,0.02185566390244269,200
tree-avl,256,30,2775,120731,0.022984983144345696,200
tree-avl,256,31,2664,112543,0.02367095243595781,200
tree-avl,256,32,2540,104164,0.024384624246380708,200
tree-avl,256,33,2448,94039,0.026031752783419643,200
tree-avl,256,34,2364,90479,0.026127609721592854,200
tree-avl,256,35,2273,81777,0.02779510131210487,200
tree-avl,256,36,2202,76856,0.028650983657749558,200
tree-avl,256,37,2132,78822,0.027048286011519627,200
tree-avl,256,38,2057,71872,0.0286203250222618,200
tree-avl,256,39,1995,64155,0.031096563011456628,200
tree-avl,256,40,1934,62682,0.030854152707316295,200
tree-avl,256,41,1860,60375,0.03080745341614907,200
tree-avl,256,42,1799,55857,0.032207243496786435,200
tree-avl,256,43,1741,51410,0.033865006808014006,200
tree-avl,256,44,1699,50561,0.03360297462471074,200
tree-avl,256,45,1649,47560,0.034671993271656855,200
tree-avl,256,46,1604,46976,0.03414509536784741,200
tree-avl,256,47,1569,41677,0.0376466636274204,200
tree-avl,256,48,1534,40402,0.037968417405078954,200
tree-avl,256,49,1496,40572,0.036872720102533764,200
tree-avl,256,50,1458,37416,0.038967286722257855,200
tree-avl,256,51,1420,35945,0.039504798998469884,200
tree-avl,256,52,1400,33597,0.04167038723695568,200
tree-avl,256,53,1367,34615,0.03949154990611007,200
tree-avl,256,54,1332,33254,0.04005533168942082,200
tree-avl,256,55,1296,32178,0.04027596494499348,200
tree-avl,256,56,1258,29085,0.04325253567130823,200
tree-avl,256,57,1229,30491,0.040306975828933125,200
tree-avl,256,58,1194,28498,0.041897677029967016,200
tree-avl,256,59,1162,25209,0.04609464873656234,200
tree-avl,256,60,1133,25289,0.04480208786428882,200
tree-avl,256,61,1111,23402,0.04747457482266473,200
tree-avl,256,62,1079,22489,0.047979011961403355,200
tree-avl,256,63,1057,21821,0.04843957655469502,200
tree-avl,256,64,1042,20881,0.04990182462525741,200
tree-avl,256,65,1017,20170,0.0504214179474467,200
tree-avl,256,66,999,19231,0.05194737663148042,200
tree-avl,256,67,989,19825,0.04988650693568726,200
tree-avl,256,68,973,18599,0.052314640572073766,200
tree-avl,256,69,955,18184,0.052518697756269245,200
tree-avl,256,70,935,16793,0.05567796105520157,200
tree-avl,256,71,920,16146,0.05698005698005698,200
tree-avl,256,72,906,17890,0.05064281721632197,200
tree-avl,256,73,893,16631,0.05369490710119656,200
tree-avl,256,74,877,16330,0.053704837721984075,200
tree-avl,256,75,860,15122,0.05687078428779262,200
tree-avl,256,76,843,14575,0.05783876500857633,200
tree-avl,256,77,822,14856,0.05533117932148627,200
tree-avl,256,78,805,13956,0.05768128403554027,200
tree-avl,256,79,796,13431,0.05926587744769563,200
tree-avl,256,80,782,12333,0.06340711911132733,200
tree-avl,256,81,773,13144,0.05881010346926354,200
tree-avl,256,82,767,12269,0.06251528241910506,200
tree-avl,256,83,754,12657,0.05957177846251086,200
tree-avl,256,84,743,11746,0.06325557636642261,200
tree-avl,256,85,731,11882,0.06152162935532739,200
tree-avl,256,86,725,10956,0.06617378605330412,200
tree-avl,256,87,712,10920,0.0652014652014652,200
tree-avl,256,88,698,10533,0.06626791987088199,200
tree-avl,256,89,685,11020,0.06215970961887477,200
tree-avl,256,90,669,11153,0.0599838608446158,200
tree-avl,256,91,650,9968,0.06520866773675763,200
tree-avl,256,92,642,9325,0.06884718498659517,200
tree-avl,256,93,630,9196,0.0685080469769465,200
tree-avl,256,94,628,9183,0.06838723728628988,200
tree-avl,256,95,615,9136,0.06731611208406305,200
tree-avl,256,96,612,8749,0.06995085152588867,200
tree-avl,256,97,599,8664,0.06913665743305633,200
tree-avl,256,98,588,8405,0.06995835812016657,200
tree-avl,256,99,579,8090,0.07156983930778739,200
tree-avl,256,100,572,7684,0.07444039562727746,200
tree-avl,256,101,566,8158,0.06937974993871047,200
tree-avl,256,102,554,7594,0.07295233078746378,200
tree-avl,256,103,546,7651,0.07136322049405307,200
tree-avl,256,104,536,7421,0.07222746260611777,200
tree-avl,256,105,526,7477,0.07034907048281397,200
tree-avl,256,106,521,6713,0.07761060628631014,200
tree-avl,256,107,512,6369,0.08038938608886795,200
tree-avl,256,108,506,6519,0.07761926675870533,200
tree-avl,256,109,495,6470,0.07650695517774343,200
tree-avl,256,110,491,6195,0.07925746569814367,200
tree-avl,256,111,480,5858,0.08193922840559918,200
tree-avl,256,112,472,6026,0.07832724858944573,200
tree-avl,256,113,464,5859,0.07919440177504694,200
tree-avl,256,114,458,5686,0.08054871614491733,200
tree-avl,256,115,453,5697,0.0795155344918378,200
tree-avl,256,116,446,5224,0.08537519142419601,200
tree-avl,256,117,435,5338,0.08149119520419633,200
tree-avl,256,118,432,5082,0.08500590318772137,200
tree-avl,256,119,427,5568,0.0766882183908046,200
tree-avl,256,120,421,5058,0.08323448003163306,200
tree-avl,256,121,415,5241,0.07918336195382561,200
tree-avl,256,122,409,5189,0.07882058200038543,200
tree-avl,256,123,403,4964,0.08118452860596294,200
tree-avl,256,124,400,4801,0.083315975838367,200
tree-avl,256,125,393,4808,0.081738768718802,200
tree-avl,256,126,387,4697,0.08239301681924632,200
tree-avl,256,127,384,4642,0.08272296423955192,200
tree-avl,256,128,381,4514,0.08440407620735489,200
tree-avl,256,129,374,4269,0.08760833918950574,200
tree-avl,256,130,367,4492,0.08170080142475512,200
tree-avl,256,131,361,4230,0.08534278959810875,200
tree-avl,256,132,358,4099,0.0873383752134667,200
tree-avl,256,133,349,3907,0.08932684924494497,200
tree-avl,256,134,343,3677,0.09328256731030732,200
tree-avl,256,135,339,3785,0.08956406869220608,200
tree-avl,256,136,332,3753,0.08846256328270717,200
tree-avl,256,137,328,3700,0.08864864864864865,200
tree-avl,256,138,326,3680,0.08858695652173913,200
tree-avl,256,139,322,3539,0.0909861542808703,200
tree-avl,256,140,320,3362,0.09518143961927424,200
tree-avl,256,141,318,3339,0.09523809523809523,200
tree-avl,256,142,312,3348,0.0931899641577061,200
tree-avl,256,143,310,3213,0.09648303765950825,200
tree-avl,256,144,305,3219,0.09474992233612924,200
tree-avl,256,145,298,3221,0.09251785159888233,200
tree-avl,256,146,296,3136,0.09438775510204081,200
tree-avl,256,147,294,3145,0.09348171701112877,200
tree-avl,256,148,288,2985,0.0964824120603015,200
tree-avl,256,149,281,2851,0.0985619081024202,200
tree-avl,256,150,280,2827,0.09904492394764769,200
tree-avl,256,151,277,2772,0.09992784992784992,200
tree-avl,256,152,274,2618,0.10466004583651642,200
tree-avl,256,153,269,2682,0.10029828486204326,200
tree-avl,256,154,266,2663,0.09988734509951183,200
tree-avl,256,155,262,2559,0.10238374364986323,200
tree-avl,256,156,262,2610,0.10038314176245211,200
tree-avl,256,157,260,2667,0.09748781402324709,200
tree-avl,256,158,258,2459,0.10492069947132981,200
tree-avl,256,159,252,2419,0.10417527904092601,200
tree-avl,256,160,252,2181,0.1155433287482806,200
tree-avl,256,161,248,2279,0.10881965774462483,200
tree-avl,256,162,245,2259,0.10845506861443116,200
tree-avl,256,163,244,2327,0.10485603781693167,200
tree-avl,256,164,241,2276,0.10588752196836555,200
tree-avl,256,165,239,2119,0.11278905143935819,200
tree-avl,256,166,238,2083,0.114258281325012,200
tree-avl,256,167,235,2226,0.10557053009883198,200
tree-avl,256,168,232,2186,0.10612991765782251,199
tree-avl,256,169,232,2203,0.1053109396277803,199
tree-avl,256,170,232,2039,0.11378126532614026,199
tree-avl,256,171,231,2101,0.1099476439790576,199
tree-avl,256,172,229,2076,0.1103082851637765,199
tree-avl,256,173,229,2080,0.11009615384615384,198
tree-avl,256,174,226,2071,0.10912602607436021,198
tree-avl,256,175,224,2067,0.10836961780358007,198
tree-avl,256,176,223,2096,0.10639312977099237,197
tree-avl,256,177,222,2061,0.10771470160116449,197
tree-avl,256,178,220,2002,0.10989010989010989,197
tree-avl,256,179,216,1977,0.10925644916540213,197
tree-avl,256,180,215,1972,0.10902636916835699,193
tree-avl,256,181,214,1943,0.11013896037056099,193
tree-avl,256,182,214,1957,0.10935104752171691,192
tree-avl,256,183,213,1946,0.10945529290853032,192
tree-avl,256,184,211,1918,0.11001042752867571,192
tree-avl,256,185,210,1917,0.10954616588419405,190
tree-avl,256,186,208,1874,0.11099252934898612,189
tree-avl,256,187,206,1789,0.11514812744550028,189
tree-avl,256,188,203,1784,0.11378923766816143,188
tree-avl,256,189,202,1785,0.11316526610644258,187
tree-avl,256,190,201,1733,0.11598384304673975,186
tree-avl,256,191,200,1778,0.1124859392575928,186
tree-avl,256,192,199,1747,0.113909559244419,186
tree-avl,256,193,197,1749,0.1126357918810749,185
tree-avl,256,194,196,1691,0.1159077468953282,184
tree-avl,256,195,195,1706,0.11430246189917936,184
tree-avl,256,196,194,1670,0.11616766467065869,184
tree-avl,256,197,191,1699,0.1124190700412007,184
tree-avl,256,198,191,1711,0.11163062536528345,184
tree-avl,256,199,191,1655,0.11540785498489425,184
tree-avl,256,200,190,1645,0.11550151975683891,184
tree-avl,256,201,189,1633,0.1157379056950398,184
tree-avl,256,202,189,1652,0.11440677966101695,184
tree-avl,256,203,188,1690,0.11124260355029586,184
tree-avl,256,204,188,1647,0.11414693381906496,184
tree-avl,256,205,186,1627,0.11432083589428396,184
tree-avl,256,206,185,1634,0.11321909424724602,184
tree-avl,256,207,184,1568,0.11734693877551021,183
tree-avl,256,208,182,1614,0.1127633209417596,182
tree-avl,256,209,181,1570,0.11528662420382166,180
tree-avl,256,210,181,1593,0.11362209667294414,180
tree-avl,256,211,178,1599,0.11131957473420888,180
tree-avl,256,212,177,1561,0.1133888532991672,178
tree-avl,256,213,176,1574,0.11181702668360864,177
tree-avl,256,214,175,1608,0.10883084577114428,176
tree-avl,256,215,173,1535,0.11270358306188925,175
tree-avl,256,216,172,1536,0.11197916666666667,173
tree-avl,256,217,170,1485,0.11447811447811448,172
tree-avl,256,218,167,1560,0.10705128205128205,170
tree-avl,256,219,166,1446,0.11479944674965421,167
tree-avl,256,220,163,1509,0.10801855533465872,166
tree-avl,256,221,163,1406,0.11593172119487909,163
tree-avl,256,222,163,1433,0.1137473831123517,163
tree-avl,256,223,161,1469,0.10959836623553437,163
tree-avl,256,224,160,1434,0.11157601115760112,161
tree-avl,256,225,159,1358,0.1170839469808542,160
tree-avl,256,226,152,1389,0.10943124550035997,159
tree-avl,256,227,152,1321,0.11506434519303559,152
tree-avl,256,228,152,1325,0.11471698113207547,152
tree-avl,256,229,152,1312,0.11585365853658537,152
tree-avl,256,230,150,1283,0.11691348402182385,152
tree-avl,256,231,149,1345,0.11078066914498141,150
tree-avl,256,232,148,1295,0.11428571428571428,149
tree-avl,256,233,147,1299,0.11316397228637413,148
tree-avl,256,234,144,1290,0.11162790697674418,147
tree-avl,256,235,142,1231,0.11535337124289195,144
tree-avl,256,236,140,1232,0.11363636363636363,142
tree-avl,256,237,137,1241,0.11039484286865431,140
tree-avl,256,238,133,1168,0.11386986301369863,137
tree-avl,256,239,130,1131,0.11494252873563218,133
tree-avl,256,240,129,1098,0.11748633879781421,130
tree-avl,256,241,126,1085,0.11612903225806452,129
tree-avl,256,242,124,1072,0.11567164179104478,126
tree-avl,256,243,121,1065,0.1136150234741784,124
tree-avl,256,244,119,1041,0.1143131604226705,121
tree-avl,256,245,114,1027,0.11100292112950341,119
tree-avl,256,246,109,985,0.11065989847715736,114
tree-avl,256,247,105,948,0.11075949367088607,109
tree-avl,256,248,101,921,0.10966340933767643,105
tree-avl,256,249,98,863,0.11355735805330243,101
tree-avl,256,250,95,823,0.11543134872417983,98
tree-avl,256,251,94,803,0.11706102117061021,95
tree-avl,256,252,89,810,0.10987654320987654,94
tree-avl,256,253,79,757,0.10435931307793923,89
tree-avl,256,254,70,687,0.10189228529839883,79
tree-avl,256,255,44,581,0.0757314974182444,70
tree-avl,256,256,2,342,0.005847953216374269,44
tree-avl,256,257,1,13,0.07692307692307693,2
tree-avl,256,258,0,7,0.0,1
tree-avl,512,0,102400,195628346,0.0005234415262090903,200
tree-avl,512,1,102400,103922,0.9853544004156964,200
tree-avl,512,2,102400,120051,0.8529708207345211,200
tree-avl,512,3,102400,160712,0.6371646174523371,200
tree-avl,512,4,102393,395773,0.25871648647078,200
tree-avl,512,5,102349,1406479,0.07276966097609705,200
tree-avl,512,6,101996,5103324,0.019986189393422796,200
tree-avl,512,7,99424,15641841,0.006356285043429351,200
tree-avl,512,8,89657,30062413,0.002982362061222431,200
tree-avl,512,9,74928,34974362,0.002142369316129341,200
tree-avl,512,10,58557,36229399,0.0016162840570443909,200
tree-avl,512,11,42915,26979918,0.0015906275178449393,200
tree-avl,512,12,33225,17706417,0.0018764383556537723,200
tree-avl,512,13,26569,11935736,0.0022260043285139684,200
tree-avl,512,14,22083,8203597,0.0026918679696235686,200
tree-avl,512,15,18964,5997202,0.0031621412785495634,200
tree-avl,512,16,16622,4647179,0.003576793577350905,200
tree-avl,512,17,14816,3690873,0.004014226444529519,200
tree-avl,512,18,13326,2995650,0.004448450252866657,200
tree-avl,512,19,12104,2462560,0.0049152101877720745,200
tree-avl,512,20,11070,2072559,0.005341223096664558,200
tree-avl,512,21,10241,1725847,0.005933897964303904,200
tree-avl,512,22,9521,1519193,0.00626714314771066,200
tree-avl,512,23,8912,1312066,0.006792341238931578,200
tree-avl,512,24,8340,1144011,0.007290139692712745,200
tree-avl,512,25,7828,1038306,0.007539203279187446,200
tree-avl,512,26,7380,897970,0.008218537367618071,200
tree-avl,512,27,6987,822680,0.008492974181941946,200
tree-avl,512,28,6628,734450,0.009024440057185648,200
tree-avl,512,29,6341,664271,0.009545802842514576,200
tree-avl,512,30,6084,624996,0.009734462300558723,200
tree-avl,512,31,5833,581525,0.010030523193327888,200
tree-avl,512,32,5588,530324,0.010536954767274346,200
tree-avl,512,33,5332,491383,0.010851006241567169,200
tree-avl,512,34,5149,452005,0.011391466908551896,200
tree-avl,512,35,4946,428653,0.011538470511112718,200
tree-avl,512,36,4775,384849,0.012407463706544644,200
tree-avl,512,37,4617,367958,0.012547627718380902,200
tree-avl,512,38,4459,341252,0.01306659008591891,200
tree-avl,512,39,4334,313968,0.013803954543138154,200
tree-avl,512,40,4195,303307,0.01383087103166099,200
tree-avl,512,41,4073,284835,0.01429950673196763,200
tree-avl,512,42,3957,265612,0.014897670285981055,200
tree-avl,512,43,3829,256309,0.014938999410867352,200
tree-avl,512,44,3703,240574,0.015392353288385278,200
tree-avl,512,45,3602,223503,0.016116114772508645,200
tree-avl,512,46,3494,223364,0.015642628176429505,200
tree-avl,512,47,3413,202475,0.01685640202494135,200
tree-avl,512,48,3328,193921,0.017161627673124624,200
tree-avl,512,49,3239,184820,0.017525159614760307,200
tree-avl,512,50,3161,179593,0.017600908721386692,200
tree-avl,512,51,3076,168467,0.018258768779642304,200
tree-avl,512,52,3014,157529,0.019132985037675604,200
tree-avl,512,53,2957,151430,0.019527174271940832,200
tree-avl,512,54,2902,146464,0.01981374262617435,200
tree-avl,512,55,2830,144333,0.01960743558299211,200
tree-avl,512,56,2772,133440,0.02077338129496403,200
tree-avl,512,57,2721,129350,0.021035948975647468,200
tree-avl,512,58,2668,126254,0.021132003738495414,200
tree-avl,512,59,2607,120135,0.02170058683980522,200
tree-avl,512,60,2558,114193,0.02240067254560262,200
tree-avl,512,61,2509,111022,0.022599124497847272,200
tree-avl,512,62,2457,107986,0.022752949456411015,200
tree-avl,512,63,2415,106398,0.022697795071335927,200
tree-avl,512,64,2366,98019,0.024138177292157642,200
tree-avl,512,65,2318,98743,0.02347508177794882,200
tree-avl,512,66,2276,99001,0.022989666771042718,200
tree-avl,512,67,2238,93962,0.023818139247781017,200
tree-avl,512,68,2193,85323,0.025702331141661684,200
tree-avl,512,69,2156,83580,0.02579564489112228,200
tree-avl,512,70,2112,82373,0.025639469243562817,200
tree-avl,512,71,2074,78016,0.026584290401968826,200
tree-avl,512,72,2031,77644,0.026157848642522283,200
tree-avl,512,73,1985,72169,0.02750488436863473,200
tree-avl,512,74,1959,72766,0.026921914080752,200
tree-avl,512,75,1924,70929,0.027125717266562335,200
tree-avl,512,76,1890,67504,0.02799834083906139,200
tree-avl,512,77,1862,68227,0.027291248332771485,200
tree-avl,512,78,1834,66678,0.027505324094903867,200
tree-avl,512,79,1795,61525,0.029175132060138154,200
tree-avl,512,80,1766,58819,0.030024311872014146,200
tree-avl,512,81,1744,57772,0.030187634148030187,200
tree-avl,512,82,1714,58878,0.029111043174020856,200
tree-avl,512,83,1694,55977,0.030262429211997784,200
tree-avl,512,84,1675,54542,0.030710278317626783,200
tree-avl,512,85,1647,52340,0.03146732900267482,200
tree-avl,512,86,1625,51651,0.03146115273663627,200
tree-avl,512,87,1599,51812,0.030861576468771714,200
tree-avl,512,88,1582,48818,0.032406079724691714,200
tree-avl,512,89,1564,46249,0.033816947393457156,200
tree-avl,512,90,1535,46177,0.03324165710202048,200
tree-avl,512,91,1517,43959,0.03450942924088355,200
tree-avl,512,92,1501,42010,0.03572958819328731,200
tree-avl,512,93,1486,41210,0.03605920892987139,200
tree-avl,512,94,1465,41230,0.03553237933543536,200
tree-avl,512,95,1443,40540,0.03559447459299457,200
tree-avl,512,96,1425,40712,0.03500196502259776,200
tree-avl,512,97,1403,40316,0.034800079372953666,200
tree-avl,512,98,1389,38518,0.03606106236045485,200
tree-avl,512,99,1369,36926,0.03707414829659319,200
tree-avl,512,100,1354,37538,0.03607011561617561,200
tree-avl,512,101,1341,34973,0.03834386526749207,200
tree-avl,512,102,1335,35661,0.03743585429460755,200
tree-avl,512,103,1320,35809,0.036862241335976986,200
tree-avl,512,104,1305,33607,0.03883119588181034,200
tree-avl,512,105,1287,34080,0.03776408450704225,200
tree-avl,512,106,1271,33431,0.038018605485926234,200
tree-avl,512,107,1251,31439,0.03979134196380292,200
tree-avl,512,108,1235,30945,0.039909516884795604,200
tree-avl,512,109,1219,29844,0.04084573113523656,200
tree-avl,512,110,1208,30226,0.03996559253622709,200
tree-avl,512,111,1195,29342,0.040726603503510324,200
tree-avl,512,112,1182,29405,0.04019724536643428,200
tree-avl,512,113,1172,26925,0.04352831940575673,200
tree-avl,512,114,1160,29590,0.039202433254477864,200
tree-avl,512,115,1148,28079,0.04088464688913423,200
tree-avl,512,116,1140,27026,0.042181602900910234,200
tree-avl,512,117,1126,27184,0.04142142436727487,200
tree-avl,512,118,1119,26462,0.0422870531327942,200
tree-avl,512,119,1106,26002,0.04253518960079994,200
tree-avl,512,120,1096,24434,0.04485552918064992,200
tree-avl,512,121,1088,26964,0.04035009642486278,200
tree-avl,512,122,1083,25862,0.04187611166963112,200
tree-avl,512,123,1068,24312,0.043928923988154,200
tree-avl,512,124,1058,25211,0.04196580857562175,200
tree-avl,512,125,1045,24608,0.042465864759427825,200
tree-avl,512,126,1038,23560,0.04405772495755518,200
tree-avl,512,127,1029,24796,0.041498628811098566,200
tree-avl,512,128,1015,22627,0.044857913112653025,200
tree-avl,512,129,1008,23153,0.04353647475489138,200
tree-avl,512,130,998,22256,0.04484184040258807,200
tree-avl,512,131,985,22163,0.04444344177232324,200
tree-avl,512,132,974,21764,0.044752802793604114,200
tree-avl,512,133,970,21830,0.04443426477324782,200
tree-avl,512,134,956,19919,0.04799437722777248,200
tree-avl,512,135,941,21324,0.04412868129806791,200
tree-avl,512,136,934,20074,0.046527846966224966,200
tree-avl,512,137,927,19787,0.04684894122403598,200
tree-avl,512,138,919,19478,0.04718143546565356,200
tree-avl,512,139,909,18956,0.047953154673981854,200
tree-avl,512,140,895,19131,0.04678270869269772,200
tree-avl,512,141,885,18935,0.046738843411671505,200
tree-avl,512,142,877,18601,0.04714800279554863,200
tree-avl,512,143,864,19002,0.04546889801073571,200
tree-avl,512,144,855,17541,0.04874294510005131,200
tree-avl,512,145,851,17029,0.0499735744905749,200
tree-avl,512,146,843,16001,0.052684207237047684,200
tree-avl,512,147,841,17017,0.04942116706822589,200
tree-avl,512,148,835,16509,0.05057847234841602,200
tree-avl,512,149,830,15964,0.05199198195940867,200
tree-avl,512,150,823,17234,0.047754438899849136,200
tree-avl,512,151,817,16363,0.049929719489091244,200
tree-avl,512,152,806,15785,0.051061133987963254,200
tree-avl,512,153,799,14712,0.05430940728656879,200
tree-avl,512,154,791,15061,0.052519753004448576,200
tree-avl,512,155,785,14270,0.05501051156271899,200
tree-avl,512,156,781,14925,0.05232830820770519,200
tree-avl,512,157,772,13638,0.05660654054846752,200
tree-avl,512,158,767,13900,0.055179856115107916,200
tree-avl,512,159,755,13593,0.05554329434267638,200
tree-avl,512,160,749,13946,0.05370715617381328,200
tree-avl,512,161,743,13597,0.05464440685445319,200
tree-avl,512,162,735,13027,0.05642127888232133,200
tree-avl,512,163,727,13202,0.055067414028177546,200
tree-avl,512,164,721,12820,0.0562402496099844,200
tree-avl,512,165,716,12884,0.055572803477181,200
tree-avl,512,166,706,13281,0.053158647692191856,200
tree-avl,512,167,703,12171,0.05776024977405308,200
tree-avl,512,168,699,12065,0.0579361790302528,200
tree-avl,512,169,697,12564,0.05547596306908628,200
tree-avl,512,170,688,12522,0.05494329979236544,200
tree-avl,512,171,681,11830,0.05756551141166526,200
tree-avl,512,172,677,12021,0.05631810997421179,200
tree-avl,512,173,675,11274,0.05987227248536456,200
tree-avl,512,174,671,11441,0.05864871951752469,200
tree-avl,512,175,667,11459,0.058207522471419845,200
tree-avl,512,176,661,10869,0.0608151623884442,200
tree-avl,512,177,656,10964,0.0598321780372127,200
tree-avl,512,178,650,11104,0.058537463976945245,200
tree-avl,512,179,645,10776,0.05985523385300668,200
tree-avl,512,180,641,10692,0.05995136550692106,200
tree-avl,512,181,639,10865,0.05881270133456051,200
tree-avl,512,182,633,10991,0.057592575743790377,200
tree-avl,512,183,631,10269,0.061447073717012364,200
tree-avl,512,184,626,10355,0.060453887011105746,200
tree-avl,512,185,620,10445,0.05935854475825754,200
tree-avl,512,186,614,10025,0.06124688279301746,200
tree-avl,512,187,608,9645,0.06303784344219802,200
tree-avl,512,188,601,9849,0.06102142349477104,200
tree-avl,512,189,598,9494,0.06298714977880766,200
tree-avl,512,190,596,10033,0.05940396690919964,200
tree-avl,512,191,592,8819,0.0671277922666969,200
tree-avl,512,192,590,9697,0.06084355986387543,200
tree-avl,512,193,584,8985,0.06499721758486367,200
tree-avl,512,194,580,9548,0.06074570590699623,200
tree-avl,512,195,576,9078,0.06345009914077991,200
tree-avl,512,196,571,9278,0.06154343608536322,200
tree-avl,512,197,567,9006,0.06295802798134577,200
tree-avl,512,198,566,8828,0.06411418214771182,200
tree-avl,512,199,562,9198,0.06110023918243096,200
tree-avl,512,200,557,8655,0.06435586366262276,200
tree-avl,512,201,550,8110,0.06781750924784218,200
tree-avl,512,202,547,8408,0.0650570884871551,200
tree-avl,512,203,546,8493,0.06428823737195337,200
tree-avl,512,204,541,8372,0.06462016244624941,200
tree-avl,512,205,539,8254,0.06530167191664647,200
tree-avl,512,206,534,8312,0.06424446583253128,200
tree-avl,512,207,532,8035,0.06621032980709396,200
tree-avl,512,208,527,7808,0.06749487704918032,200
tree-avl,512,209,525,8145,0.06445672191528545,200
tree-avl,512,210,521,7904,0.06591599190283401,200
tree-avl,512,211,517,7568,0.06831395348837209,200
tree-avl,512,212,509,7717,0.06595827394065051,200
tree-avl,512,213,504,7242,0.0695940347970174,200
tree-avl,512,214,500,7372,0.06782419967444384,200
tree-avl,512,215,499,7965,0.06264908976773384,200
tree-avl,512,216,495,7417,0.0667385735472563,200
tree-avl,512,217,491,7352,0.06678454842219804,200
tree-avl,512,218,487,7095,0.06863988724453841,200
tree-avl,512,219,483,6736,0.07170427553444181,200
tree-avl,512,220,479,7070,0.06775106082036775,200
tree-avl,512,221,477,6757,0.07059345863548912,200
tree-avl,512,222,475,7050,0.0673758865248227,200
tree-avl,512,223,473,6643,0.07120276983290683,200
tree-avl,512,224,467,6592,0.07084344660194175,200
tree-avl,512,225,466,6560,0.07103658536585365,200
tree-avl,512,226,465,6272,0.0741390306122449,200
tree-avl,512,227,464,7093,0.06541660792330467,200
tree-avl,512,228,463,6463,0.07163855794522668,200
tree-avl,512,229,463,6424,0.07207347447073474,200
tree-avl,512,230,459,6649,0.06903293728380208,200
tree-avl,512,231,453,6501,0.0696815874480849,200
tree-avl,512,232,450,6154,0.07312317192070199,200
tree-avl,512,233,448,5984,0.0748663101604278,200
tree-avl,512,234,444,6141,0.0723009281875916,200
tree-avl,512,235,441,5904,0.07469512195121951,200
tree-avl,512,236,433,5927,0.07305550868905011,200
tree-avl,512,237,427,5924,0.07207967589466577,200
tree-avl,512,238,425,5576,0.07621951219512195,200
tree-avl,512,239,425,5602,0.07586576222777579,200
tree-avl,512,240,422,5669,0.07443993649673664,200
tree-avl,512,241,413,5348,0.07722513089005235,200
tree-avl,512,242,409,5322,0.07685080796692972,200
tree-avl,512,243,407,5242,0.0776421213277375,200
tree-avl,512,244,404,5338,0.07568377669539153,200
tree-avl,512,245,403,5487,0.07344632768361582,200
tree-avl,512,246,403,5149,0.07826762478151097,200
tree-avl,512,247,398,5643,0.07052986000354422,200
tree-avl,512,248,389,5256,0.07401065449010655,200
tree-avl,512,249,386,4902,0.07874337005303958,200
tree-avl,512,250,382,4870,0.07843942505133471,200
tree-avl,512,251,381,4972,0.07662912308930007,200
tree-avl,512,252,379,4654,0.08143532445208423,200
tree-avl,512,253,373,4508,0.08274179236912156,200
tree-avl,512,254,372,4923,0.07556368068251067,200
tree-avl,512,255,367,4536,0.08090828924162258,200
tree-avl,512,256,367,4450,0.08247191011235955,200
tree-avl,512,257,365,4618,0.07903854482459939,200
tree-avl,512,258,363,4443,0.08170155300472653,200
tree-avl,512,259,356,4420,0.08054298642533937,200
tree-avl,512,260,356,4138,0.0860318994683422,200
tree-avl,512,261,356,4415,0.08063420158550397,200
tree-avl,512,262,353,4350,0.08114942528735632,200
tree-avl,512,263,350,4309,0.08122534230679972,200
tree-avl,512,264,349,4302,0.08112505811250581,200
tree-avl,512,265,345,4421,0.07803664329337254,200
tree-avl,512,266,339,4111,0.08246168815373388,200
tree-avl,512,267,337,3959,0.08512250568325334,200
tree-avl,512,268,332,3954,0.08396560445118867,200
tree-avl,512,269,329,3863,0.0851669686771939,200
tree-avl,512,270,327,3869,0.08451796329800983,200
tree-avl,512,271,324,3821,0.08479455639884848,200
tree-avl,512,272,323,3892,0.0829907502569373,200
tree-avl,512,273,319,3807,0.08379301287102706,200
tree-avl,512,274,317,3748,0.08457844183564568,200
tree-avl,512,275,316,3605,0.08765603328710125,200
tree-avl,512,276,315,3761,0.0837543206593991,200
tree-avl,512,277,310,3636,0.08525852585258525,200
tree-avl,512,278,310,3606,0.08596783139212424,200
tree-avl,512,279,309,3694,0.0836491608012994,200
tree-avl,512,280,309,3434,0.08998252766453116,200
tree-avl,512,281,309,3470,0.08904899135446685,200
tree-avl,512,282,305,3309,0.09217286189181022,200
tree-avl,512,283,304,3573,0.08508256367198433,200
tree-avl,512,284,302,3646,0.08283049917718047,200
tree-avl,512,285,301,3523,0.08543854669315924,200
tree-avl,512,286,298,3385,0.0880354505169867,200
tree-avl,512,287,296,3244,0.09124537607891492,200
tree-avl,512,288,292,3287,0.08883480377243687,200
tree-avl,512,289,291,3433,0.08476551121468104,200
tree-avl,512,290,290,3103,0.09345794392523364,200
tree-avl,512,291,287,3410,0.0841642228739003,200
tree-avl,512,292,285,3169,0.08993373303881351,200
tree-avl,512,293,283,3168,0.08933080808080808,200
tree-avl,512,294,279,3133,0.08905202681136291,200
tree-avl,512,295,278,2781,0.09996404171161452,200
tree-avl,512,296,277,2916,0.09499314128943759,200
tree-avl,512,297,276,3089,0.08934930398187116,200
tree-avl,512,298,273,2921,0.09346114344402602,200
tree-avl,512,299,272,2859,0.09513816019587268,200
tree-avl,512,300,272,2901,0.09376077214753534,200
tree-avl,512,301,270,2929,0.09218163195629908,200
tree-avl,512,302,268,2771,0.09671598700830025,200
tree-avl,512,303,266,2898,0.09178743961352658,200
tree-avl,512,304,265,2874,0.09220598469032706,200
tree-avl,512,305,265,2741,0.09668004377964247,200
tree-avl,512,306,265,2879,0.09204584925321292,200
tree-avl,512,307,264,2976,0.08870967741935484,200
tree-avl,512,308,263,2754,0.09549745824255629,200
tree-avl,512,309,262,2873,0.09119387399930386,200
tree-avl,512,310,258,2802,0.09207708779443255,200
tree-avl,512,311,257,2636,0.09749620637329287,200
tree-avl,512,312,257,2612,0.09839203675344564,200
tree-avl,512,313,254,2656,0.09563253012048192,200
tree-avl,512,314,253,2603,0.09719554360353438,200
tree-avl,512,315,252,2533,0.09948677457560205,200
tree-avl,512,316,252,2591,0.09725974527209572,200
tree-avl,512,317,250,2584,0.09674922600619196,200
tree-avl,512,318,250,2689,0.09297136481963555,200
tree-avl,512,319,246,2621,0.0938573063716139,200
tree-avl,512,320,246,2690,0.09144981412639405,200
tree-avl,512,321,245,2575,0.09514563106796116,200
tree-avl,512,322,244,2436,0.10016420361247948,200
tree-avl,512,323,244,2486,0.09814963797264682,200
tree-avl,512,324,243,2331,0.10424710424710425,200
tree-avl,512,325,242,2441,0.0991396968455551,200
tree-avl,512,326,240,2388,0.10050251256281408,200
tree-avl,512,327,240,2446,0.09811937857726902,200
tree-avl,512,328,238,2325,0.10236559139784947,200
tree-avl,512,329,237,2433,0.09741060419235512,200
tree-avl,512,330,236,2395,0.09853862212943633,200
tree-avl,512,331,235,2446,0.09607522485690924,200
tree-avl,512,332,233,2303,0.10117238384715588,200
tree-avl,512,333,233,2262,0.10300618921308577,199
tree-avl,512,334,233,2375,0.09810526315789474,199
tree-avl,512,335,233,2341,0.09953011533532678,199
tree-avl,512,336,233,2331,0.09995709995709996,199
tree-avl,512,337,232,2380,0.09747899159663866,199
tree-avl,512,338,231,2326,0.09931212381771282,199
tree-avl,512,339,231,2366,0.09763313609467456,199
tree-avl,512,340,230,2384,0.0964765100671141,199
tree-avl,512,341,230,2209,0.10411951109099139,199
tree-avl,512,342,230,2509,0.09166998804304503,199
tree-avl,512,343,229,2223,0.10301394511920828,199
tree-avl,512,344,228,2333,0.0977282468924132,199
tree-avl,512,345,228,2174,0.10487580496780129,199
tree-avl,512,346,228,2318,0.09836065573770492,199
tree-avl,512,347,228,2250,0.10133333333333333,199
tree-avl,512,348,228,2281,0.09995615957913195,199
tree-avl,512,349,228,2333,0.0977282468924132,199
tree-avl,512,350,227,2287,0.09925666812418014,199
tree-avl,512,351,227,2231,0.10174809502465262,199
tree-avl,512,352,226,2233,0.10120913569189431,199
tree-avl,512,353,226,2255,0.10022172949002217,199
tree-avl,512,354,224,2200,0.10181818181818182,199
tree-avl,512,355,223,2237,0.09968708091193562,199
tree-avl,512,356,222,2151,0.10320781032078104,199
tree-avl,512,357,219,2104,0.10408745247148289,199
tree-avl,512,358,219,2102,0.10418648905803997,199
tree-avl,512,359,219,2145,0.1020979020979021,199
tree-avl,512,360,217,2307,0.09406155179887299,199
tree-avl,512,361,217,2323,0.09341368919500646,199
tree-avl,512,362,217,2235,0.0970917225950783,199
tree-avl,512,363,215,2140,0.10046728971962617,199
tree-avl,512,364,215,2183,0.09848831882730189,198
tree-avl,512,365,215,2207,0.09741730856366108,198
tree-avl,512,366,215,2219,0.09689049121225778,198
tree-avl,512,367,214,2076,0.10308285163776493,198
tree-avl,512,368,213,2124,0.10028248587570622,198
tree-avl,512,369,213,2212,0.09629294755877034,198
tree-avl,512,370,213,2095,0.10167064439140812,198
tree-avl,512,371,213,2252,0.09458259325044405,198
tree-avl,512,372,212,2085,0.10167865707434053,198
tree-avl,512,373,212,2036,0.10412573673870335,198
tree-avl,512,374,211,2149,0.09818520241973011,198
tree-avl,512,375,211,2085,0.10119904076738609,198
tree-avl,512,376,211,2219,0.09508787742226228,198
tree-avl,512,377,211,2023,0.10430054374691053,198
tree-avl,512,378,211,2146,0.0983224603914259,198
tree-avl,512,379,211,2085,0.10119904076738609,198
tree-avl,512,380,211,2199,0.09595270577535243,198
tree-avl,512,381,211,2078,0.10153994225216555,198
tree-avl,512,382,208,2157,0.09643022716736208,198
tree-avl,512,383,207,2162,0.09574468085106383,197
tree-avl,512,384,206,2109,0.09767662399241346,196
tree-avl,512,385,205,1947,0.10529019003595275,195
tree-avl,512,386,205,2040,0.10049019607843138,194
tree-avl,512,387,204,2038,0.10009813542688911,194
tree-avl,512,388,203,2124,0.0955743879472693,193
tree-avl,512,389,203,2007,0.10114598903836572,193
tree-avl,512,390,203,1970,0.10304568527918782,193
tree-avl,512,391,203,2084,0.0974088291746641,193
tree-avl,512,392,203,1940,0.10463917525773196,193
tree-avl,512,393,202,1957,0.1032192130812468,193
tree-avl,512,394,202,1960,0.10306122448979592,193
tree-avl,512,395,201,1912,0.1051255230125523,193
tree-avl,512,396,201,2014,0.09980139026812314,193
tree-avl,512,397,201,2005,0.1002493765586035,193
tree-avl,512,398,201,1933,0.10398344542162442,193
tree-avl,512,399,201,1958,0.10265577119509704,193
tree-avl,512,400,201,2004,0.10029940119760479,193
tree-avl,512,401,200,1983,0.10085728693898134,193
tree-avl,512,402,200,1985,0.10075566750629723,193
tree-avl,512,403,200,1944,0.102880658436214,193
tree-avl,512,404,197,1947,0.10118130457113508,193
tree-avl,512,405,196,1999,0.09804902451225612,192
tree-avl,512,406,196,1876,0.1044776119402985,191
tree-avl,512,407,196,1888,0.1038135593220339,191
tree-avl,512,408,196,1901,0.10310362966859547,191
tree-avl,512,409,194,1922,0.10093652445369407,191
tree-avl,512,410,194,1866,0.10396570203644159,190
tree-avl,512,411,193,1882,0.10255047821466524,190
tree-avl,512,412,192,1867,0.10283877878950187,189
tree-avl,512,413,190,1868,0.10171306209850108,189
tree-avl,512,414,189,1815,0.10413223140495868,189
tree-avl,512,415,188,1821,0.10323997803404723,188
tree-avl,512,416,187,1842,0.10152008686210641,187
tree-avl,512,417,186,1861,0.0999462654486835,186
tree-avl,512,418,186,1827,0.10180623973727422,186
tree-avl,512,419,186,1853,0.10037776578521317,186
tree-avl,512,420,186,1809,0.10281923714759536,186
tree-avl,512,421,185,1833,0.10092744135297327,186
tree-avl,512,422,185,1869,0.09898341359015517,185
tree-avl,512,423,185,1828,0.1012035010940919,185
tree-avl,512,424,185,1790,0.10335195530726257,185
tree-avl,512,425,185,1779,0.10399100618324901,185
tree-avl,512,426,185,1776,0.10416666666666667,185
tree-avl,512,427,184,1786,0.10302351623740201,185
tree-avl,512,428,184,1811,0.10160132523467698,184
tree-avl,512,429,183,1833,0.09983633387888707,184
tree-avl,512,430,183,1716,0.10664335664335664,183
tree-avl,512,431,183,1801,0.10161021654636314,183
tree-avl,512,432,181,1786,0.1013437849944009,183
tree-avl,512,433,181,1724,0.10498839907192575,181
tree-avl,512,434,180,1762,0.1021566401816118,181
tree-avl,512,435,179,1765,0.10141643059490085,180
tree-avl,512,436,178,1746,0.10194730813287514,179
tree-avl,512,437,178,1706,0.10433763188745604,178
tree-avl,512,438,178,1754,0.10148232611174458,178
tree-avl,512,439,177,1705,0.10381231671554252,178
tree-avl,512,440,177,1694,0.10448642266824085,177
tree-avl,512,441,175,1719,0.10180337405468295,177
tree-avl,512,442,175,1681,0.1041046995835812,175
tree-avl,512,443,173,1705,0.10146627565982405,175
tree-avl,512,444,172,1659,0.10367691380349608,173
tree-avl,512,445,172,1657,0.10380205190102595,172
tree-avl,512,446,171,1658,0.10313630880579011,172
tree-avl,512,447,171,1642,0.10414129110840438,171
tree-avl,512,448,170,1641,0.1035953686776356,171
tree-avl,512,449,169,1690,0.1,170
tree-avl,512,450,169,1607,0.10516490354698195,169
tree-avl,512,451,169,1636,0.10330073349633252,169
tree-avl,512,452,169,1637,0.1032376298106292,169
tree-avl,512,453,165,1637,0.10079413561392792,169
tree-avl,512,454,165,1622,0.10172626387176326,165
tree-avl,512,455,165,1567,0.10529674537332483,165
tree-avl,512,456,165,1650,0.1,165
tree-avl,512,457,163,1597,0.10206637445209768,165
tree-avl,512,458,163,1568,0.10395408163265306,163
tree-avl,512,459,162,1592,0.10175879396984924,163
tree-avl,512,460,161,1564,0.10294117647058823,162
tree-avl,512,461,161,1543,0.10434219053791316,161
tree-avl,512,462,159,1548,0.10271317829457365,161
tree-avl,512,463,158,1515,0.1042904290429043,159
tree-avl,512,464,158,1502,0.1051930758988016,158
tree-avl,512,465,156,1516,0.10290237467018469,158
tree-avl,512,466,156,1513,0.10310641110376735,156
tree-avl,512,467,156,1488,0.10483870967741936,156
tree-avl,512,468,154,1480,0.10405405405405406,156
tree-avl,512,469,154,1493,0.10314802411252512,154
tree-avl,512,470,154,1477,0.10426540284360189,154
tree-avl,512,471,152,1473,0.10319076714188731,154
tree-avl,512,472,151,1458,0.10356652949245541,152
tree-avl,512,473,150,1461,0.1026694045174538,151
tree-avl,512,474,149,1424,0.10463483146067416,150
tree-avl,512,475,147,1413,0.1040339702760085,149
tree-avl,512,476,147,1414,0.10396039603960396,147
tree-avl,512,477,145,1408,0.10298295454545454,147
tree-avl,512,478,143,1394,0.10258249641319943,145
tree-avl,512,479,142,1366,0.10395314787701318,143
tree-avl,512,480,142,1356,0.10471976401179942,142
tree-avl,512,481,141,1382,0.1020260492040521,142
tree-avl,512,482,140,1335,0.10486891385767791,141
tree-avl,512,483,140,1357,0.10316875460574797,140
tree-avl,512,484,138,1367,0.10095098756400878,140
tree-avl,512,485,138,1323,0.10430839002267574,138
tree-avl,512,486,137,1324,0.10347432024169184,138
tree-avl,512,487,135,1324,0.10196374622356495,137
tree-avl,512,488,135,1315,0.10266159695817491,135
tree-avl,512,489,134,1279,0.10476935105551212,135
tree-avl,512,490,129,1276,0.10109717868338558,134
tree-avl,512,491,128,1245,0.10281124497991968,129
tree-avl,512,492,125,1228,0.10179153094462541,128
tree-avl,512,493,125,1214,0.10296540362438221,125
tree-avl,512,494,124,1200,0.10333333333333333,125
tree-avl,512,495,121,1184,0.10219594594594594,124
tree-avl,512,496,115,1162,0.09896729776247848,121
tree-avl,512,497,113,1132,0.09982332155477032,115
tree-avl,512,498,110,1073,0.10251630941286113,113
tree-avl,512,499,108,1057,0.1021759697256386,110
tree-avl,512,500,102,1005,0.10149253731343283,108
tree-avl,512,501,100,977,0.1023541453428864,102
tree-avl,512,502,99,969,0.1021671826625387,100
tree-avl,512,503,94,940,0.1,99
tree-avl,512,504,91,928,0.0980603448275862,94
tree-avl,512,505,89,869,0.10241657077100115,91
tree-avl,512,506,84,862,0.09744779582366589,89
tree-avl,512,507,80,807,0.09913258983890955,84
tree-avl,512,508,73,759,0.09617918313570488,80
tree-avl,512,509,54,696,0.07758620689655173,73
tree-avl,512,510,44,516,0.08527131782945736,54
tree-avl,512,511,31,409,0.07579462102689487,44
tree-avl,512,512,2,259,0.007722007722007722,31
tree-avl,512,513,0,18,0.0,2
tree-avl,1024,0,204800,889922201,0.00023013247649049268,200
tree-avl,1024,1,204800,205849,0.9949040315959757,200
tree-avl,1024,2,204800,215001,0.952553709052516,200
tree-avl,1024,3,204800,264982,0.7728826863711498,200
tree-avl,1024,4,204800,483590,0.42349924522839594,200
tree-avl,1024,5,204788,1604315,0.12764824862947738,200
tree-avl,1024,6,204708,6144173,0.03331742123797621,200
tree-avl,1024,7,203973,22677353,0.008994568281403919,200
tree-avl,1024,8,198830,68016513,0.0029232607087634733,200
tree-avl,1024,9,179696,131773132,0.0013636770810000933,200
tree-avl,1024,10,150646,154675887,0.0009739462492948239,200
tree-avl,1024,11,118126,160245826,0.0007371549259573226,200
tree-avl,1024,12,87153,120066900,0.0007258703272925344,200
tree-avl,1024,13,67714,80096196,0.0008454084386229777,200
tree-avl,1024,14,53865,54588591,0.0009867446477964598,200
tree-avl,1024,15,44837,37434567,0.001197743251578147,200
tree-avl,1024,16,38341,27232806,0.0014078975188968775,200
tree-avl,1024,17,33549,20800968,0.0016128576323948,200
tree-avl,1024,18,29872,16276337,0.0018353023779244678,200
tree-avl,1024,19,26907,13426861,0.0020039680160537894,200
tree-avl,1024,20,24467,10882891,0.0022482077602357683,200
tree-avl,1024,21,22503,9274952,0.0024262120170541043,200
tree-avl,1024,22,20824,7848692,0.002653180937664518,200
tree-avl,1024,23,19429,6742929,0.002881388785200022,200
tree-avl,1024,24,18166,5899634,0.0030791740640182088,200
tree-avl,1024,25,17052,5220383,0.0032664270035359473,200
tree-avl,1024,26,16058,4710020,0.0034093273489284545,200
tree-avl,1024,27,15166,4199153,0.003611680736567589,200
tree-avl,1024,28,14374,3749035,0.003834053296381602,200
tree-avl,1024,29,13662,3536740,0.003862879374791475,200
tree-avl,1024,30,12974,3097207,0.004188935385978399,200
tree-avl,1024,31,12348,2772320,0.004454031280660241,200
tree-avl,1024,32,11823,2583111,0.004577039081944214,200
tree-avl,1024,33,11340,2366361,0.004792168227924649,200
tree-avl,1024,34,10935,2143196,0.005102193173186213,200
tree-avl,1024,35,10538,2037654,0.005171633653210997,200
tree-avl,1024,36,10132,1871881,0.005412737241309677,200
tree-avl,1024,37,9774,1756794,0.0055635435913374024,200
tree-avl,1024,38,9412,1626709,0.005785914997703953,200
tree-avl,1024,39,9104,1545437,0.005890890408344048,200
tree-avl,1024,40,8821,1451115,0.00607877390833945,200
tree-avl,1024,41,8519,1332380,0.006393821582431438,200
tree-avl,1024,42,8276,1272213,0.006505199994026158,200
tree-avl,1024,43,8027,1193130,0.006727682649836983,200
tree-avl,1024,44,7802,1105546,0.0070571464235771285,200
tree-avl,1024,45,7595,1067464,0.00711499404195364,200
tree-avl,1024,46,7362,1003598,0.007335606487856691,200
tree-avl,1024,47,7173,939931,0.0076314112418890325,200
tree-avl,1024,48,7000,910543,0.007687720404198374,200
tree-avl,1024,49,6808,868112,0.007842306061890632,200
tree-avl,1024,50,6631,813755,0.00814864424796161,200
tree-avl,1024,51,6498,767771,0.008463461110148729,200
tree-avl,1024,52,6345,751746,0.008440350863190492,200
tree-avl,1024,53,6199,710108,0.008729658023849894,200
tree-avl,1024,54,6077,697401,0.008713781597674795,200
tree-avl,1024,55,5951,654937,0.00908637013941799,200
tree-avl,1024,56,5817,637854,0.00911964179890696,200
tree-avl,1024,57,5708,601818,0.009484595010451664,200
tree-avl,1024,58,5592,573144,0.009756710355512751,200
tree-avl,1024,59,5473,546766,0.010009766518035137,200
tree-avl,1024,60,5358,552297,0.00970130201684963,200
tree-avl,1024,61,5262,529561,0.009936532335273935,200
tree-avl,1024,62,5162,498722,0.010350455764935174,200
tree-avl,1024,63,5067,476437,0.010635194159983376,200
tree-avl,1024,64,4975,469982,0.010585511785557744,200
tree-avl,1024,65,4881,442787,0.011023358861032506,200
tree-avl,1024,66,4800,425924,0.01126961617565575,200
tree-avl,1024,67,4716,426268,0.011063462422701212,200
tree-avl,1024,68,4625,392998,0.011768507727774696,200
tree-avl,1024,69,4533,402081,0.0112738478067852,200
tree-avl,1024,70,4456,385189,0.01156834696733292,200
tree-avl,1024,71,4377,368057,0.011892179743898364,200
tree-avl,1024,72,4292,353364,0.012146115620153723,200
tree-avl,1024,73,4217,340048,0.012401190420175975,200
tree-avl,1024,74,4140,323796,0.012785828113997703,200
tree-avl,1024,75,4070,330645,0.012309274297206975,200
tree-avl,1024,76,4012,313992,0.01277739560243573,200
tree-avl,1024,77,3952,303417,0.013024978824522027,200
tree-avl,1024,78,3889,281888,0.013796259507322058,200
tree-avl,1024,79,3838,282357,0.013592721271298392,200
tree-avl,1024,80,3768,275416,0.013681122374880181,200
tree-avl,1024,81,3718,275071,0.013516510282799713,200
tree-avl,1024,82,3671,262988,0.013958811808903829,200
tree-avl,1024,83,3607,259043,0.013924329165428134,200
tree-avl,1024,84,3553,236660,0.0150130989605341,200
tree-avl,1024,85,3505,236441,0.01482399414653127,200
tree-avl,1024,86,3457,236315,0.014628779383450056,200
tree-avl,1024,87,3419,224047,0.015260190942079118,200
tree-avl,1024,88,3374,216451,0.01558782357207867,200
tree-avl,1024,89,3333,218398,0.01526112876491543,200
tree-avl,1024,90,3295,203263,0.016210525280055888,200
tree-avl,1024,91,3262,210794,0.015474823761587143,200
tree-avl,1024,92,3224,201865,0.015971069774354148,200
tree-avl,1024,93,3192,194440,0.016416375231433862,200
tree-avl,1024,94,3146,187585,0.01677106378441773,200
tree-avl,1024,95,3106,180908,0.01716894775244876,200
tree-avl,1024,96,3074,178318,0.01723886539777252,200
tree-avl,1024,97,3036,182774,0.016610677667501943,200
tree-avl,1024,98,2997,173884,0.01723562834993444,200
tree-avl,1024,99,2972,173916,0.017088709491938636,200
tree-avl,1024,100,2945,165754,0.017767293700302857,200
tree-avl,1024,101,2910,164983,0.017638180903487025,200
tree-avl,1024,102,2873,163642,0.017556617494286306,200
tree-avl,1024,103,2840,153051,0.018555906201200907,200
tree-avl,1024,104,2812,150099,0.01873430202732863,200
tree-avl,1024,105,2787,151667,0.018375783789486178,200
tree-avl,1024,106,2761,152984,0.01804763896878105,200
tree-avl,1024,107,2734,140454,0.01946544776225668,200
tree-avl,1024,108,2706,143397,0.018870687671290194,200
tree-avl,1024,109,2678,143256,0.018693806891159882,200
tree-avl,1024,110,2646,137795,0.01920243840487681,200
tree-avl,1024,111,2612,138939,0.01879961709815099,200
tree-avl,1024,112,2585,133749,0.019327247306521918,200
tree-avl,1024,113,2558,137090,0.01865927492887884,200
tree-avl,1024,114,2540,126241,0.02012024619576841,200
tree-avl,1024,115,2511,122916,0.020428585375378307,200
tree-avl,1024,116,2484,124906,0.019886954990152594,200
tree-avl,1024,117,2452,124520,0.019691615804690008,200
tree-avl,1024,118,2436,113753,0.021414819828927588,200
tree-avl,1024,119,2412,115444,0.020893246942240394,200
tree-avl,1024,120,2393,115710,0.020681012877020136,200
tree-avl,1024,121,2372,113988,0.02080920798680563,200
tree-avl,1024,122,2350,110720,0.02122471098265896,200
tree-avl,1024,123,2330,113616,0.020507674975355585,200
tree-avl,1024,124,2315,106684,0.021699598815192532,200
tree-avl,1024,125,2288,103980,0.02200423158299673,200
tree-avl,1024,126,2265,105847,0.021398811492059293,200
tree-avl,1024,127,2242,108028,0.020753878624060428,200
tree-avl,1024,128,2224,99922,0.022257360741378275,200
tree-avl,1024,129,2211,98416,0.022465859209884573,200
tree-avl,1024,130,2190,98231,0.02229438771874459,200
tree-avl,1024,131,2176,97646,0.02228457898941073,200
tree-avl,1024,132,2157,97352,0.022156709672117678,200
tree-avl,1024,133,2130,92654,0.022988753858441083,200
tree-avl,1024,134,2113,87818,0.024061126420551596,200
tree-avl,1024,135,2097,89197,0.023509759296837338,200
tree-avl,1024,136,2078,89766,0.023149076487757058,200
tree-avl,1024,137,2054,86715,0.023686790059389954,200
tree-avl,1024,138,2037,85425,0.023845478489903423,200
tree-avl,1024,139,2018,85224,0.023678775931662444,200
tree-avl,1024,140,2005,83950,0.02388326384752829,200
tree-avl,1024,141,1988,84457,0.023538605444190536,200
tree-avl,1024,142,1969,83459,0.023592422626678967,200
tree-avl,1024,143,1956,77805,0.02513977250819356,200
tree-avl,1024,144,1940,78865,0.024598998288214036,200
tree-avl,1024,145,1930,77811,0.024803690994846486,200
tree-avl,1024,146,1913,77039,0.024831578810732228,200
tree-avl,1024,147,1903,73127,0.026023219877746934,200
tree-avl,1024,148,1888,71160,0.026531759415401913,200
tree-avl,1024,149,1876,73587,0.025493633386331826,200
tree-avl,1024,150,1862,71125,0.0261792618629174,200
tree-avl,1024,151,1849,73173,0.025268883331283395,200
tree-avl,1024,152,1838,70370,0.026119084837288618,200
tree-avl,1024,153,1826,69644,0.02621905691804032,200
tree-avl,1024,154,1815,69920,0.025958237986270023,200
tree-avl,1024,155,1802,67830,0.026566416040100252,200
tree-avl,1024,156,1786,65481,0.02727508742994151,200
tree-avl,1024,157,1768,68924,0.025651442168185247,200
tree-avl,1024,158,1750,63909,0.027382684754885853,200
tree-avl,1024,159,1733,60807,0.028500008222737513,200
tree-avl,1024,160,1726,62117,0.027786274288842023,200
tree-avl,1024,161,1717,61425,0.027952787952787952,200
tree-avl,1024,162,1708,62972,0.02712316585148955,200
tree-avl,1024,163,1695,60899,0.027832969342682146,200
tree-avl,1024,164,1683,61028,0.027577505407354,200
tree-avl,1024,165,1671,60701,0.02752837679774633,200
tree-avl,1024,166,1664,58317,0.028533703722756657,200
tree-avl,1024,167,1653,59938,0.02757849778104041,200
tree-avl,1024,168,1643,57922,0.028365733227443804,200
tree-avl,1024,169,1629,56354,0.028906554991659863,200
tree-avl,1024,170,1620,54899,0.029508734221024062,200
tree-avl,1024,171,1612,52718,0.030577791266740012,200
tree-avl,1024,172,1603,60215,0.026621273768994435,200
tree-avl,1024,173,1596,54793,0.029127808296680234,200
tree-avl,1024,174,1586,54118,0.029306330610887322,200
tree-avl,1024,175,1584,53679,0.029508746437154194,200
tree-avl,1024,176,1576,56472,0.027907635642442273,200
tree-avl,1024,177,1565,52549,0.029781727530495346,200
tree-avl,1024,178,1549,51469,0.030095785812819367,200
tree-avl,1024,179,1543,55056,0.02802600988084859,200
tree-avl,1024,180,1537,49525,0.031034830893488137,200
tree-avl,1024,181,1530,51378,0.029779282961578887,200
tree-avl,1024,182,1517,53107,0.02856497260248178,200
tree-avl,1024,183,1510,48732,0.030985799885085777,200
tree-avl,1024,184,1501,49209,0.030502550346481333,200
tree-avl,1024,185,1494,48986,0.030498509778304005,200
tree-avl,1024,186,1489,48331,0.030808383853013595,200
tree-avl,1024,187,1476,48526,0.030416683839591147,200
tree-avl,1024,188,1466,48180,0.030427563304275634,200
tree-avl,1024,189,1453,47654,0.030490619885004407,200
tree-avl,1024,190,1447,45786,0.03160354693574455,200
tree-avl,1024,191,1434,44969,0.03188863439258156,200
tree-avl,1024,192,1425,46559,0.03060632745548659,200
tree-avl,1024,193,1420,44136,0.032173282581112926,200
tree-avl,1024,194,1412,44208,0.03193992037640246,200
tree-avl,1024,195,1397,46485,0.03005270517371195,200
tree-avl,1024,196,1390,42804,0.03247360059807495,200
tree-avl,1024,197,1384,42088,0.03288348222771336,200
tree-avl,1024,198,1371,41224,0.03325732582961382,200
tree-avl,1024,199,1360,41080,0.033106134371957155,200
tree-avl,1024,200,1350,39756,0.03395713854512526,200
tree-avl,1024,201,1347,41781,0.032239534716737274,200
tree-avl,1024,202,1344,40920,0.03284457478005865,200
tree-avl,1024,203,1339,40786,0.03282989261020938,200
tree-avl,1024,204,1334,40020,0.03333333333333333,200
tree-avl,1024,205,1326,38744,0.03422465413999587,200
tree-avl,1024,206,1318,39532,0.03334007892340383,200
tree-avl,1024,207,1313,38856,0.03379143504220712,200
tree-avl,1024,208,1306,38174,0.034211767171373184,200
tree-avl,1024,209,1295,39009,0.033197467251147174,200
tree-avl,1024,210,1284,37409,0.03432329118661285,200
tree-avl,1024,211,1277,37955,0.03364510604663417,200
tree-avl,1024,212,1271,39016,0.03257637892146811,200
tree-avl,1024,213,1264,35649,0.03545681505792589,200
tree-avl,1024,214,1255,35284,0.03556852964516495,200
tree-avl,1024,215,1244,35117,0.03542443830623345,200
tree-avl,1024,216,1242,35195,0.03528910356584742,200
tree-avl,1024,217,1234,34448,0.03582210868555504,200
tree-avl,1024,218,1227,36208,0.03388753866548829,200
tree-avl,1024,219,1222,34812,0.03510283810180397,200
tree-avl,1024,220,1212,33750,0.03591111111111111,200
tree-avl,1024,221,1203,33571,0.03583450001489381,200
tree-avl,1024,222,1198,34425,0.034800290486564994,200
tree-avl,1024,223,1183,34355,0.03443458011934216,200
tree-avl,1024,224,1170,32054,0.036500904723279465,200
tree-avl,1024,225,1164,30288,0.0384310618066561,200
tree-avl,1024,226,1162,30966,0.0375250274494607,200
tree-avl,1024,227,1149,30943,0.037132792554051,200
tree-avl,1024,228,1144,31530,0.03628290516967967,200
tree-avl,1024,229,1131,30795,0.03672674135411593,200
tree-avl,1024,230,1124,30048,0.03740681576144835,200
tree-avl,1024,231,1118,28994,0.03855970200731186,200
tree-avl,1024,232,1113,29281,0.038010996892182645,200
tree-avl,1024,233,1107,28847,0.03837487433701945,200
tree-avl,1024,234,1101,28495,0.038638357606597645,200
tree-avl,1024,235,1093,31657,0.034526329089932715,200
tree-avl,1024,236,1088,30633,0.0355172526360461,200
tree-avl,1024,237,1080,28814,0.03748177969042826,200
tree-avl,1024,238,1075,28772,0.03736271374947866,200
tree-avl,1024,239,1071,27878,0.038417390056675514,200
tree-avl,1024,240,1066,25084,0.042497209376494975,200
tree-avl,1024,241,1059,27772,0.03813193144173988,200
tree-avl,1024,242,1057,28198,0.037484928009078655,200
tree-avl,1024,243,1051,27967,0.03758000500589981,200
tree-avl,1024,244,1047,27168,0.038537985865724385,200
tree-avl,1024,245,1041,26529,0.03924007689698066,200
tree-avl,1024,246,1036,25667,0.04036311216737445,200
tree-avl,1024,247,1029,25884,0.03975428836346778,200
tree-avl,1024,248,1024,24779,0.041325315791597726,200
tree-avl,1024,249,1022,27045,0.037788870401183214,200
tree-avl,1024,250,1018,26517,0.03839046649319305,200
tree-avl,1024,251,1013,24659,0.041080335780039744,200
tree-avl,1024,252,1005,25049,0.04012136213022476,200
tree-avl,1024,253,997,24478,0.040730451834300185,200
tree-avl,1024,254,994,23879,0.04162653377444617,200
tree-avl,1024,255,988,25228,0.039162834945298874,200
tree-avl,1024,256,981,24318,0.04034048852701702,200
tree-avl,1024,257,972,22988,0.042282930224464936,200
tree-avl,1024,258,963,23810,0.04044519109617808,200
tree-avl,1024,259,957,23091,0.041444718721579836,200
tree-avl,1024,260,952,22962,0.04145980315303545,200
tree-avl,1024,261,944,22592,0.04178470254957507,200
tree-avl,1024,262,941,22772,0.04132267697171966,200
tree-avl,1024,263,933,23248,0.04013248451479697,200
tree-avl,1024,264,930,21497,0.043261850490766154,200
tree-avl,1024,265,926,22250,0.041617977528089885,200
tree-avl,1024,266,917,23149,0.039612942243725434,200
tree-avl,1024,267,911,21142,0.043089584712893765,200
tree-avl,1024,268,906,21580,0.041983317886932346,200
tree-avl,1024,269,901,20984,0.04293747617232177,200
tree-avl,1024,270,899,18821,0.04776579352850539,200
tree-avl,1024,271,895,21651,0.04133758255969701,200
tree-avl,1024,272,891,20768,0.04290254237288135,200
tree-avl,1024,273,886,20639,0.04292843645525461,200
tree-avl,1024,274,881,20586,0.04279607500242884,200
tree-avl,1024,275,877,19380,0.04525283797729618,200
tree-avl,1024,276,873,19422,0.04494902687673772,200
tree-avl,1024,277,867,19826,0.04373045495813578,200
tree-avl,1024,278,863,21370,0.040383715489003276,200
tree-avl,1024,279,858,19082,0.04496384026831569,200
tree-avl,1024,280,857,18170,0.04716565767749037,200
tree-avl,1024,281,853,17937,0.04755533255282377,200
tree-avl,1024,282,851,20063,0.04241638837661367,200
tree-avl,1024,283,849,19299,0.043991916679620706,200
tree-avl,1024,284,844,18320,0.04606986899563319,200
tree-avl,1024,285,841,18765,0.04481747934985345,200
tree-avl,1024,286,840,17496,0.04801097393689986,200
tree-avl,1024,287,836,17155,0.04873214806178956,200
tree-avl,1024,288,834,18808,0.0443428328370906,200
tree-avl,1024,289,832,18157,0.045822547777716584,200
tree-avl,1024,290,825,18310,0.04505734571272529,200
tree-avl,1024,291,817,17018,0.04800799153837114,200
tree-avl,1024,292,812,16847,0.048198492313171484,200
tree-avl,1024,293,809,16594,0.048752561166686754,200
tree-avl,1024,294,807,17908,0.04506365870002234,200
tree-avl,1024,295,805,17775,0.045288326300984526,200
tree-avl,1024,296,802,16115,0.049767297548867516,200
tree-avl,1024,297,797,16493,0.04832353119505245,200
tree-avl,1024,298,794,16826,0.04718887436110781,200
tree-avl,1024,299,793,17097,0.04638240627010587,200
tree-avl,1024,300,788,17007,0.04633386252719469,200
tree-avl,1024,301,786,16193,0.0485394923732477,200
tree-avl,1024,302,786,16375,0.048,200
tree-avl,1024,303,782,15782,0.049550120390318086,200
tree-avl,1024,304,776,15459,0.0501972960734847,200
tree-avl,1024,305,773,14911,0.051840922808664744,200
tree-avl,1024,306,769,16028,0.04797853755927128,200
tree-avl,1024,307,768,15257,0.05033754997705971,200
tree-avl,1024,308,765,15654,0.04886929858183212,200
tree-avl,1024,309,762,15304,0.049790904338734975,200
tree-avl,1024,310,759,15618,0.04859777180176719,200
tree-avl,1024,311,757,14987,0.05051044238339895,200
tree-avl,1024,312,756,14365,0.05262791507135398,200
tree-avl,1024,313,751,15328,0.04899530271398747,200
tree-avl,1024,314,750,15272,0.04910948140387637,200
tree-avl,1024,315,748,15181,0.04927211646136618,200
tree-avl,1024,316,746,14020,0.053209700427960055,200
tree-avl,1024,317,742,14706,0.05045559635522916,200
tree-avl,1024,318,738,14375,0.05133913043478261,200
tree-avl,1024,319,732,14865,0.04924318869828456,200
tree-avl,1024,320,731,13967,0.05233765303930694,200
tree-avl,1024,321,726,14132,0.0513727710161336,200
tree-avl,1024,322,724,14367,0.05039326233730076,200
tree-avl,1024,323,721,13901,0.05186677217466369,200
tree-avl,1024,324,717,15079,0.04754957225280191,200
tree-avl,1024,325,716,13529,0.05292334984108212,200
tree-avl,1024,326,709,13904,0.05099252013808976,200
tree-avl,1024,327,707,13597,0.05199676399205707,200
tree-avl,1024,328,703,13148,0.05346820809248555,200
tree-avl,1024,329,697,13508,0.05159905241338466,200
tree-avl,1024,330,695,13151,0.05284769219070793,200
tree-avl,1024,331,695,12208,0.056929882044560946,200
tree-avl,1024,332,693,13537,0.0511930265199084,200
tree-avl,1024,333,690,12325,0.055983772819472616,200
tree-avl,1024,334,689,13707,0.05026628729846064,200
tree-avl,1024,335,686,13070,0.05248661055853099,200
tree-avl,1024,336,682,13276,0.05137089484784574,200
tree-avl,1024,337,678,12728,0.0532683846637335,200
tree-avl,1024,338,674,12361,0.05452633282096918,200
tree-avl,1024,339,673,12166,0.05531809962189709,200
tree-avl,1024,340,669,13114,0.05101418331554065,200
tree-avl,1024,341,668,12231,0.05461532172348949,200
tree-avl,1024,342,662,12253,0.0540275850812046,200
tree-avl,1024,343,658,11991,0.05487448920023351,200
tree-avl,1024,344,656,12663,0.05180446971491748,200
tree-avl,1024,345,653,11783,0.05541882372910125,200
tree-avl,1024,346,650,12345,0.05265289590927501,200
tree-avl,1024,347,648,11814,0.05485017775520569,200
tree-avl,1024,348,647,11764,0.05499829989799388,200
tree-avl,1024,349,645,11872,0.054329514824797843,200
tree-avl,1024,350,642,11963,0.05366546852796121,200
tree-avl,1024,351,642,11410,0.056266432953549515,200
tree-avl,1024,352,640,11541,0.05545446668399619,200
tree-avl,1024,353,636,11671,0.05449404506897438,200
tree-avl,1024,354,634,11183,0.056693195028167755,200
tree-avl,1024,355,634,11031,0.057474390354455625,200
tree-avl,1024,356,633,11257,0.056231678066980546,200
tree-avl,1024,357,631,11644,0.05419099965647544,200
tree-avl,1024,358,629,11277,0.0557772457213798,200
tree-avl,1024,359,627,11342,0.055281255510491976,200
tree-avl,1024,360,627,11067,0.056654920032529144,200
tree-avl,1024,361,625,11755,0.05316886431305827,200
tree-avl,1024,362,624,11201,0.05570931166860102,200
tree-avl,1024,363,622,11452,0.054313657003143556,200
tree-avl,1024,364,619,10879,0.05689861200477985,200
tree-avl,1024,365,616,10805,0.05701064322073114,200
tree-avl,1024,366,616,11371,0.05417289596341571,200
tree-avl,1024,367,614,10888,0.05639235855988244,200
tree-avl,1024,368,613,10744,0.05705510052122115,200
tree-avl,1024,369,611,10370,0.05891996142719383,200
tree-avl,1024,370,609,11226,0.05424906467129877,200
tree-avl,1024,371,606,11295,0.053652058432934926,200
tree-avl,1024,372,605,10456,0.05786151491966335,200
tree-avl,1024,373,605,10786,0.056091229371407376,200
tree-avl,1024,374,602,10967,0.054891948572991706,200
tree-avl,1024,375,601,10542,0.05701005501802314,200
tree-avl,1024,376,599,10490,0.057102001906577694,200
tree-avl,1024,377,597,11352,0.05258985200845666,200
tree-avl,1024,378,595,10270,0.057935735150925025,200
tree-avl,1024,379,593,10080,0.05882936507936508,200
tree-avl,1024,380,592,10746,0.05509026614554253,200
tree-avl,1024,381,592,9849,0.06010762513960808,200
tree-avl,1024,382,589,9660,0.06097308488612836,200
tree-avl,1024,383,589,10079,0.058438337136620694,200
tree-avl,1024,384,587,10172,0.05770743216673221,200
tree-avl,1024,385,586,9919,0.05907853614275633,200
tree-avl,1024,386,585,10643,0.05496570515832002,200
tree-avl,1024,387,583,10243,0.05691691887142439,200
tree-avl,1024,388,583,9727,0.05993625989513725,200
tree-avl,1024,389,582,10682,0.054484178992697994,200
tree-avl,1024,390,579,9814,0.058997350723456285,200
tree-avl,1024,391,578,10479,0.05515793491745396,200
tree-avl,1024,392,577,10585,0.054511100614076526,200
tree-avl,1024,393,577,9789,0.058943712330166514,200
tree-avl,1024,394,576,9223,0.06245256424156999,200
tree-avl,1024,395,575,10253,0.05608114698137131,200
tree-avl,1024,396,573,9742,0.05881749127489222,200
tree-avl,1024,397,572,10285,0.05561497326203209,200
tree-avl,1024,398,570,9659,0.05901232011595403,200
tree-avl,1024,399,569,9785,0.058150229943791515,200
tree-avl,1024,400,568,10493,0.05413132564566854,200
tree-avl,1024,401,568,9726,0.05840016450750565,200
tree-avl,1024,402,565,9330,0.060557341907824226,200
tree-avl,1024,403,563,9371,0.06007896702593107,200
tree-avl,1024,404,561,9945,0.05641025641025641,200
tree-avl,1024,405,558,9775,0.057084398976982094,200
tree-avl,1024,406,557,9314,0.05980244792785055,200
tree-avl,1024,407,555,8986,0.061762742043178276,200
tree-avl,1024,408,554,9235,0.059989171629669734,200
tree-avl,1024,409,550,9528,0.05772460117548279,200
tree-avl,1024,410,549,8864,0.06193592057761733,200
tree-avl,1024,411,549,9213,0.05958971019211983,200
tree-avl,1024,412,549,8851,0.06202688961699243,200
tree-avl,1024,413,548,8960,0.061160714285714284,200
tree-avl,1024,414,547,8969,0.06098784702865425,200
tree-avl,1024,415,545,9147,0.05958237673554171,200
tree-avl,1024,416,542,9263,0.058512361006153514,200
tree-avl,1024,417,540,9176,0.05884917175239756,200
tree-avl,1024,418,535,9169,0.05834878394590468,200
tree-avl,1024,419,531,8847,0.06002034587995931,200
tree-avl,1024,420,528,8932,0.059113300492610835,200
tree-avl,1024,421,527,8411,0.06265604565450006,200
tree-avl,1024,422,527,8765,0.06012549914432402,200
tree-avl,1024,423,524,8951,0.05854094514579376,200
tree-avl,1024,424,523,8387,0.06235841182782878,200
tree-avl,1024,425,519,8501,0.061051640983413716,200
tree-avl,1024,426,517,8684,0.059534776600644865,200
tree-avl,1024,427,516,8938,0.05773103602595659,200
tree-avl,1024,428,514,8464,0.060727788279773154,200
tree-avl,1024,429,512,8701,0.058843811056200436,200
tree-avl,1024,430,508,7635,0.06653569089718402,200
tree-avl,1024,431,508,8687,0.05847818579486589,200
tree-avl,1024,432,508,8067,0.06297260443783315,200
tree-avl,1024,433,506,8496,0.05955743879472693,200
tree-avl,1024,434,504,8239,0.06117247238742566,200
tree-avl,1024,435,504,8357,0.06030872322603805,200
tree-avl,1024,436,503,8117,0.06196870765060983,200
tree-avl,1024,437,500,8025,0.06230529595015576,200
tree-avl,1024,438,496,8052,0.061599602583209144,200
tree-avl,1024,439,495,8003,0.06185180557291016,200
tree-avl,1024,440,493,7444,0.06622783449758195,200
tree-avl,1024,441,493,7799,0.06321323246570074,200
tree-avl,1024,442,492,8140,0.06044226044226044,200
tree-avl,1024,443,489,7688,0.06360561914672216,200
tree-avl,1024,444,489,7558,0.06469965599364912,200
tree-avl,1024,445,488,7720,0.06321243523316063,200
tree-avl,1024,446,488,7849,0.06217352528984584,200
tree-avl,1024,447,486,7592,0.06401475237091675,200
tree-avl,1024,448,484,7580,0.06385224274406333,200
tree-avl,1024,449,480,7430,0.06460296096904442,200
tree-avl,1024,450,479,7271,0.06587814605968918,200
tree-avl,1024,451,479,7322,0.06541928434853865,200
tree-avl,1024,452,476,7520,0.06329787234042553,200
tree-avl,1024,453,474,7800,0.06076923076923077,200
tree-avl,1024,454,473,7776,0.06082818930041152,200
tree-avl,1024,455,470,7575,0.062046204620462043,200
tree-avl,1024,456,467,7686,0.06075982305490502,200
tree-avl,1024,457,464,7029,0.06601223502631953,200
tree-avl,1024,458,463,7232,0.06402101769911504,200
tree-avl,1024,459,461,7454,0.06184598873088275,200
tree-avl,1024,460,460,7106,0.0647340275823248,200
tree-avl,1024,461,459,7412,0.06192660550458716,200
tree-avl,1024,462,456,7322,0.06227806610215788,200
tree-avl,1024,463,455,6821,0.066705761618531,200
tree-avl,1024,464,453,7135,0.06348983882270498,200
tree-avl,1024,465,453,6820,0.06642228739002932,200
tree-avl,1024,466,451,7099,0.06353007465840259,200
tree-avl,1024,467,449,6848,0.06556658878504673,200
tree-avl,1024,468,449,6503,0.06904505612794096,200
tree-avl,1024,469,446,6960,0.06408045977011494,200
tree-avl,1024,470,445,7246,0.06141319348606127,200
tree-avl,1024,471,444,6721,0.0660615979764916,200
tree-avl,1024,472,442,6502,0.06797908335896648,200
tree-avl,1024,473,440,6882,0.06393490264458006,200
tree-avl,1024,474,438,6652,0.06584485868911606,200
tree-avl,1024,475,436,6719,0.06489060872153594,200
tree-avl,1024,476,435,6285,0.06921241050119331,200
tree-avl,1024,477,435,6655,0.06536438767843726,200
tree-avl,1024,478,433,6817,0.06351767639724219,200
tree-avl,1024,479,429,6778,0.06329300678666273,200
tree-avl,1024,480,427,6437,0.06633524933975454,200
tree-avl,1024,481,427,6312,0.0676489226869455,200
tree-avl,1024,482,426,6359,0.06699166535618808,200
tree-avl,1024,483,425,6467,0.06571826194526055,200
tree-avl,1024,484,422,6046,0.06979821369500497,200
tree-avl,1024,485,422,6468,0.06524427952999381,200
tree-avl,1024,486,421,6266,0.06718799872326843,200
tree-avl,1024,487,420,6543,0.06419073819348922,200
tree-avl,1024,488,417,6432,0.0648320895522388,200
tree-avl,1024,489,417,6344,0.06573139974779318,200
tree-avl,1024,490,416,6127,0.06789619716011099,200
tree-avl,1024,491,414,6252,0.06621880998080615,200
tree-avl,1024,492,409,6249,0.06545047207553209,200
tree-avl,1024,493,409,5772,0.07085932085932085,200
tree-avl,1024,494,408,6190,0.06591276252019386,200
tree-avl,1024,495,406,6058,0.06701881809177947,200
tree-avl,1024,496,406,5913,0.06866226957551158,200
tree-avl,1024,497,403,5934,0.06791371755982474,200
tree-avl,1024,498,400,5985,0.06683375104427736,200
tree-avl,1024,499,396,5755,0.0688097306689835,200
tree-avl,1024,500,392,5753,0.06813836259342952,200
tree-avl,1024,501,391,5737,0.06815408750217884,200
tree-avl,1024,502,389,5661,0.06871577459812754,200
tree-avl,1024,503,387,5696,0.06794241573033707,200
tree-avl,1024,504,386,5668,0.06810162314749471,200
tree-avl,1024,505,384,5450,0.07045871559633028,200
tree-avl,1024,506,382,5530,0.06907775768535263,200
tree-avl,1024,507,380,5490,0.0692167577413479,200
tree-avl,1024,508,378,5650,0.06690265486725663,200
tree-avl,1024,509,378,5527,0.06839153247693143,200
tree-avl,1024,510,376,5141,0.07313752188290217,200
tree-avl,1024,511,375,5385,0.06963788300835655,200
tree-avl,1024,512,375,5418,0.06921373200442968,200
tree-avl,1024,513,375,5270,0.07115749525616698,200
tree-avl,1024,514,374,5623,0.06651253779121466,200
tree-avl,1024,515,370,5370,0.06890130353817504,200
tree-avl,1024,516,368,4980,0.07389558232931727,200
tree-avl,1024,517,368,5076,0.07249802994483845,200
tree-avl,1024,518,366,5132,0.07131722525331255,200
tree-avl,1024,519,362,5244,0.06903127383676583,200
tree-avl,1024,520,362,4860,0.07448559670781893,200
tree-avl,1024,521,361,5023,0.07186940075652001,200
tree-avl,1024,522,360,4870,0.07392197125256673,200
tree-avl,1024,523,356,5137,0.06930114853027058,200
tree-avl,1024,524,354,4721,0.07498411353526795,200
tree-avl,1024,525,351,4807,0.07301851466611192,200
tree-avl,1024,526,349,4730,0.07378435517970401,200
tree-avl,1024,527,347,4640,0.0747844827586207,200
tree-avl,1024,528,346,4805,0.07200832466181062,200
tree-avl,1024,529,343,4955,0.06922300706357215,200
tree-avl,1024,530,341,4534,0.07520952801058668,200
tree-avl,1024,531,339,4575,0.0740983606557377,200
tree-avl,1024,532,338,4772,0.07082984073763621,200
tree-avl,1024,533,334,4422,0.07553143374038897,200
tree-avl,1024,534,334,4696,0.07112436115843271,200
tree-avl,1024,535,332,4466,0.07433945364979848,200
tree-avl,1024,536,332,4515,0.07353266888150609,200
tree-avl,1024,537,331,4450,0.07438202247191011,200
tree-avl,1024,538,330,4412,0.07479601087941977,200
tree-avl,1024,539,329,4559,0.07216494845360824,200
tree-avl,1024,540,328,4623,0.07094959982695219,200
tree-avl,1024,541,328,4413,0.07432585542714706,200
tree-avl,1024,542,327,4491,0.072812291249165,200
tree-avl,1024,543,326,4228,0.07710501419110691,200
tree-avl,1024,544,324,4216,0.07685009487666034,200
tree-avl,1024,545,323,4388,0.0736098450319052,200
tree-avl,1024,546,322,4444,0.07245724572457246,200
tree-avl,1024,547,320,4155,0.07701564380264742,200
tree-avl,1024,548,319,4120,0.07742718446601941,200
tree-avl,1024,549,318,4156,0.07651588065447545,200
tree-avl,1024,550,318,4243,0.07494697148244167,200
tree-avl,1024,551,318,4214,0.07546274323682961,200
tree-avl,1024,552,317,4075,0.07779141104294479,200
tree-avl,1024,553,316,4104,0.0769980506822612,200
tree-avl,1024,554,316,3995,0.07909887359198998,200
tree-avl,1024,555,315,4090,0.07701711491442542,200
tree-avl,1024,556,313,4016,0.07793824701195219,200
tree-avl,1024,557,312,4027,0.07747703004718152,200
tree-avl,1024,558,310,4215,0.07354685646500593,200
tree-avl,1024,559,308,3934,0.07829181494661921,200
tree-avl,1024,560,308,3870,0.07958656330749354,200
tree-avl,1024,561,307,3837,0.08001042481105029,200
tree-avl,1024,562,303,3829,0.07913293288064768,200
tree-avl,1024,563,302,3757,0.08038328453553367,200
tree-avl,1024,564,301,3926,0.07666836474783495,200
tree-avl,1024,565,301,3957,0.07606772807682588,200
tree-avl,1024,566,299,3833,0.078006783198539,200
tree-avl,1024,567,297,3689,0.08050962320412036,200
tree-avl,1024,568,294,3625,0.08110344827586206,200
tree-avl,1024,569,291,3415,0.08521229868228404,200
tree-avl,1024,570,291,3476,0.083716915995397,200
tree-avl,1024,571,287,3496,0.08209382151029748,200
tree-avl,1024,572,287,3392,0.08461084905660378,200
tree-avl,1024,573,286,3466,0.08251586843623773,200
tree-avl,1024,574,285,3474,0.08203799654576857,200
tree-avl,1024,575,283,3654,0.07744937055281882,200
tree-avl,1024,576,281,3588,0.07831661092530658,200
tree-avl,1024,577,280,3422,0.08182349503214495,200
tree-avl,1024,578,278,3304,0.0841404358353511,200
tree-avl,1024,579,276,3319,0.08315757758360952,200
tree-avl,1024,580,276,3247,0.0850015398829689,200
tree-avl,1024,581,276,3378,0.08170515097690942,200
tree-avl,1024,582,275,3396,0.08097762073027091,200
tree-avl,1024,583,275,3206,0.08577666874610106,200
tree-avl,1024,584,275,3277,0.08391821788220934,200
tree-avl,1024,585,275,3152,0.08724619289340102,200
tree-avl,1024,586,273,3339,0.08176100628930817,200
tree-avl,1024,587,273,3214,0.08494088363410081,200
tree-avl,1024,588,272,3258,0.08348680171884591,200
tree-avl,1024,589,272,3421,0.07950891552177726,200
tree-avl,1024,590,272,3158,0.08613046231792273,200
tree-avl,1024,591,271,3342,0.08108916816277678,200
tree-avl,1024,592,271,3430,0.07900874635568512,200
tree-avl,1024,593,269,3178,0.08464443045940843,200
tree-avl,1024,594,268,3228,0.08302354399008674,200
tree-avl,1024,595,266,3254,0.08174554394591273,200
tree-avl,1024,596,263,3012,0.08731739707835326,200
tree-avl,1024,597,263,3001,0.08763745418193936,200
tree-avl,1024,598,262,3225,0.08124031007751938,200
tree-avl,1024,599,261,3109,0.08394982309424252,200
tree-avl,1024,600,260,3063,0.08488410055501143,200
tree-avl,1024,601,259,3114,0.08317276814386641,200
tree-avl,1024,602,259,2989,0.08665105386416862,200
tree-avl,1024,603,259,3038,0.08525345622119816,200
tree-avl,1024,604,259,3129,0.08277404921700224,200
tree-avl,1024,605,259,3195,0.0810641627543036,200
tree-avl,1024,606,258,2940,0.08775510204081632,200
tree-avl,1024,607,258,2978,0.08663532572196105,200
tree-avl,1024,608,258,3159,0.08167141500474834,200
tree-avl,1024,609,258,2856,0.09033613445378151,200
tree-avl,1024,610,258,3010,0.08571428571428572,200
tree-avl,1024,611,257,2878,0.08929812369701182,200
tree-avl,1024,612,256,2985,0.08576214405360134,200
tree-avl,1024,613,255,3050,0.08360655737704918,200
tree-avl,1024,614,253,2988,0.08467202141900937,200
tree-avl,1024,615,253,2852,0.08870967741935484,200
tree-avl,1024,616,253,2923,0.08655490933971946,200
tree-avl,1024,617,253,2939,0.08608370193943518,200
tree-avl,1024,618,251,2977,0.08431306684581794,200
tree-avl,1024,619,250,2822,0.0885896527285613,200
tree-avl,1024,620,248,2875,0.08626086956521739,200
tree-avl,1024,621,247,2789,0.08856220867694514,200
tree-avl,1024,622,247,2916,0.08470507544581618,200
tree-avl,1024,623,246,2826,0.0870488322717622,200
tree-avl,1024,624,246,2862,0.0859538784067086,200
tree-avl,1024,625,246,2899,0.08485684718868576,200
tree-avl,1024,626,246,2980,0.0825503355704698,200
tree-avl,1024,627,245,2912,0.08413461538461539,200
tree-avl,1024,628,245,2881,0.08503991669559181,200
tree-avl,1024,629,244,2793,0.08736126029359112,200
tree-avl,1024,630,244,2902,0.08407994486560992,200
tree-avl,1024,631,244,2890,0.08442906574394464,200
tree-avl,1024,632,244,2780,0.08776978417266187,200
tree-avl,1024,633,244,2899,0.08416695412211107,200
tree-avl,1024,634,244,2724,0.08957415565345081,200
tree-avl,1024,635,244,2881,0.08469281499479347,200
tree-avl,1024,636,243,2712,0.08960176991150443,200
tree-avl,1024,637,243,2720,0.08933823529411765,200
tree-avl,1024,638,243,2681,0.09063782170831779,200
tree-avl,1024,639,242,2708,0.08936484490398819,200
tree-avl,1024,640,242,2791,0.08670727337871731,200
tree-avl,1024,641,242,2609,0.09275584515139901,200
tree-avl,1024,642,242,2995,0.08080133555926544,200
tree-avl,1024,643,241,2796,0.08619456366237482,200
tree-avl,1024,644,238,2746,0.08667152221412965,200
tree-avl,1024,645,238,2887,0.08243851749220645,200
tree-avl,1024,646,238,2669,0.08917197452229299,200
tree-avl,1024,647,238,2630,0.09049429657794676,200
tree-avl,1024,648,237,2685,0.08826815642458101,200
tree-avl,1024,649,237,2740,0.0864963503649635,200
tree-avl,1024,650,236,2733,0.08635199414562751,200
tree-avl,1024,651,236,2727,0.08654198753208654,200
tree-avl,1024,652,236,2642,0.08932626797880394,200
tree-avl,1024,653,236,2595,0.09094412331406551,200
tree-avl,1024,654,234,2751,0.08505997818974918,200
tree-avl,1024,655,233,2582,0.09024012393493416,200
tree-avl,1024,656,232,2640,0.08787878787878788,200
tree-avl,1024,657,231,2552,0.09051724137931035,200
tree-avl,1024,658,231,2549,0.09062377402903099,200
tree-avl,1024,659,230,2629,0.08748573602130087,200
tree-avl,1024,660,229,2514,0.09108989657915673,200
tree-avl,1024,661,229,2516,0.0910174880763116,200
tree-avl,1024,662,229,2545,0.0899803536345776,200
tree-avl,1024,663,229,2485,0.09215291750503019,200
tree-avl,1024,664,229,2516,0.0910174880763116,200
tree-avl,1024,665,228,2636,0.08649468892261002,200
tree-avl,1024,666,228,2418,0.09429280397022333,200
tree-avl,1024,667,228,2470,0.09230769230769231,200
tree-avl,1024,668,228,2505,0.09101796407185629,200
tree-avl,1024,669,227,2495,0.09098196392785571,200
tree-avl,1024,670,227,2448,0.09272875816993464,200
tree-avl,1024,671,227,2462,0.09220146222583266,200
tree-avl,1024,672,227,2571,0.08829249319330999,200
tree-avl,1024,673,227,2452,0.09257748776508973,200
tree-avl,1024,674,227,2476,0.09168012924071083,200
tree-avl,1024,675,227,2569,0.08836123005060335,200
tree-avl,1024,676,225,2665,0.08442776735459662,200
tree-avl,1024,677,225,2402,0.09367194004995837,200
tree-avl,1024,678,224,2390,0.09372384937238494,200
tree-avl,1024,679,223,2387,0.09342270632593214,200
tree-avl,1024,680,223,2396,0.09307178631051753,199
tree-avl,1024,681,221,2485,0.08893360160965795,199
tree-avl,1024,682,220,2418,0.09098428453267163,199
tree-avl,1024,683,219,2361,0.09275730622617535,199
tree-avl,1024,684,217,2238,0.0969615728328865,199
tree-avl,1024,685,217,2319,0.09357481673134972,199
tree-avl,1024,686,216,2337,0.09242618741976893,199
tree-avl,1024,687,215,2266,0.09488084730803177,199
tree-avl,1024,688,215,2364,0.09094754653130288,199
tree-avl,1024,689,215,2286,0.09405074365704287,199
tree-avl,1024,690,215,2291,0.09384548232213008,199
tree-avl,1024,691,215,2292,0.09380453752181502,199
tree-avl,1024,692,214,2282,0.09377738825591586,199
tree-avl,1024,693,214,2272,0.09419014084507042,198
tree-avl,1024,694,214,2315,0.09244060475161987,198
tree-avl,1024,695,214,2454,0.08720456397718011,198
tree-avl,1024,696,214,2254,0.09494232475598935,198
tree-avl,1024,697,213,2300,0.09260869565217392,198
tree-avl,1024,698,213,2213,0.09624943515589697,198
tree-avl,1024,699,213,2319,0.09184993531694696,198
tree-avl,1024,700,213,2298,0.0926892950391645,198
tree-avl,1024,701,213,2235,0.0953020134228188,198
tree-avl,1024,702,213,2316,0.09196891191709844,198
tree-avl,1024,703,213,2326,0.09157351676698194,198
tree-avl,1024,704,213,2285,0.09321663019693655,198
tree-avl,1024,705,212,2268,0.09347442680776014,198
tree-avl,1024,706,212,2255,0.09401330376940133,198
tree-avl,1024,707,211,2286,0.09230096237970253,198
tree-avl,1024,708,211,2260,0.09336283185840707,198
tree-avl,1024,709,211,2237,0.09432275368797496,198
tree-avl,1024,710,211,2306,0.09150043365134432,198
tree-avl,1024,711,210,2248,0.09341637010676157,198
tree-avl,1024,712,210,2171,0.09672961768770152,198
tree-avl,1024,713,210,2209,0.09506564056133997,198
tree-avl,1024,714,210,2296,0.09146341463414634,198
tree-avl,1024,715,210,2208,0.09510869565217392,198
tree-avl,1024,716,210,2266,0.09267431597528684,198
tree-avl,1024,717,210,2264,0.09275618374558305,198
tree-avl,1024,718,210,2273,0.09238891333040035,198
tree-avl,1024,719,210,2239,0.09379187137114783,198
tree-avl,1024,720,210,2293,0.09158307893589185,198
tree-avl,1024,721,210,2290,0.09170305676855896,198
tree-avl,1024,722,209,2275,0.09186813186813186,198
tree-avl,1024,723,209,2250,0.09288888888888888,198
tree-avl,1024,724,209,2264,0.09231448763250884,198
tree-avl,1024,725,209,2217,0.09427153811456923,198
tree-avl,1024,726,209,2272,0.09198943661971831,198
tree-avl,1024,727,209,2227,0.09384822631342614,198
tree-avl,1024,728,209,2325,0.08989247311827957,198
tree-avl,1024,729,209,2283,0.09154621112571178,198
tree-avl,1024,730,209,2209,0.0946129470348574,198
tree-avl,1024,731,209,2328,0.0897766323024055,198
tree-avl,1024,732,209,2137,0.09780065512400561,198
tree-avl,1024,733,209,2267,0.09219232465813851,198
tree-avl,1024,734,209,2316,0.09024179620034542,198
tree-avl,1024,735,209,2206,0.09474161378059837,198
tree-avl,1024,736,209,2280,0.09166666666666666,198
tree-avl,1024,737,209,2259,0.09251881363435148,198
tree-avl,1024,738,209,2221,0.09410175596578119,198
tree-avl,1024,739,209,2244,0.09313725490196079,198
tree-avl,1024,740,209,2233,0.09359605911330049,198
tree-avl,1024,741,209,2226,0.09389038634321653,198
tree-avl,1024,742,209,2161,0.0967144840351689,198
tree-avl,1024,743,209,2154,0.09702878365831012,198
tree-avl,1024,744,209,2242,0.09322033898305085,198
tree-avl,1024,745,209,2262,0.09239610963748895,198
tree-avl,1024,746,209,2245,0.0930957683741648,198
tree-avl,1024,747,209,2191,0.09539023277042447,198
tree-avl,1024,748,209,2267,0.09219232465813851,198
tree-avl,1024,749,209,2264,0.09231448763250884,198
tree-avl,1024,750,209,2214,0.09439927732610659,198
tree-avl,1024,751,209,2237,0.09342869915064819,198
tree-avl,1024,752,208,2216,0.09386281588447654,198
tree-avl,1024,753,208,2275,0.09142857142857143,198
tree-avl,1024,754,208,2187,0.09510745313214448,198
tree-avl,1024,755,208,2235,0.09306487695749441,198
tree-avl,1024,756,208,2198,0.09463148316651501,198
tree-avl,1024,757,208,2346,0.0886615515771526,198
tree-avl,1024,758,207,2319,0.08926261319534282,198
tree-avl,1024,759,206,2271,0.09070893879348305,198
tree-avl,1024,760,206,2167,0.09506229810798339,198
tree-avl,1024,761,206,2202,0.09355131698455948,198
tree-avl,1024,762,206,2215,0.09300225733634311,198
tree-avl,1024,763,205,2181,0.09399358092618065,198
tree-avl,1024,764,205,2235,0.09172259507829977,197
tree-avl,1024,765,204,2206,0.09247506799637353,197
tree-avl,1024,766,204,2169,0.09405255878284924,197
tree-avl,1024,767,203,2221,0.09140027014858172,197
tree-avl,1024,768,203,2192,0.0926094890510949,196
tree-avl,1024,769,203,2113,0.09607193563653574,196
tree-avl,1024,770,203,2192,0.0926094890510949,196
tree-avl,1024,771,202,2201,0.09177646524307133,196
tree-avl,1024,772,200,2124,0.09416195856873823,196
tree-avl,1024,773,199,2143,0.09286047596826878,195
tree-avl,1024,774,199,2137,0.09312119794103883,194
tree-avl,1024,775,199,2124,0.09369114877589454,194
tree-avl,1024,776,198,2064,0.09593023255813954,194
tree-avl,1024,777,197,2131,0.09244486156733928,193
tree-avl,1024,778,197,2049,0.0961444607125427,193
tree-avl,1024,779,197,2082,0.09462055715658022,193
tree-avl,1024,780,197,2028,0.09714003944773175,193
tree-avl,1024,781,197,2160,0.0912037037037037,193
tree-avl,1024,782,197,2108,0.09345351043643264,193
tree-avl,1024,783,197,2075,0.09493975903614457,193
tree-avl,1024,784,197,2048,0.09619140625,193
tree-avl,1024,785,197,2054,0.09591041869522882,193
tree-avl,1024,786,196,2103,0.0932001902044698,193
tree-avl,1024,787,196,2107,0.09302325581395349,192
tree-avl,1024,788,195,2044,0.09540117416829745,192
tree-avl,1024,789,195,2053,0.09498295177788602,191
tree-avl,1024,790,195,2054,0.0949367088607595,191
tree-avl,1024,791,195,2064,0.09447674418604651,191
tree-avl,1024,792,195,2085,0.09352517985611511,191
tree-avl,1024,793,195,2090,0.09330143540669857,191
tree-avl,1024,794,195,2055,0.0948905109489051,191
tree-avl,1024,795,195,2099,0.09290138161029061,191
tree-avl,1024,796,194,2064,0.0939922480620155,191
tree-avl,1024,797,194,2052,0.09454191033138401,190
tree-avl,1024,798,194,2066,0.09390125847047434,190
tree-avl,1024,799,194,2067,0.0938558297048863,190
tree-avl,1024,800,194,2094,0.09264565425023878,190
tree-avl,1024,801,194,2061,0.09412906356137797,190
tree-avl,1024,802,194,2044,0.0949119373776908,190
tree-avl,1024,803,194,2067,0.0938558297048863,190
tree-avl,1024,804,194,2094,0.09264565425023878,190
tree-avl,1024,805,193,2021,0.09549727857496289,190
tree-avl,1024,806,193,2085,0.09256594724220624,190
tree-avl,1024,807,192,2061,0.09315866084425037,190
tree-avl,1024,808,192,1997,0.09614421632448673,190
tree-avl,1024,809,192,2027,0.09472126295017266,190
tree-avl,1024,810,192,2039,0.09416380578715057,190
tree-avl,1024,811,192,2034,0.0943952802359882,190
tree-avl,1024,812,191,2012,0.09493041749502983,190
tree-avl,1024,813,191,2017,0.0946950917203768,190
tree-avl,1024,814,191,1997,0.09564346519779669,190
tree-avl,1024,815,191,2009,0.09507217521154804,190
tree-avl,1024,816,191,2060,0.09271844660194174,190
tree-avl,1024,817,191,2014,0.09483614697120159,190
tree-avl,1024,818,191,2010,0.09502487562189055,190
tree-avl,1024,819,190,2050,0.09268292682926829,190
tree-avl,1024,820,190,2049,0.09272816007808687,190
tree-avl,1024,821,189,2005,0.0942643391521197,190
tree-avl,1024,822,189,2022,0.09347181008902077,189
tree-avl,1024,823,189,1980,0.09545454545454546,189
tree-avl,1024,824,189,2019,0.09361069836552749,189
tree-avl,1024,825,189,2041,0.0926016658500735,189
tree-avl,1024,826,189,1999,0.0945472736368184,189
tree-avl,1024,827,188,1993,0.09433015554440542,189
tree-avl,1024,828,188,1992,0.09437751004016064,188
tree-avl,1024,829,188,2029,0.09265648102513553,188
tree-avl,1024,830,188,1996,0.09418837675350701,188
tree-avl,1024,831,188,1970,0.09543147208121827,188
tree-avl,1024,832,188,1978,0.09504550050556117,188
tree-avl,1024,833,188,1967,0.09557702084392476,188
tree-avl,1024,834,188,1972,0.09533468559837728,188
tree-avl,1024,835,188,1953,0.09626216077828981,188
tree-avl,1024,836,187,1985,0.09420654911838791,188
tree-avl,1024,837,187,1925,0.09714285714285714,187
tree-avl,1024,838,187,1991,0.09392265193370165,187
tree-avl,1024,839,187,1967,0.09506863243518048,187
tree-avl,1024,840,187,1973,0.09477952356817029,187
tree-avl,1024,841,187,2082,0.08981748318924111,187
tree-avl,1024,842,187,1952,0.09579918032786885,187
tree-avl,1024,843,187,2024,0.09239130434782608,187
tree-avl,1024,844,187,1993,0.09382839939789263,187
tree-avl,1024,845,187,2009,0.09308113489298159,187
tree-avl,1024,846,187,1991,0.09392265193370165,187
tree-avl,1024,847,187,1950,0.09589743589743589,187
tree-avl,1024,848,187,1977,0.09458775923115832,187
tree-avl,1024,849,186,1989,0.09351432880844646,187
tree-avl,1024,850,186,1934,0.09617373319544985,186
tree-avl,1024,851,186,1950,0.09538461538461539,186
tree-avl,1024,852,186,1969,0.09446419502285425,186
tree-avl,1024,853,186,1999,0.09304652326163082,186
tree-avl,1024,854,186,1958,0.09499489274770173,186
tree-avl,1024,855,186,1954,0.09518935516888434,186
tree-avl,1024,856,186,1960,0.09489795918367347,186
tree-avl,1024,857,186,1975,0.09417721518987342,186
tree-avl,1024,858,186,1975,0.09417721518987342,186
tree-avl,1024,859,186,1963,0.09475292919001528,186
tree-avl,1024,860,186,1988,0.09356136820925554,186
tree-avl,1024,861,186,2049,0.09077598828696926,186
tree-avl,1024,862,183,2029,0.09019221291276491,186
tree-avl,1024,863,183,1942,0.09423274974253347,183
tree-avl,1024,864,183,1995,0.09172932330827067,183
tree-avl,1024,865,183,2015,0.09081885856079404,183
tree-avl,1024,866,183,1928,0.09491701244813278,183
tree-avl,1024,867,183,1936,0.09452479338842976,183
tree-avl,1024,868,182,1931,0.09425168306576903,183
tree-avl,1024,869,181,1909,0.09481403876375065,182
tree-avl,1024,870,181,1911,0.09471480900052329,181
tree-avl,1024,871,181,1966,0.09206510681586978,181
tree-avl,1024,872,181,1954,0.09263050153531217,181
tree-avl,1024,873,180,1987,0.09058882737795672,181
tree-avl,1024,874,180,1884,0.09554140127388536,180
tree-avl,1024,875,180,1931,0.09321595028482652,180
tree-avl,1024,876,180,1912,0.09414225941422594,180
tree-avl,1024,877,179,1912,0.09361924686192469,180
tree-avl,1024,878,179,1920,0.09322916666666667,179
tree-avl,1024,879,179,1905,0.09396325459317585,179
tree-avl,1024,880,179,1883,0.09506107275624004,179
tree-avl,1024,881,179,1913,0.09357030841610037,179
tree-avl,1024,882,179,1955,0.09156010230179028,179
tree-avl,1024,883,178,1945,0.09151670951156812,179
tree-avl,1024,884,178,1889,0.09422975119110641,178
tree-avl,1024,885,177,1904,0.09296218487394958,178
tree-avl,1024,886,177,1875,0.0944,177
tree-avl,1024,887,176,1838,0.0957562568008705,177
tree-avl,1024,888,176,1847,0.09528965890633459,176
tree-avl,1024,889,176,1884,0.09341825902335456,176
tree-avl,1024,890,175,1887,0.09273979862215156,176
tree-avl,1024,891,175,1862,0.09398496240601503,175
tree-avl,1024,892,174,1820,0.0956043956043956,175
tree-avl,1024,893,174,1834,0.09487459105779716,174
tree-avl,1024,894,172,1848,0.09307359307359307,174
tree-avl,1024,895,172,1833,0.09383524277141299,172
tree-avl,1024,896,171,1884,0.09076433121019108,172
tree-avl,1024,897,170,1857,0.09154550350026926,171
tree-avl,1024,898,170,1806,0.09413067552602436,170
tree-avl,1024,899,170,1816,0.09361233480176212,170
tree-avl,1024,900,169,1798,0.09399332591768632,170
tree-avl,1024,901,169,1787,0.09457190822607722,169
tree-avl,1024,902,169,1813,0.09321566464423607,169
tree-avl,1024,903,169,1786,0.09462486002239642,169
tree-avl,1024,904,169,1787,0.09457190822607722,169
tree-avl,1024,905,168,1806,0.09302325581395349,169
tree-avl,1024,906,168,1752,0.0958904109589041,168
tree-avl,1024,907,168,1780,0.09438202247191012,168
tree-avl,1024,908,168,1756,0.09567198177676538,168
tree-avl,1024,909,168,1760,0.09545454545454546,168
tree-avl,1024,910,167,1763,0.09472490073737946,168
tree-avl,1024,911,166,1772,0.09367945823927765,167
tree-avl,1024,912,166,1749,0.09491137793024586,166
tree-avl,1024,913,166,1757,0.09447922595332954,166
tree-avl,1024,914,166,1732,0.09584295612009237,166
tree-avl,1024,915,166,1759,0.09437180216031836,166
tree-avl,1024,916,166,1766,0.09399773499433749,166
tree-avl,1024,917,166,1766,0.09399773499433749,166
tree-avl,1024,918,166,1759,0.09437180216031836,166
tree-avl,1024,919,166,1761,0.09426462237365134,166
tree-avl,1024,920,166,1764,0.09410430839002268,166
tree-avl,1024,921,166,1778,0.09336332958380203,166
tree-avl,1024,922,166,1749,0.09491137793024586,166
tree-avl,1024,923,166,1727,0.09612044006948466,166
tree-avl,1024,924,166,1730,0.09595375722543352,166
tree-avl,1024,925,166,1752,0.09474885844748858,166
tree-avl,1024,926,165,1761,0.09369676320272573,166
tree-avl,1024,927,165,1733,0.09521061742642815,165
tree-avl,1024,928,165,1743,0.09466437177280551,165
tree-avl,1024,929,165,1722,0.09581881533101046,165
tree-avl,1024,930,164,1729,0.09485251590514748,165
tree-avl,1024,931,163,1731,0.09416522241478914,164
tree-avl,1024,932,163,1740,0.09367816091954023,163
tree-avl,1024,933,163,1680,0.09702380952380953,163
tree-avl,1024,934,163,1737,0.09383995394358088,163
tree-avl,1024,935,163,1729,0.09427414690572586,163
tree-avl,1024,936,163,1723,0.09460243760882182,163
tree-avl,1024,937,163,1712,0.09521028037383178,163
tree-avl,1024,938,163,1712,0.09521028037383178,163
tree-avl,1024,939,162,1747,0.09273039496279337,163
tree-avl,1024,940,162,1719,0.09424083769633508,162
tree-avl,1024,941,161,1695,0.09498525073746313,162
tree-avl,1024,942,161,1693,0.09509746012994684,161
tree-avl,1024,943,160,1735,0.09221902017291066,161
tree-avl,1024,944,159,1705,0.09325513196480939,160
tree-avl,1024,945,159,1680,0.09464285714285714,159
tree-avl,1024,946,158,1668,0.09472422062350119,159
tree-avl,1024,947,157,1679,0.09350804050029779,158
tree-avl,1024,948,157,1659,0.09463532248342375,157
tree-avl,1024,949,157,1671,0.09395571514063435,157
tree-avl,1024,950,156,1675,0.09313432835820895,157
tree-avl,1024,951,155,1646,0.09416767922235723,156
tree-avl,1024,952,155,1645,0.09422492401215805,155
tree-avl,1024,953,155,1637,0.0946854001221747,155
tree-avl,1024,954,155,1630,0.0950920245398773,155
tree-avl,1024,955,154,1625,0.09476923076923077,155
tree-avl,1024,956,154,1613,0.09547427154370738,154
tree-avl,1024,957,154,1631,0.0944206008583691,154
tree-avl,1024,958,154,1619,0.09512044471896232,154
tree-avl,1024,959,154,1639,0.09395973154362416,154
tree-avl,1024,960,154,1624,0.09482758620689655,154
tree-avl,1024,961,154,1639,0.09395973154362416,154
tree-avl,1024,962,154,1608,0.09577114427860696,154
tree-avl,1024,963,154,1638,0.09401709401709402,154
tree-avl,1024,964,153,1608,0.09514925373134328,154
tree-avl,1024,965,152,1614,0.09417596034696406,153
tree-avl,1024,966,152,1619,0.09388511426806671,152
tree-avl,1024,967,151,1607,0.0939639079029247,152
tree-avl,1024,968,151,1598,0.09449311639549436,151
tree-avl,1024,969,151,1589,0.09502831969792322,151
tree-avl,1024,970,151,1595,0.09467084639498433,151
tree-avl,1024,971,151,1598,0.09449311639549436,151
tree-avl,1024,972,150,1618,0.09270704573547589,151
tree-avl,1024,973,150,1600,0.09375,150
tree-avl,1024,974,149,1603,0.09295071740486588,150
tree-avl,1024,975,149,1584,0.09406565656565656,149
tree-avl,1024,976,149,1594,0.09347553324968633,149
tree-avl,1024,977,149,1589,0.09376966645689112,149
tree-avl,1024,978,149,1599,0.09318323952470293,149
tree-avl,1024,979,147,1610,0.09130434782608696,149
tree-avl,1024,980,146,1552,0.09407216494845361,147
tree-avl,1024,981,145,1551,0.09348807221147647,146
tree-avl,1024,982,144,1555,0.09260450160771704,145
tree-avl,1024,983,143,1527,0.09364767518009168,144
tree-avl,1024,984,142,1514,0.09379128137384413,143
tree-avl,1024,985,139,1513,0.09187045604758758,142
tree-avl,1024,986,136,1495,0.09096989966555184,139
tree-avl,1024,987,136,1454,0.09353507565337002,136
tree-avl,1024,988,134,1436,0.09331476323119778,136
tree-avl,1024,989,134,1433,0.09351011863224006,134
tree-avl,1024,990,133,1428,0.09313725490196079,134
tree-avl,1024,991,133,1415,0.0939929328621908,133
tree-avl,1024,992,133,1439,0.09242529534398888,133
tree-avl,1024,993,133,1441,0.0922970159611381,133
tree-avl,1024,994,133,1424,0.09339887640449439,133
tree-avl,1024,995,131,1418,0.0923836389280677,133
tree-avl,1024,996,131,1408,0.09303977272727272,131
tree-avl,1024,997,130,1407,0.0923951670220327,131
tree-avl,1024,998,128,1364,0.093841642228739,130
tree-avl,1024,999,128,1361,0.0940484937545922,128
tree-avl,1024,1000,126,1358,0.09278350515463918,128
tree-avl,1024,1001,125,1339,0.09335324869305452,126
tree-avl,1024,1002,122,1325,0.09207547169811321,125
tree-avl,1024,1003,118,1317,0.08959757023538345,122
tree-avl,1024,1004,117,1259,0.09293089753772836,118
tree-avl,1024,1005,117,1238,0.09450726978998385,117
tree-avl,1024,1006,113,1250,0.0904,117
tree-avl,1024,1007,112,1201,0.093255620316403,113
tree-avl,1024,1008,111,1185,0.09367088607594937,112
tree-avl,1024,1009,107,1184,0.09037162162162163,111
tree-avl,1024,1010,104,1125,0.09244444444444444,107
tree-avl,1024,1011,101,1115,0.09058295964125561,104
tree-avl,1024,1012,98,1073,0.09133271202236719,101
tree-avl,1024,1013,96,1051,0.09134157944814462,98
tree-avl,1024,1014,90,1012,0.08893280632411067,96
tree-avl,1024,1015,87,958,0.09081419624217119,90
tree-avl,1024,1016,82,916,0.08951965065502183,87
tree-avl,1024,1017,79,880,0.08977272727272727,82
tree-avl,1024,1018,73,841,0.08680142687277051,79
tree-avl,1024,1019,70,773,0.09055627425614489,73
tree-avl,1024,1020,61,738,0.08265582655826559,70
tree-avl,1024,1021,53,644,0.08229813664596274,61
tree-avl,1024,1022,48,559,0.08586762075134168,53
tree-avl,1024,1023,32,503,0.0636182902584493,48
tree-avl,1024,1024,1,315,0.0031746031746031746,32
tree-avl,1024,1025,0,10,0.0,1
tree-unbalanced,128,0,25600,9746102,0.0026266911632979013,200
tree-unbalanced,128,1,25599,31607,0.8099155250419211,200
tree-unbalanced,128,2,25564,84518,0.30246811330130857,200
tree-unbalanced,128,3,25429,209412,0.12143048153878479,200
tree-unbalanced,128,4,24954,478501,0.05215036123226493,200
tree-unbalanced,128,5,23969,812653,0.029494753603321468,200
tree-unbalanced,128,6,22202,1196725,0.01855229898264012,200
tree-unbalanced,128,7,19840,1442333,0.013755491970300895,200
tree-unbalanced,128,8,16814,1572171,0.010694765391296494,200
tree-unbalanced,128,9,13697,1430338,0.009576058246372535,200
tree-unbalanced,128,10,10859,1198366,0.009061505416542192,200
tree-unbalanced,128,11,8595,896736,0.009584760732255648,200
tree-unbalanced,128,12,6909,651352,0.0106071678600818,200
tree-unbalanced,128,13,5792,460066,0.012589498028543731,200
tree-unbalanced,128,14,4900,340115,0.014406891786601591,200
tree-unbalanced,128,15,4236,252661,0.016765547512279298,200
tree-unbalanced,128,16,3762,185088,0.020325466804979254,200
tree-unbalanced,128,17,3389,145915,0.023225850666483912,200
tree-unbalanced,128,18,3097,120058,0.025795865331756318,200
tree-unbalanced,128,19,2861,101740,0.028120699823078434,200
tree-unbalanced,128,20,2662,92019,0.02892880818091916,200
tree-unbalanced,128,21,2513,82400,0.03049757281553398,200
tree-unbalanced,128,22,2357,71918,0.032773436413693374,200
tree-unbalanced,128,23,2242,64225,0.034908524717789026,200
tree-unbalanced,128,24,2112,56576,0.03733031674208145,200
tree-unbalanced,128,25,2008,51407,0.03906082829186687,200
tree-unbalanced,128,26,1894,46586,0.040655991070278626,200
tree-unbalanced,128,27,1803,42450,0.04247349823321555,200
tree-unbalanced,128,28,1721,38439,0.04477223653060693,200
tree-unbalanced,128,29,1641,35128,0.04671487132771578,200
tree-unbalanced,128,30,1594,32495,0.049053700569318355,200
tree-unbalanced,128,31,1527,32342,0.04721414878486179,200
tree-unbalanced,128,32,1461,28689,0.050925441806964344,200
tree-unbalanced,128,33,1406,26536,0.05298462466083811,200
tree-unbalanced,128,34,1350,24818,0.054396002901120157,200
tree-unbalanced,128,35,1305,22183,0.05882883289005094,200
tree-unbalanced,128,36,1253,22245,0.05632726455383232,200
tree-unbalanced,128,37,1213,21498,0.056423853381709924,200
tree-unbalanced,128,38,1165,19770,0.05892766818411735,200
tree-unbalanced,128,39,1137,18475,0.0615426251691475,200
tree-unbalanced,128,40,1092,17078,0.06394191357301791,200
tree-unbalanced,128,41,1049,16531,0.06345653620470632,200
tree-unbalanced,128,42,1018,15669,0.06496904716318846,200
tree-unbalanced,128,43,994,14662,0.06779429818578639,200
tree-unbalanced,128,44,966,14308,0.0675146771037182,200
tree-unbalanced,128,45,930,13368,0.06956912028725314,200
tree-unbalanced,128,46,909,12748,0.07130530279259492,200
tree-unbalanced,128,47,888,11860,0.07487352445193929,200
tree-unbalanced,128,48,859,11906,0.07214849655635813,200
tree-unbalanced,128,49,835,11530,0.07241977450130095,200
tree-unbalanced,128,50,807,11001,0.07335696754840469,200
tree-unbalanced,128,51,794,9938,0.07989535117729926,200
tree-unbalanced,128,52,782,9966,0.0784667870760586,200
tree-unbalanced,128,53,763,10159,0.07510581750172261,200
tree-unbalanced,128,54,744,9411,0.07905642333439591,200
tree-unbalanced,128,55,727,8933,0.08138363371767603,200
tree-unbalanced,128,56,710,8669,0.08190102664667205,200
tree-unbalanced,128,57,689,8716,0.07905002294630564,200
tree-unbalanced,128,58,674,8025,0.08398753894080997,200
tree-unbalanced,128,59,659,7656,0.08607628004179728,200
tree-unbalanced,128,60,640,7499,0.08534471262835044,200
tree-unbalanced,128,61,629,6991,0.0899728221999714,200
tree-unbalanced,128,62,614,6773,0.09065406762143806,200
tree-unbalanced,128,63,596,6733,0.088519233625427,200
tree-unbalanced,128,64,583,6320,0.09224683544303798,200
tree-unbalanced,128,65,568,6468,0.0878169449598021,200
tree-unbalanced,128,66,560,6264,0.08939974457215837,200
tree-unbalanced,128,67,547,5851,0.09348829259955563,200
tree-unbalanced,128,68,535,5877,0.09103283988429471,200
tree-unbalanced,128,69,529,5658,0.09349593495934959,200
tree-unbalanced,128,70,515,5337,0.0964961588907626,200
tree-unbalanced,128,71,503,5262,0.09559103002660585,200
tree-unbalanced,128,72,494,4969,0.09941638156570738,200
tree-unbalanced,128,73,479,4987,0.09604972929617005,200
tree-unbalanced,128,74,469,4859,0.096521918090142,200
tree-unbalanced,128,75,460,4677,0.09835364549925166,200
tree-unbalanced,128,76,454,4447,0.10209129750393524,200
tree-unbalanced,128,77,446,4500,0.09911111111111111,200
tree-unbalanced,128,78,438,4256,0.10291353383458647,200
tree-unbalanced,128,79,428,4174,0.10253953042644945,200
tree-unbalanced,128,80,421,4098,0.10273304050756467,200
tree-unbalanced,128,81,420,3997,0.10507880910683012,200
tree-unbalanced,128,82,415,3848,0.10784823284823285,200
tree-unbalanced,128,83,411,3966,0.10363086232980333,200
tree-unbalanced,128,84,404,3786,0.10670892762810354,200
tree-unbalanced,128,85,396,3828,0.10344827586206896,200
tree-unbalanced,128,86,391,3627,0.10780259167355942,200
tree-unbalanced,128,87,383,3595,0.10653685674547983,200
tree-unbalanced,128,88,378,3478,0.10868315123634273,200
tree-unbalanced,128,89,377,3606,0.10454797559622851,200
tree-unbalanced,128,90,373,3471,0.10746182656295016,200
tree-unbalanced,128,91,365,3421,0.10669394913767904,200
tree-unbalanced,128,92,360,3354,0.1073345259391771,200
tree-unbalanced,128,93,351,3234,0.10853432282003711,200
tree-unbalanced,128,94,345,3137,0.10997768568696206,200
tree-unbalanced,128,95,339,3117,0.10875842155919153,200
tree-unbalanced,128,96,334,3156,0.10583016476552598,200
tree-unbalanced,128,97,330,2940,0.11224489795918367,200
tree-unbalanced,128,98,325,2884,0.11269070735090153,200
tree-unbalanced,128,99,323,2857,0.11305565278263913,200
tree-unbalanced,128,100,317,3046,0.10407091267235719,200
tree-unbalanced,128,101,314,2961,0.1060452549814252,200
tree-unbalanced,128,102,308,2881,0.10690732384588685,200
tree-unbalanced,128,103,302,2762,0.10934105720492397,200
tree-unbalanced,128,104,298,2575,0.11572815533980582,200
tree-unbalanced,128,105,292,2694,0.10838901262063845,200
tree-unbalanced,128,106,286,2525,0.11326732673267327,200
tree-unbalanced,128,107,284,2594,0.1094834232845027,200
tree-unbalanced,128,108,273,2524,0.10816164817749604,200
tree-unbalanced,128,109,268,2434,0.11010682004930156,200
tree-unbalanced,128,110,263,2431,0.10818593171534348,200
tree-unbalanced,128,111,260,2260,0.11504424778761062,200
tree-unbalanced,128,112,258,2318,0.11130284728213978,200
tree-unbalanced,128,113,254,2202,0.11534968210717529,200
tree-unbalanced,128,114,251,2188,0.11471663619744059,200
tree-unbalanced,128,115,242,2246,0.10774710596616206,200
tree-unbalanced,128,116,237,2172,0.10911602209944751,200
tree-unbalanced,128,117,231,2090,0.11052631578947368,200
tree-unbalanced,128,118,230,1986,0.11581067472306143,200
tree-unbalanced,128,119,226,1988,0.11368209255533199,200
tree-unbalanced,128,120,221,1966,0.11241098677517802,200
tree-unbalanced,128,121,217,1889,0.11487559555320276,200
tree-unbalanced,128,122,213,1897,0.11228255139694254,200
tree-unbalanced,128,123,210,1901,0.11046817464492373,200
tree-unbalanced,128,124,207,1848,0.11201298701298701,200
tree-unbalanced,128,125,206,1825,0.11287671232876713,200
tree-unbalanced,128,126,205,1865,0.10991957104557641,200
tree-unbalanced,128,127,0,1648,0.0,200
tree-unbalanced,256,0,51200,47577952,0.0010761287076837607,200
tree-unbalanced,256,1,51199,58289,0.878364700029165,200
tree-unbalanced,256,2,51183,135068,0.37894245861343917,200
tree-unbalanced,256,3,51099,376129,0.13585498592238301,200
tree-unbalanced,256,4,50776,984661,0.0515669859982268,200
tree-unbalanced,256,5,49828,2077462,0.02398503558669184,200
tree-unbalanced,256,6,47967,3466202,0.013838489505227912,200
tree-unbalanced,256,7,44954,4965562,0.009053154506982292,200
tree-unbalanced,256,8,40583,6173112,0.006574155790466786,200
tree-unbalanced,256,9,35393,6574762,0.005383160637601787,200
tree-unbalanced,256,10,29836,6168047,0.004837187524673531,200
tree-unbalanced,256,11,24509,5512965,0.004445702085901144,200
tree-unbalanced,256,12,19908,4730336,0.004208580532122877,200
tree-unbalanced,256,13,15980,3699811,0.00431913954523623,200
tree-unbalanced,256,14,12992,2655694,0.00489212989147093,200
tree-unbalanced,256,15,10792,1927746,0.005598247901953888,200
tree-unbalanced,256,16,9197,1398900,0.006574451354635785,200
tree-unbalanced,256,17,8085,1017445,0.007946375479755663,200
tree-unbalanced,256,18,7282,793176,0.0091808123291678,200
tree-unbalanced,256,19,6665,634963,0.010496674609386688,200
tree-unbalanced,256,20,6128,538676,0.011376040514149508,200
tree-unbalanced,256,21,5712,455387,0.012543177561063447,200
tree-unbalanced,256,22,5321,402704,0.013213178910564583,200
tree-unbalanced,256,23,4988,339040,0.014712128362435111,200
tree-unbalanced,256,24,4717,308573,0.015286496226176626,200
tree-unbalanced,256,25,4441,276773,0.016045640290057193,200
tree-unbalanced,256,26,4213,250496,0.01681863183444047,200
tree-unbalanced,256,27,4012,222504,0.018031136518894042,200
tree-unbalanced,256,28,3815,201574,0.01892605197098832,200
tree-unbalanced,256,29,3637,185230,0.01963504831830697,200
tree-unbalanced,256,30,3483,161259,0.02159879448588916,200
tree-unbalanced,256,31,3327,156148,0.021306709019648026,200
tree-unbalanced,256,32,3208,148188,0.02164817664048371,200
tree-unbalanced,256,33,3085,136713,0.022565520469889477,200
tree-unbalanced,256,34,2973,118232,0.025145476689897826,200
tree-unbalanced,256,35,2864,114049,0.025112013257459515,200
tree-unbalanced,256,36,2783,107761,0.025825669769211496,200
tree-unbalanced,256,37,2698,100880,0.026744647105471846,200
tree-unbalanced,256,38,2613,94628,0.027613391385213678,200
tree-unbalanced,256,39,2538,88369,0.02872047890097206,200
tree-unbalanced,256,40,2464,86665,0.028431315986845902,200
tree-unbalanced,256,41,2380,80944,0.02940304407985768,200
tree-unbalanced,256,42,2320,79964,0.029013055875143814,200
tree-unbalanced,256,43,2254,71152,0.03167865977063189,200
tree-unbalanced,256,44,2193,69450,0.03157667386609071,200
tree-unbalanced,256,45,2143,64458,0.03324645505600546,200
tree-unbalanced,256,46,2090,62701,0.0333328017097016,200
tree-unbalanced,256,47,2028,60340,0.03360954590652967,200
tree-unbalanced,256,48,1973,54008,0.036531624944452674,200
tree-unbalanced,256,49,1931,55697,0.03466973086521716,200
tree-unbalanced,256,50,1887,52665,0.03583024779265167,200
tree-unbalanced,256,51,1846,48698,0.037907100907634814,200
tree-unbalanced,256,52,1787,49408,0.03616823186528497,200
tree-unbalanced,256,53,1736,46733,0.037147197911540024,200
tree-unbalanced,256,54,1703,43398,0.03924143969768192,200
tree-unbalanced,256,55,1665,43032,0.03869213608477412,200
tree-unbalanced,256,56,1630,42267,0.03856436463434831,200
tree-unbalanced,256,57,1602,38376,0.04174484052532833,200
tree-unbalanced,256,58,1566,36536,0.04286183490256186,200
tree-unbalanced,256,59,1535,35922,0.04273147374867769,200
tree-unbalanced,256,60,1496,34994,0.042750185746127906,200
tree-unbalanced,256,61,1463,32498,0.045018154963382365,200
tree-unbalanced,256,62,1443,32653,0.044191957859920986,200
tree-unbalanced,256,63,1417,29916,0.04736595801577751,200
tree-unbalanced,256,64,1393,29699,0.04690393615946665,200
tree-unbalanced,256,65,1363,29616,0.04602242031334414,200
tree-unbalanced,256,66,1336,27259,0.0490113357056385,200
tree-unbalanced,256,67,1314,26293,0.04997527859126003,200
tree-unbalanced,256,68,1287,26573,0.04843261957626162,200
tree-unbalanced,256,69,1280,26326,0.04862113499962015,200
tree-unbalanced,256,70,1261,25978,0.04854107321579798,200
tree-unbalanced,256,71,1242,24679,0.05032618825722274,200
tree-unbalanced,256,72,1230,23855,0.051561517501572,200
tree-unbalanced,256,73,1210,22708,0.053285185837590274,200
tree-unbalanced,256,74,1179,22028,0.05352278917741057,200
tree-unbalanced,256,75,1160,21682,0.0535005995756849,200
tree-unbalanced,256,76,1144,21655,0.05282844608635419,200
tree-unbalanced,256,77,1130,21203,0.0532943451398387,200
tree-unbalanced,256,78,1114,20899,0.0533039858366429,200
tree-unbalanced,256,79,1099,19409,0.05662321603379875,200
tree-unbalanced,256,80,1082,19424,0.05570428336079077,200
tree-unbalanced,256,81,1067,19366,0.05509656098316638,200
tree-unbalanced,256,82,1048,18145,0.05775695783962524,200
tree-unbalanced,256,83,1029,19007,0.05413794917661914,200
tree-unbalanced,256,84,1015,17463,0.0581228883926015,200
tree-unbalanced,256,85,1003,16985,0.05905210479835148,200
tree-unbalanced,256,86,987,17207,0.0573603765909223,200
tree-unbalanced,256,87,969,15682,0.061790587935212346,200
tree-unbalanced,256,88,957,15910,0.060150848522941544,200
tree-unbalanced,256,89,947,16058,0.05897372026404284,200
tree-unbalanced,256,90,931,15435,0.06031746031746032,200
tree-unbalanced,256,91,921,15211,0.06054828742357504,200
tree-unbalanced,256,92,908,14634,0.06204728713953806,200
tree-unbalanced,256,93,901,14222,0.063352552383631,200
tree-unbalanced,256,94,883,14581,0.06055826075029148,200
tree-unbalanced,256,95,874,13470,0.06488492947290275,200
tree-unbalanced,256,96,865,13919,0.062145269056685104,200
tree-unbalanced,256,97,847,13357,0.06341244291382796,200
tree-unbalanced,256,98,838,12385,0.06766249495357288,200
tree-unbalanced,256,99,828,12359,0.0669957116271543,200
tree-unbalanced,256,100,816,11872,0.06873315363881402,200
tree-unbalanced,256,101,805,11562,0.06962463241653694,200
tree-unbalanced,256,102,801,11479,0.06977959752591689,200
tree-unbalanced,256,103,796,11811,0.06739480145626958,200
tree-unbalanced,256,104,786,11528,0.06818181818181818,200
tree-unbalanced,256,105,778,11867,0.06555995618100616,200
tree-unbalanced,256,106,769,11452,0.06714984282221446,200
tree-unbalanced,256,107,763,10787,0.07073329007138222,200
tree-unbalanced,256,108,758,10543,0.07189604476904107,200
tree-unbalanced,256,109,754,10820,0.06968576709796673,200
tree-unbalanced,256,110,747,10433,0.07159973162081856,200
tree-unbalanced,256,111,737,10365,0.07110467920887603,200
tree-unbalanced,256,112,726,9902,0.0733185215108059,200
tree-unbalanced,256,113,721,10494,0.06870592719649324,200
tree-unbalanced,256,114,715,10163,0.0703532421529076,200
tree-unbalanced,256,115,705,9853,0.07155181163097533,200
tree-unbalanced,256,116,698,9905,0.07046945986875315,200
tree-unbalanced,256,117,696,9618,0.07236431690580163,200
tree-unbalanced,256,118,688,9203,0.07475823101162664,200
tree-unbalanced,256,119,677,9505,0.07122567069963177,200
tree-unbalanced,256,120,674,9034,0.07460704007084348,200
tree-unbalanced,256,121,664,9011,0.07368771501498168,200
tree-unbalanced,256,122,655,8877,0.07378618902782472,200
tree-unbalanced,256,123,644,8766,0.07346566278804471,200
tree-unbalanced,256,124,637,8392,0.07590562440419447,200
tree-unbalanced,256,125,628,8446,0.07435472412976557,200
tree-unbalanced,256,126,621,8117,0.0765060983121843,200
tree-unbalanced,256,127,616,7940,0.07758186397984887,200
tree-unbalanced,256,128,611,8168,0.07480411361410381,200
tree-unbalanced,256,129,605,7726,0.07830701527310381,200
tree-unbalanced,256,130,601,7907,0.07600859997470595,200
tree-unbalanced,256,131,596,7563,0.07880470712680153,200
tree-unbalanced,256,132,586,7947,0.07373851767962754,200
tree-unbalanced,256,133,584,7679,0.0760515692147415,200
tree-unbalanced,256,134,572,7473,0.07654221865382042,200
tree-unbalanced,256,135,569,7421,0.07667430265462875,200
tree-unbalanced,256,136,564,7221,0.07810552555047777,200
tree-unbalanced,256,137,555,7003,0.07925174925032129,200
tree-unbalanced,256,138,550,6919,0.0794912559618442,200
tree-unbalanced,256,139,547,6986,0.07829945605496708,200
tree-unbalanced,256,140,543,6736,0.08061163895486936,200
tree-unbalanced,256,141,538,6491,0.08288399322138346,200
tree-unbalanced,256,142,533,6688,0.07969497607655503,200
tree-unbalanced,256,143,524,6470,0.08098918083462132,200
tree-unbalanced,256,144,518,6512,0.07954545454545454,200
tree-unbalanced,256,145,513,6422,0.07988165680473373,200
tree-unbalanced,256,146,509,6158,0.082656706722962,200
tree-unbalanced,256,147,503,6059,0.0830169995048688,200
tree-unbalanced,256,148,500,6032,0.08289124668435013,200
tree-unbalanced,256,149,495,5967,0.08295625942684766,200
tree-unbalanced,256,150,489,5819,0.08403505757002921,200
tree-unbalanced,256,151,480,5851,0.08203725858827551,200
tree-unbalanced,256,152,476,5622,0.08466737815723942,200
tree-unbalanced,256,153,473,5430,0.0871086556169429,200
tree-unbalanced,256,154,468,5640,0.08297872340425531,200
tree-unbalanced,256,155,464,5280,0.08787878787878788,200
tree-unbalanced,256,156,461,5659,0.0814631560346351,200
tree-unbalanced,256,157,458,5367,0.08533631451462642,200
tree-unbalanced,256,158,454,5226,0.08687332567929583,200
tree-unbalanced,256,159,451,5197,0.08678083509717144,200
tree-unbalanced,256,160,443,5359,0.0826646762455682,200
tree-unbalanced,256,161,434,5040,0.08611111111111111,200
tree-unbalanced,256,162,431,4979,0.08656356698132155,200
tree-unbalanced,256,163,426,4982,0.08550782818145324,200
tree-unbalanced,256,164,422,4881,0.08645769309567712,200
tree-unbalanced,256,165,419,4835,0.08665977249224405,200
tree-unbalanced,256,166,416,4835,0.0860392967942089,200
tree-unbalanced,256,167,410,4716,0.08693808312128923,200
tree-unbalanced,256,168,408,4575,0.08918032786885247,200
tree-unbalanced,256,169,400,4434,0.09021199819576003,200
tree-unbalanced,256,170,394,4556,0.08647936786654961,200
tree-unbalanced,256,171,392,4360,0.08990825688073395,200
tree-unbalanced,256,172,385,4180,0.09210526315789473,200
tree-unbalanced,256,173,378,4218,0.08961593172119488,200
tree-unbalanced,256,174,376,4256,0.08834586466165413,200
tree-unbalanced,256,175,372,4141,0.08983337358126056,200
tree-unbalanced,256,176,369,3966,0.09304084720121028,200
tree-unbalanced,256,177,368,4014,0.0916791230692576,200
tree-unbalanced,256,178,364,3783,0.09621993127147767,200
tree-unbalanced,256,179,358,3849,0.09301117173291765,200
tree-unbalanced,256,180,355,3933,0.09026188660055937,200
tree-unbalanced,256,181,353,3816,0.09250524109014675,200
tree-unbalanced,256,182,349,3826,0.09121798222686879,200
tree-unbalanced,256,183,348,3787,0.09189331925006601,200
tree-unbalanced,256,184,345,3879,0.08894044856921887,200
tree-unbalanced,256,185,343,3732,0.09190782422293677,200
tree-unbalanced,256,186,341,3667,0.09299154622307063,200
tree-unbalanced,256,187,339,3565,0.09509116409537167,200
tree-unbalanced,256,188,335,3566,0.09394279304542905,200
tree-unbalanced,256,189,334,3574,0.09345271404588697,200
tree-unbalanced,256,190,331,3476,0.09522439585730726,200
tree-unbalanced,256,191,330,3471,0.09507346585998272,200
tree-unbalanced,256,192,328,3549,0.0924204001127078,200
tree-unbalanced,256,193,327,3438,0.09511343804537521,200
tree-unbalanced,256,194,324,3509,0.09233399829011114,200
tree-unbalanced,256,195,324,3448,0.09396751740139211,200
tree-unbalanced,256,196,321,3358,0.09559261465157833,200
tree-unbalanced,256,197,318,3423,0.09290096406660824,200
tree-unbalanced,256,198,316,3368,0.09382422802850356,200
tree-unbalanced,256,199,312,3259,0.09573488800245473,200
tree-unbalanced,256,200,310,3266,0.09491733006736068,200
tree-unbalanced,256,201,309,3224,0.09584367245657568,200
tree-unbalanced,256,202,305,3188,0.09567126725219574,200
tree-unbalanced,256,203,303,3111,0.09739633558341369,200
tree-unbalanced,256,204,301,3062,0.09830176355323318,200
tree-unbalanced,256,205,296,3092,0.09573091849935317,200
tree-unbalanced,256,206,295,3070,0.09609120521172639,200
tree-unbalanced,256,207,295,3046,0.09684832567301378,200
tree-unbalanced,256,208,294,3150,0.09333333333333334,200
tree-unbalanced,256,209,293,2968,0.09871967654986523,200
tree-unbalanced,256,210,291,3052,0.0953473132372215,200
tree-unbalanced,256,211,290,3059,0.09480222294867603,200
tree-unbalanced,256,212,288,2991,0.09628886659979939,200
tree-unbalanced,256,213,283,2976,0.09509408602150538,200
tree-unbalanced,256,214,280,2965,0.09443507588532883,200
tree-unbalanced,256,215,275,2979,0.09231285666330984,200
tree-unbalanced,256,216,273,2870,0.0951219512195122,200
tree-unbalanced,256,217,272,2808,0.09686609686609686,200
tree-unbalanced,256,218,268,2839,0.0943994364212751,200
tree-unbalanced,256,219,268,2696,0.09940652818991098,200
tree-unbalanced,256,220,263,2759,0.0953243928959768,200
tree-unbalanced,256,221,259,2667,0.09711286089238845,200
tree-unbalanced,256,222,256,2595,0.09865125240847784,200
tree-unbalanced,256,223,255,2642,0.09651778955336866,200
tree-unbalanced,256,224,251,2520,0.0996031746031746,200
tree-unbalanced,256,225,250,2599,0.09619084263178146,200
tree-unbalanced,256,226,248,2523,0.09829567974633373,200
tree-unbalanced,256,227,247,2510,0.09840637450199204,200
tree-unbalanced,256,228,246,2610,0.09425287356321839,200
tree-unbalanced,256,229,242,2466,0.09813463098134631,200
tree-unbalanced,256,230,242,2543,0.0951631930790405,200
tree-unbalanced,256,231,241,2437,0.09889208042675421,200
tree-unbalanced,256,232,239,2515,0.09502982107355865,200
tree-unbalanced,256,233,237,2417,0.09805544062887878,200
tree-unbalanced,256,234,235,2401,0.09787588504789671,200
tree-unbalanced,256,235,232,2399,0.09670696123384744,200
tree-unbalanced,256,236,231,2444,0.09451718494271685,200
tree-unbalanced,256,237,229,2371,0.09658371994938844,200
tree-unbalanced,256,238,224,2368,0.0945945945945946,200
tree-unbalanced,256,239,221,2225,0.09932584269662921,200
tree-unbalanced,256,240,221,2242,0.09857270294380018,200
tree-unbalanced,256,241,219,2243,0.09763709317877842,200
tree-unbalanced,256,242,217,2284,0.09500875656742556,200
tree-unbalanced,256,243,215,2204,0.09754990925589836,200
tree-unbalanced,256,244,213,2249,0.09470875944864385,200
tree-unbalanced,256,245,210,2182,0.09624197983501374,200
tree-unbalanced,256,246,208,2139,0.09724170172978028,200
tree-unbalanced,256,247,206,2168,0.09501845018450185,200
tree-unbalanced,256,248,206,2097,0.09823557463042441,200
tree-unbalanced,256,249,204,2121,0.09618104667609619,200
tree-unbalanced,256,250,202,2095,0.0964200477326969,200
tree-unbalanced,256,251,202,2015,0.10024813895781638,200
tree-unbalanced,256,252,202,2077,0.09725565719788155,200
tree-unbalanced,256,253,202,2018,0.10009910802775025,200
tree-unbalanced,256,254,201,2053,0.09790550414028251,200
tree-unbalanced,256,255,0,1868,0.0,200
tree-unbalanced,512,0,102400,228058715,0.0004490071778226059,200
tree-unbalanced,512,1,102399,115927,0.8833058735238555,200
tree-unbalanced,512,2,102391,229294,0.4465489720620688,200
tree-unbalanced,512,3,102331,645528,0.158522945557745,200
tree-unbalanced,512,4,102096,1710426,0.05969039291965861,200
tree-unbalanced,512,5,101421,4201761,0.02413773653475293,200
tree-unbalanced,512,6,99746,8498406,0.011737024566724631,200
tree-unbalanced,512,7,96566,13782752,0.007006293082832804,200
tree-unbalanced,512,8,91233,19817112,0.0046037485179475195,200
tree-unbalanced,512,9,83698,24709454,0.003387286501757586,200
tree-unbalanced,512,10,74478,27648630,0.0026937320221652934,200
tree-unbalanced,512,11,64344,27926342,0.0023040611620383364,200
tree-unbalanced,512,12,54086,26274214,0.0020585201901758125,200
tree-unbalanced,512,13,44626,22598368,0.001974744370920944,200
tree-unbalanced,512,14,36489,18460884,0.0019765575689658197,200
tree-unbalanced,512,15,30043,14420314,0.0020833804312444235,200
tree-unbalanced,512,16,24940,10812772,0.002306531572107504,200
tree-unbalanced,512,17,21109,8145218,0.0025915819564313685,200
tree-unbalanced,512,18,18230,6074928,0.0030008586109991756,200
tree-unbalanced,512,19,16171,4586731,0.0035256046190631192,200
tree-unbalanced,512,20,14516,3619513,0.004010484283382875,200
tree-unbalanced,512,21,13167,2868555,0.004590115929448799,200
tree-unbalanced,512,22,12105,2395440,0.005053351367598437,200
tree-unbalanced,512,23,11274,1995649,0.0056492900304612684,200
tree-unbalanced,512,24,10517,1707426,0.006159564162663565,200
tree-unbalanced,512,25,9911,1486895,0.006665568180671802,200
tree-unbalanced,512,26,9376,1355556,0.006916719043698674,200
tree-unbalanced,512,27,8914,1200866,0.007422976418684516,200
tree-unbalanced,512,28,8504,1083915,0.007845633652085265,200
tree-unbalanced,512,29,8067,960429,0.008399371530847152,200
tree-unbalanced,512,30,7722,878591,0.008789072503588131,200
tree-unbalanced,512,31,7398,819667,0.009025616500359292,200
tree-unbalanced,512,32,7106,763945,0.00930171674662443,200
tree-unbalanced,512,33,6819,687653,0.009916338618460183,200
tree-unbalanced,512,34,6572,642445,0.010229669465868674,200
tree-unbalanced,512,35,6341,586329,0.010814747351742792,200
tree-unbalanced,512,36,6119,553264,0.011059819543653662,200
tree-unbalanced,512,37,5902,518664,0.011379235882960838,200
tree-unbalanced,512,38,5730,474565,0.012074215334042755,200
tree-unbalanced,512,39,5546,454333,0.012206905507634268,200
tree-unbalanced,512,40,5381,431304,0.012476118932353978,200
tree-unbalanced,512,41,5223,401568,0.013006514463303849,200
tree-unbalanced,512,42,5089,377538,0.013479437831423592,200
tree-unbalanced,512,43,4969,355379,0.01398225556377839,200
tree-unbalanced,512,44,4841,341227,0.014187036781966257,200
tree-unbalanced,512,45,4715,328746,0.014342379831237491,200
tree-unbalanced,512,46,4611,304784,0.0151287469158486,200
tree-unbalanced,512,47,4490,299890,0.014972156457367701,200
tree-unbalanced,512,48,4390,281555,0.01559198025252615,200
tree-unbalanced,512,49,4293,271688,0.015801213156267483,200
tree-unbalanced,512,50,4212,259694,0.016219088619683165,200
tree-unbalanced,512,51,4139,253036,0.016357356265511627,200
tree-unbalanced,512,52,4054,243102,0.016676127715938165,200
tree-unbalanced,512,53,3976,227647,0.01746563758802005,200
tree-unbalanced,512,54,3894,218520,0.017819879187259746,200
tree-unbalanced,512,55,3831,213383,0.01795363266989404,200
tree-unbalanced,512,56,3760,206488,0.01820929061252954,200
tree-unbalanced,512,57,3682,197252,0.0186664773994687,200
tree-unbalanced,512,58,3600,191343,0.018814380458130164,200
tree-unbalanced,512,59,3534,181309,0.01949158618711702,200
tree-unbalanced,512,60,3478,181221,0.019192036243040264,200
tree-unbalanced,512,61,3419,178930,0.019108031073604204,200
tree-unbalanced,512,62,3361,172265,0.019510637680318115,200
tree-unbalanced,512,63,3303,165420,0.019967355821545157,200
tree-unbalanced,512,64,3237,165792,0.01952446438911407,200
tree-unbalanced,512,65,3185,156687,0.02032714902959403,200
tree-unbalanced,512,66,3119,148143,0.021053981625861497,200
tree-unbalanced,512,67,3071,143451,0.021408006915253294,200
tree-unbalanced,512,68,3008,143320,0.02098799888361708,200
tree-unbalanced,512,69,2953,130476,0.022632514791992398,200
tree-unbalanced,512,70,2913,128909,0.022597336105314603,200
tree-unbalanced,512,71,2864,125158,0.02288307579219866,200
tree-unbalanced,512,72,2819,119085,0.02367216693958097,200
tree-unbalanced,512,73,2776,117912,0.02354298120632336,200
tree-unbalanced,512,74,2731,116302,0.02348196935564307,200
tree-unbalanced,512,75,2691,115779,0.023242556940377787,200
tree-unbalanced,512,76,2655,106122,0.025018375077740712,200
tree-unbalanced,512,77,2610,107493,0.024280650833077504,200
tree-unbalanced,512,78,2575,103701,0.02483100452261791,200
tree-unbalanced,512,79,2532,100432,0.025211088099410545,200
tree-unbalanced,512,80,2497,99355,0.02513210205827588,200
tree-unbalanced,512,81,2464,94844,0.02597950318417612,200
tree-unbalanced,512,82,2428,94279,0.02575334910213303,200
tree-unbalanced,512,83,2393,91448,0.026167876826174438,200
tree-unbalanced,512,84,2360,88335,0.026716477047602875,200
tree-unbalanced,512,85,2326,88247,0.02635783652702075,200
tree-unbalanced,512,86,2292,81780,0.028026412325752016,200
tree-unbalanced,512,87,2262,83177,0.027195017853493153,200
tree-unbalanced,512,88,2234,78323,0.028522911533010738,200
tree-unbalanced,512,89,2212,76183,0.02903534909362981,200
tree-unbalanced,512,90,2181,77546,0.02812524179196864,200
tree-unbalanced,512,91,2153,72752,0.02959368814603035,200
tree-unbalanced,512,92,2127,69284,0.030699728653080075,200
tree-unbalanced,512,93,2100,68208,0.03078817733990148,200
tree-unbalanced,512,94,2071,68430,0.03026450387257051,200
tree-unbalanced,512,95,2044,66158,0.030895734453883127,200
tree-unbalanced,512,96,2021,65166,0.03101310499340147,200
tree-unbalanced,512,97,1996,66907,0.029832454003318038,200
tree-unbalanced,512,98,1974,64335,0.03068314292375845,200
tree-unbalanced,512,99,1951,61420,0.03176489742754803,200
tree-unbalanced,512,100,1923,59402,0.03237264738560991,200
tree-unbalanced,512,101,1898,60129,0.031565467578040546,200
tree-unbalanced,512,102,1870,59231,0.031571305566341946,200
tree-unbalanced,512,103,1847,57003,0.03240180341385541,200
tree-unbalanced,512,104,1837,55041,0.033375120364818954,200
tree-unbalanced,512,105,1811,56033,0.032320239858654724,200
tree-unbalanced,512,106,1787,51633,0.034609648867972034,200
tree-unbalanced,512,107,1761,52453,0.033572912893447465,200
tree-unbalanced,512,108,1740,50522,0.03444044178773604,200
tree-unbalanced,512,109,1713,50679,0.0338009826555378,200
tree-unbalanced,512,110,1693,47455,0.03567590348751449,200
tree-unbalanced,512,111,1675,46864,0.03574172072379652,200
tree-unbalanced,512,112,1659,47178,0.03516469540887702,200
tree-unbalanced,512,113,1642,45133,0.03638136175304101,200
tree-unbalanced,512,114,1633,44257,0.03689811781187157,200
tree-unbalanced,512,115,1618,44735,0.036168548116687155,200
tree-unbalanced,512,116,1603,44643,0.035907085097327686,200
tree-unbalanced,512,117,1580,41897,0.037711530658519704,200
tree-unbalanced,512,118,1554,41171,0.03774501469480945,200
tree-unbalanced,512,119,1533,40077,0.03825136612021858,200
tree-unbalanced,512,120,1516,38977,0.03889473279113323,200
tree-unbalanced,512,121,1502,39682,0.0378509147724409,200
tree-unbalanced,512,122,1482,39936,0.037109375,200
tree-unbalanced,512,123,1474,37282,0.03953650555227724,200
tree-unbalanced,512,124,1461,37592,0.038864652053628435,200
tree-unbalanced,512,125,1456,36201,0.04021988342863457,200
tree-unbalanced,512,126,1444,35596,0.04056635577031127,200
tree-unbalanced,512,127,1432,35566,0.040263172693021425,200
tree-unbalanced,512,128,1418,34808,0.040737761434153065,200
tree-unbalanced,512,129,1405,34572,0.04063982413513826,200
tree-unbalanced,512,130,1392,33863,0.04110681274547441,200
tree-unbalanced,512,131,1386,34269,0.04044471679943973,200
tree-unbalanced,512,132,1375,32295,0.04257625019352841,200
tree-unbalanced,512,133,1366,32693,0.041782644602820176,200
tree-unbalanced,512,134,1353,32115,0.04212984586641756,200
tree-unbalanced,512,135,1340,33027,0.040572864625912135,200
tree-unbalanced,512,136,1327,30587,0.04338444437179194,200
tree-unbalanced,512,137,1319,30298,0.04353422668162915,200
tree-unbalanced,512,138,1314,31196,0.04212078471598923,200
tree-unbalanced,512,139,1302,29917,0.04352040645786676,200
tree-unbalanced,512,140,1295,30059,0.043081938853587944,200
tree-unbalanced,512,141,1288,29881,0.043104313777986014,200
tree-unbalanced,512,142,1281,28964,0.044227316668968376,200
tree-unbalanced,512,143,1273,29572,0.04304747734343298,200
tree-unbalanced,512,144,1260,29094,0.04330789853578057,200
tree-unbalanced,512,145,1251,28700,0.04358885017421603,200
tree-unbalanced,512,146,1239,28445,0.04355774301283178,200
tree-unbalanced,512,147,1229,28308,0.04341528896425039,200
tree-unbalanced,512,148,1223,27926,0.0437943135429349,200
tree-unbalanced,512,149,1212,26522,0.04569791116808687,200
tree-unbalanced,512,150,1204,26490,0.04545111362778407,200
tree-unbalanced,512,151,1193,28260,0.04221514508138712,200
tree-unbalanced,512,152,1181,25184,0.04689485387547649,200
tree-unbalanced,512,153,1171,25838,0.045320845266661504,200
tree-unbalanced,512,154,1156,25556,0.045233995930505554,200
tree-unbalanced,512,155,1147,24621,0.04658624751228626,200
tree-unbalanced,512,156,1142,24680,0.04627228525121556,200
tree-unbalanced,512,157,1134,24437,0.04640504153537668,200
tree-unbalanced,512,158,1124,23710,0.04740615773935049,200
tree-unbalanced,512,159,1113,23851,0.046664710075049264,200
tree-unbalanced,512,160,1104,21939,0.05032134554902229,200
tree-unbalanced,512,161,1092,21690,0.05034578146611342,200
tree-unbalanced,512,162,1086,22021,0.04931656146405704,200
tree-unbalanced,512,163,1079,22316,0.04835095895321742,200
tree-unbalanced,512,164,1075,22292,0.04822357796518931,200
tree-unbalanced,512,165,1068,22720,0.04700704225352113,200
tree-unbalanced,512,166,1057,21798,0.04849068721901092,200
tree-unbalanced,512,167,1052,22394,0.046976868804143965,200
tree-unbalanced,512,168,1046,20750,0.050409638554216867,200
tree-unbalanced,512,169,1037,21293,0.04870145118113934,200
tree-unbalanced,512,170,1034,20855,0.04958043634619995,200
tree-unbalanced,512,171,1023,20471,0.04997313272434175,200
tree-unbalanced,512,172,1017,19429,0.05234443357867106,200
tree-unbalanced,512,173,1013,19991,0.05067280276124256,200
tree-unbalanced,512,174,1012,20256,0.04996050552922591,200
tree-unbalanced,512,175,1004,19218,0.05224268914559267,200
tree-unbalanced,512,176,1001,18132,0.05520626516655636,200
tree-unbalanced,512,177,995,20003,0.04974253861920712,200
tree-unbalanced,512,178,991,19122,0.05182512289509465,200
tree-unbalanced,512,179,987,18924,0.052155992390615094,200
tree-unbalanced,512,180,982,19500,0.05035897435897436,200
tree-unbalanced,512,181,973,19415,0.050115889775946436,200
tree-unbalanced,512,182,967,18036,0.05361499223774673,200
tree-unbalanced,512,183,960,18699,0.05133964383122092,200
tree-unbalanced,512,184,951,18322,0.05190481388494706,200
tree-unbalanced,512,185,946,18223,0.05191241837238655,200
tree-unbalanced,512,186,937,17405,0.05383510485492674,200
tree-unbalanced,512,187,932,17329,0.05378267643834035,200
tree-unbalanced,512,188,921,16933,0.054390834465245376,200
tree-unbalanced,512,189,917,16356,0.05606505258009293,200
tree-unbalanced,512,190,912,17160,0.05314685314685315,200
tree-unbalanced,512,191,906,16526,0.05482270361854048,200
tree-unbalanced,512,192,900,16998,0.05294740557712672,200
tree-unbalanced,512,193,892,15887,0.05614653490275068,200
tree-unbalanced,512,194,886,16641,0.05324199266870981,200
tree-unbalanced,512,195,880,15613,0.05636328700441939,200
tree-unbalanced,512,196,878,15991,0.05490588456006504,200
tree-unbalanced,512,197,869,15997,0.05432268550353191,200
tree-unbalanced,512,198,863,16228,0.053179689425684004,200
tree-unbalanced,512,199,857,15805,0.05422334704207529,200
tree-unbalanced,512,200,855,15231,0.05613551309828639,200
tree-unbalanced,512,201,847,14987,0.05651564689397478,200
tree-unbalanced,512,202,845,14582,0.05794815525990948,200
tree-unbalanced,512,203,842,15138,0.055621614480116266,200
tree-unbalanced,512,204,835,14778,0.05650290973068074,200
tree-unbalanced,512,205,827,15178,0.054486757148504414,200
tree-unbalanced,512,206,820,14109,0.05811893117868028,200
tree-unbalanced,512,207,813,14578,0.055768966936479626,200
tree-unbalanced,512,208,810,13539,0.05982716596499003,200
tree-unbalanced,512,209,807,13870,0.0581831290555155,200
tree-unbalanced,512,210,799,14159,0.0564305388798644,200
tree-unbalanced,512,211,795,13563,0.058615350586153504,200
tree-unbalanced,512,212,791,13646,0.05796570423567346,200
tree-unbalanced,512,213,783,13467,0.058142125194920916,200
tree-unbalanced,512,214,779,13718,0.05678670360110803,200
tree-unbalanced,512,215,774,13484,0.05740136458024325,200
tree-unbalanced,512,216,769,12594,0.06106082261394315,200
tree-unbalanced,512,217,765,13144,0.05820146074254413,200
tree-unbalanced,512,218,758,13296,0.05700962695547533,200
tree-unbalanced,512,219,751,12786,0.05873611762865634,200
tree-unbalanced,512,220,747,13013,0.057404134327211254,200
tree-unbalanced,512,221,743,12315,0.06033292732440114,200
tree-unbalanced,512,222,737,11741,0.06277148454135083,200
tree-unbalanced,512,223,729,11989,0.060805738593710905,200
tree-unbalanced,512,224,724,11461,0.06317075298839543,200
tree-unbalanced,512,225,719,11771,0.06108232095828731,200
tree-unbalanced,512,226,716,11510,0.06220677671589922,200
tree-unbalanced,512,227,709,11425,0.062056892778993435,200
tree-unbalanced,512,228,706,11867,0.059492710878907895,200
tree-unbalanced,512,229,703,10931,0.06431250571768365,200
tree-unbalanced,512,230,697,11164,0.0624328197778574,200
tree-unbalanced,512,231,694,11169,0.062136270033127404,200
tree-unbalanced,512,232,687,11025,0.06231292517006803,200
tree-unbalanced,512,233,684,10405,0.06573762614127823,200
tree-unbalanced,512,234,680,10878,0.06251149108291966,200
tree-unbalanced,512,235,678,10429,0.06501102694409819,200
tree-unbalanced,512,236,674,10996,0.061295016369588944,200
tree-unbalanced,512,237,664,10210,0.06503428011753183,200
tree-unbalanced,512,238,663,10211,0.06492997747527177,200
tree-unbalanced,512,239,659,10060,0.06550695825049702,200
tree-unbalanced,512,240,655,9885,0.06626201315123925,200
tree-unbalanced,512,241,650,10624,0.06118222891566265,200
tree-unbalanced,512,242,646,9744,0.06629720853858785,200
tree-unbalanced,512,243,642,10045,0.06391239422598308,200
tree-unbalanced,512,244,640,10206,0.062708210856359,200
tree-unbalanced,512,245,636,9986,0.06368916483076306,200
tree-unbalanced,512,246,633,9472,0.0668285472972973,200
tree-unbalanced,512,247,630,9973,0.06317056051338614,200
tree-unbalanced,512,248,626,9561,0.06547432276958477,200
tree-unbalanced,512,249,623,9627,0.06471382569855615,200
tree-unbalanced,512,250,621,9312,0.0666881443298969,200
tree-unbalanced,512,251,615,9247,0.06650805666702714,200
tree-unbalanced,512,252,609,9692,0.06283532810565415,200
tree-unbalanced,512,253,607,9074,0.06689442362794798,200
tree-unbalanced,512,254,605,9054,0.06682129445548929,200
tree-unbalanced,512,255,603,8929,0.06753275842759547,200
tree-unbalanced,512,256,601,9182,0.06545414942278371,200
tree-unbalanced,512,257,599,8799,0.06807591771792249,200
tree-unbalanced,512,258,597,9038,0.06605443682230581,200
tree-unbalanced,512,259,590,8802,0.06703022040445353,200
tree-unbalanced,512,260,587,8451,0.0694592355934209,200
tree-unbalanced,512,261,582,8375,0.06949253731343284,200
tree-unbalanced,512,262,579,8457,0.06846399432422845,200
tree-unbalanced,512,263,577,8586,0.0672024225483345,200
tree-unbalanced,512,264,571,8587,0.06649586584371725,200
tree-unbalanced,512,265,571,8268,0.06906144170295114,200
tree-unbalanced,512,266,565,8584,0.06582013047530288,200
tree-unbalanced,512,267,565,8302,0.06805589014695254,200
tree-unbalanced,512,268,565,8454,0.06683226874852141,200
tree-unbalanced,512,269,561,8191,0.06848980588450738,200
tree-unbalanced,512,270,557,7902,0.07048848392811946,200
tree-unbalanced,512,271,552,8266,0.06677957899830632,200
tree-unbalanced,512,272,549,8312,0.06604908565928777,200
tree-unbalanced,512,273,547,7999,0.06838354794349294,200
tree-unbalanced,512,274,543,7639,0.07108260243487367,200
tree-unbalanced,512,275,542,7594,0.0713721358967606,200
tree-unbalanced,512,276,539,7629,0.07065146152837856,200
tree-unbalanced,512,277,538,7529,0.07145703280648161,200
tree-unbalanced,512,278,538,7882,0.068256787617356,200
tree-unbalanced,512,279,535,7763,0.06891665593198505,200
tree-unbalanced,512,280,533,7723,0.06901463161983686,200
tree-unbalanced,512,281,530,7845,0.06755895474824729,200
tree-unbalanced,512,282,524,7420,0.07061994609164421,200
tree-unbalanced,512,283,523,7257,0.0720683478021221,200
tree-unbalanced,512,284,519,7519,0.06902513632131932,200
tree-unbalanced,512,285,512,7167,0.07143853774243059,200
tree-unbalanced,512,286,508,7334,0.06926643032451596,200
tree-unbalanced,512,287,504,6996,0.07204116638078903,200
tree-unbalanced,512,288,503,7149,0.07035949083787943,200
tree-unbalanced,512,289,501,7053,0.07103360272224585,200
tree-unbalanced,512,290,496,6770,0.07326440177252586,200
tree-unbalanced,512,291,493,6872,0.07174039580908033,200
tree-unbalanced,512,292,492,6637,0.07412987795690824,200
tree-unbalanced,512,293,489,6526,0.07493104505056697,200
tree-unbalanced,512,294,487,6642,0.07332128876844324,200
tree-unbalanced,512,295,485,6386,0.07594738490447854,200
tree-unbalanced,512,296,483,6504,0.07426199261992619,200
tree-unbalanced,512,297,481,6375,0.07545098039215686,200
tree-unbalanced,512,298,478,6679,0.07156759994011079,200
tree-unbalanced,512,299,478,6681,0.07154617572219728,200
tree-unbalanced,512,300,476,6353,0.07492523217377617,200
tree-unbalanced,512,301,472,6573,0.07180891525939449,200
tree-unbalanced,512,302,466,6396,0.07285803627267042,200
tree-unbalanced,512,303,463,5895,0.07854113655640373,200
tree-unbalanced,512,304,459,6356,0.07221522970421648,200
tree-unbalanced,512,305,457,6077,0.0752015797268389,200
tree-unbalanced,512,306,453,6039,0.07501241927471436,200
tree-unbalanced,512,307,452,5945,0.07603027754415476,200
tree-unbalanced,512,308,451,6195,0.07280064568200162,200
tree-unbalanced,512,309,448,6024,0.07436918990703852,200
tree-unbalanced,512,310,444,6019,0.07376640637979731,200
tree-unbalanced,512,311,441,5771,0.07641656558655345,200
tree-unbalanced,512,312,436,5915,0.07371090448013524,200
tree-unbalanced,512,313,433,5587,0.07750134240200465,200
tree-unbalanced,512,314,433,5745,0.07536988685813752,200
tree-unbalanced,512,315,432,5574,0.077502691065662,200
tree-unbalanced,512,316,429,5589,0.07675791733762748,200
tree-unbalanced,512,317,428,5511,0.07766285610596987,200
tree-unbalanced,512,318,426,5302,0.08034703885326291,200
tree-unbalanced,512,319,425,5466,0.07775338455909257,200
tree-unbalanced,512,320,424,5527,0.07671431156142573,200
tree-unbalanced,512,321,424,5440,0.07794117647058824,200
tree-unbalanced,512,322,422,5495,0.07679708826205642,200
tree-unbalanced,512,323,419,5492,0.07629278951201748,200
tree-unbalanced,512,324,419,5438,0.07705038617138654,200
tree-unbalanced,512,325,415,5259,0.07891234074919186,200
tree-unbalanced,512,326,415,5412,0.07668144863266814,200
tree-unbalanced,512,327,412,5447,0.07563796585276299,200
tree-unbalanced,512,328,409,5229,0.0782176324344999,200
tree-unbalanced,512,329,408,5377,0.07587874279337921,200
tree-unbalanced,512,330,406,5177,0.07842379756615801,200
tree-unbalanced,512,331,405,5244,0.07723112128146453,200
tree-unbalanced,512,332,403,5194,0.07758952637658838,200
tree-unbalanced,512,333,400,5063,0.07900454276120877,200
tree-unbalanced,512,334,400,5113,0.07823195775474281,200
tree-unbalanced,512,335,400,5204,0.07686395080707148,200
tree-unbalanced,512,336,396,5131,0.07717793802377704,200
tree-unbalanced,512,337,395,5074,0.07784785179345684,200
tree-unbalanced,512,338,394,5035,0.07825223435948361,200
tree-unbalanced,512,339,394,5045,0.07809712586719525,200
tree-unbalanced,512,340,389,4917,0.07911328045556233,200
tree-unbalanced,512,341,389,4907,0.07927450580802935,200
tree-unbalanced,512,342,387,4810,0.08045738045738046,200
tree-unbalanced,512,343,387,5002,0.07736905237904838,200
tree-unbalanced,512,344,386,4891,0.07892046616233898,200
tree-unbalanced,512,345,386,4898,0.07880767660269498,200
tree-unbalanced,512,346,385,4829,0.07972665148063782,200
tree-unbalanced,512,347,383,4853,0.0789202555120544,200
tree-unbalanced,512,348,380,4870,0.07802874743326489,200
tree-unbalanced,512,349,379,4794,0.07905715477680433,200
tree-unbalanced,512,350,376,4718,0.07969478592623994,200
tree-unbalanced,512,351,373,4767,0.07824627648416195,200
tree-unbalanced,512,352,372,4571,0.08138262962152702,200
tree-unbalanced,512,353,371,4522,0.08204334365325078,200
tree-unbalanced,512,354,370,4838,0.07647788342290203,200
tree-unbalanced,512,355,369,4570,0.08074398249452953,200
tree-unbalanced,512,356,369,4607,0.08009550683742131,200
tree-unbalanced,512,357,368,4545,0.08096809680968096,200
tree-unbalanced,512,358,365,4667,0.07820869937861581,200
tree-unbalanced,512,359,364,4480,0.08125,200
tree-unbalanced,512,360,359,4624,0.07763840830449827,200
tree-unbalanced,512,361,357,4473,0.07981220657276995,200
tree-unbalanced,512,362,356,4273,0.08331383103206179,200
tree-unbalanced,512,363,355,4433,0.08008120911346718,200
tree-unbalanced,512,364,354,4335,0.08166089965397924,200
tree-unbalanced,512,365,353,4419,0.07988232631817153,200
tree-unbalanced,512,366,351,4447,0.07892961547110411,200
tree-unbalanced,512,367,350,4363,0.08022003208801283,200
tree-unbalanced,512,368,350,4336,0.08071955719557196,200
tree-unbalanced,512,369,348,4276,0.0813844714686623,200
tree-unbalanced,512,370,348,4195,0.0829558998808105,200
tree-unbalanced,512,371,348,4351,0.0799816134222018,200
tree-unbalanced,512,372,347,4273,0.08120758249473438,200
tree-unbalanced,512,373,346,4207,0.08224387924887093,200
tree-unbalanced,512,374,343,4272,0.08029026217228465,200
tree-unbalanced,512,375,342,4144,0.08252895752895753,200
tree-unbalanced,512,376,340,4224,0.08049242424242424,200
tree-unbalanced,512,377,339,4011,0.08451757666417352,200
tree-unbalanced,512,378,338,4171,0.08103572284823783,200
tree-unbalanced,512,379,338,4156,0.08132820019249277,200
tree-unbalanced,512,380,338,4213,0.08022786612864942,200
tree-unbalanced,512,381,334,4114,0.08118619348565873,200
tree-unbalanced,512,382,334,4082,0.08182263596276335,200
tree-unbalanced,512,383,333,4129,0.0806490675708404,200
tree-unbalanced,512,384,331,4003,0.08268798401199101,200
tree-unbalanced,512,385,331,3969,0.08339632149155958,200
tree-unbalanced,512,386,331,4086,0.08100832109642682,200
tree-unbalanced,512,387,329,4014,0.08196312904833085,200
tree-unbalanced,512,388,327,4061,0.08052203890667323,200
tree-unbalanced,512,389,324,3892,0.08324768756423433,200
tree-unbalanced,512,390,323,3963,0.0815039111784002,200
tree-unbalanced,512,391,323,3937,0.08204216408432817,200
tree-unbalanced,512,392,322,3798,0.08478146392838336,200
tree-unbalanced,512,393,320,3911,0.08182050626438252,200
tree-unbalanced,512,394,320,3860,0.08290155440414508,200
tree-unbalanced,512,395,320,3760,0.0851063829787234,200
tree-unbalanced,512,396,318,3780,0.08412698412698413,200
tree-unbalanced,512,397,318,3838,0.08285565398645128,200
tree-unbalanced,512,398,317,3665,0.08649386084583902,200
tree-unbalanced,512,399,314,3794,0.08276225619399051,200
tree-unbalanced,512,400,314,3834,0.08189880020865936,200
tree-unbalanced,512,401,314,3813,0.08234985575662208,200
tree-unbalanced,512,402,313,3817,0.08200157191511659,200
tree-unbalanced,512,403,313,3824,0.08185146443514645,200
tree-unbalanced,512,404,311,3835,0.08109517601043024,200
tree-unbalanced,512,405,308,3780,0.08148148148148149,200
tree-unbalanced,512,406,306,3682,0.08310700706137969,200
tree-unbalanced,512,407,306,3699,0.0827250608272506,200
tree-unbalanced,512,408,305,3642,0.08374519494783086,200
tree-unbalanced,512,409,305,3744,0.08146367521367522,200
tree-unbalanced,512,410,302,3706,0.08148947652455478,200
tree-unbalanced,512,411,300,3639,0.08244023083264633,200
tree-unbalanced,512,412,300,3479,0.0862316757688991,200
tree-unbalanced,512,413,300,3590,0.08356545961002786,200
tree-unbalanced,512,414,300,3670,0.08174386920980926,200
tree-unbalanced,512,415,297,3596,0.08259176863181313,200
tree-unbalanced,512,416,294,3513,0.08368915456874466,200
tree-unbalanced,512,417,290,3580,0.08100558659217877,200
tree-unbalanced,512,418,285,3460,0.08236994219653179,200
tree-unbalanced,512,419,284,3279,0.08661177188167124,200
tree-unbalanced,512,420,283,3359,0.08425126525751712,200
tree-unbalanced,512,421,281,3269,0.08595900887121444,200
tree-unbalanced,512,422,281,3273,0.08585395661472656,200
tree-unbalanced,512,423,280,3308,0.08464328899637243,200
tree-unbalanced,512,424,279,3340,0.08353293413173653,200
tree-unbalanced,512,425,279,3289,0.08482821526299787,200
tree-unbalanced,512,426,279,3317,0.08411214953271028,200
tree-unbalanced,512,427,279,3317,0.08411214953271028,200
tree-unbalanced,512,428,278,3272,0.08496332518337409,200
tree-unbalanced,512,429,278,3308,0.08403869407496976,200
tree-unbalanced,512,430,277,3375,0.08207407407407408,200
tree-unbalanced,512,431,276,3296,0.08373786407766991,200
tree-unbalanced,512,432,276,3298,0.08368708308065494,200
tree-unbalanced,512,433,274,3366,0.0814022578728461,200
tree-unbalanced,512,434,272,3193,0.08518634512997181,200
tree-unbalanced,512,435,272,3208,0.08478802992518704,200
tree-unbalanced,512,436,271,3253,0.08330771595450354,200
tree-unbalanced,512,437,270,3224,0.0837468982630273,200
tree-unbalanced,512,438,269,3124,0.08610755441741358,200
tree-unbalanced,512,439,269,3199,0.0840887777430447,200
tree-unbalanced,512,440,266,3221,0.08258304874262651,200
tree-unbalanced,512,441,265,3191,0.08304606706361642,200
tree-unbalanced,512,442,265,3128,0.08471867007672634,200
tree-unbalanced,512,443,262,3094,0.08468002585649645,200
tree-unbalanced,512,444,262,3181,0.08236403646651996,200
tree-unbalanced,512,445,262,3105,0.08438003220611916,200
tree-unbalanced,512,446,261,3093,0.08438409311348205,200
tree-unbalanced,512,447,261,3073,0.08493328994467947,200
tree-unbalanced,512,448,259,3126,0.08285348688419705,200
tree-unbalanced,512,449,258,3117,0.08277189605389798,200
tree-unbalanced,512,450,254,3050,0.08327868852459017,200
tree-unbalanced,512,451,253,2939,0.08608370193943518,200
tree-unbalanced,512,452,252,3011,0.08369312520757223,200
tree-unbalanced,512,453,252,2946,0.0855397148676171,200
tree-unbalanced,512,454,251,2889,0.08688127379716165,200
tree-unbalanced,512,455,251,2884,0.08703190013869626,200
tree-unbalanced,512,456,251,3032,0.08278364116094987,200
tree-unbalanced,512,457,251,2945,0.08522920203735145,200
tree-unbalanced,512,458,251,2966,0.08462575859743762,200
tree-unbalanced,512,459,249,2961,0.08409321175278622,200
tree-unbalanced,512,460,248,2854,0.08689558514365803,200
tree-unbalanced,512,461,247,2987,0.08269166387679946,200
tree-unbalanced,512,462,246,2894,0.08500345542501728,200
tree-unbalanced,512,463,245,2969,0.08251936679016504,200
tree-unbalanced,512,464,244,2810,0.08683274021352314,200
tree-unbalanced,512,465,244,2848,0.08567415730337079,200
tree-unbalanced,512,466,244,2887,0.08451679944579148,200
tree-unbalanced,512,467,244,2860,0.08531468531468532,200
tree-unbalanced,512,468,244,2892,0.08437067773167359,200
tree-unbalanced,512,469,242,2763,0.08758595729279768,200
tree-unbalanced,512,470,241,2845,0.08471001757469244,200
tree-unbalanced,512,471,240,2811,0.08537886872998933,200
tree-unbalanced,512,472,237,2917,0.08124785738772712,200
tree-unbalanced,512,473,236,2793,0.08449695667740781,200
tree-unbalanced,512,474,234,2696,0.08679525222551929,200
tree-unbalanced,512,475,233,2729,0.08537925980212532,200
tree-unbalanced,512,476,232,2763,0.083966702859211,200
tree-unbalanced,512,477,231,2671,0.08648446274803444,200
tree-unbalanced,512,478,230,2688,0.08556547619047619,200
tree-unbalanced,512,479,230,2785,0.08258527827648116,200
tree-unbalanced,512,480,227,2722,0.08339456282145481,200
tree-unbalanced,512,481,226,2674,0.08451757666417352,200
tree-unbalanced,512,482,225,2609,0.08623993867382139,200
tree-unbalanced,512,483,225,2697,0.08342602892102335,200
tree-unbalanced,512,484,225,2636,0.08535660091047041,200
tree-unbalanced,512,485,224,2582,0.08675445391169635,200
tree-unbalanced,512,486,224,2621,0.085463563525372,200
tree-unbalanced,512,487,224,2644,0.08472012102874432,200
tree-unbalanced,512,488,223,2760,0.08079710144927536,200
tree-unbalanced,512,489,222,2565,0.08654970760233918,200
tree-unbalanced,512,490,222,2602,0.08531898539584935,200
tree-unbalanced,512,491,220,2643,0.08323874385168369,200
tree-unbalanced,512,492,219,2590,0.08455598455598455,200
tree-unbalanced,512,493,218,2619,0.08323787705231005,200
tree-unbalanced,512,494,218,2646,0.08238851095993953,200
tree-unbalanced,512,495,216,2532,0.08530805687203792,200
tree-unbalanced,512,496,215,2627,0.08184240578606776,200
tree-unbalanced,512,497,213,2581,0.08252615265401007,200
tree-unbalanced,512,498,213,2495,0.08537074148296593,200
tree-unbalanced,512,499,213,2516,0.08465818759936407,200
tree-unbalanced,512,500,212,2501,0.08476609356257497,200
tree-unbalanced,512,501,212,2489,0.08517476898352752,200
tree-unbalanced,512,502,208,2496,0.08333333333333333,200
tree-unbalanced,512,503,207,2447,0.08459337964854924,200
tree-unbalanced,512,504,207,2362,0.08763759525825572,200
tree-unbalanced,512,505,207,2433,0.08508014796547472,200
tree-unbalanced,512,506,207,2503,0.08270075908909309,200
tree-unbalanced,512,507,205,2407,0.08516825924387204,200
tree-unbalanced,512,508,203,2407,0.08433734939759036,200
tree-unbalanced,512,509,203,2403,0.08447773616312942,200
tree-unbalanced,512,510,202,2418,0.08354011579818031,200
tree-unbalanced,512,511,0,2115,0.0,200
tree-unbalanced,1024,0,204800,1049580267,0.0001951256196778326,200
tree-unbalanced,1024,1,204800,219931,0.9312011494514189,200
tree-unbalanced,1024,2,204794,345277,0.5931295742259114,200
tree-unbalanced,1024,3,204761,1019522,0.20084019766125694,200
tree-unbalanced,1024,4,204589,3307325,0.061859357637970264,200
tree-unbalanced,1024,5,203999,8932903,0.02283680904180869,200
tree-unbalanced,1024,6,202448,18976952,0.010668098860133072,200
tree-unbalanced,1024,7,199231,34554453,0.0057657112963125185,200
tree-unbalanced,1024,8,193133,56344644,0.0034277082307947494,200
tree-unbalanced,1024,9,183569,79449704,0.002310505776081935,200
tree-unbalanced,1024,10,170122,101122799,0.001682330806527616,200
tree-unbalanced,1024,11,153550,114760391,0.0013380052007665258,200
tree-unbalanced,1024,12,134406,120501889,0.0011153850044624612,200
tree-unbalanced,1024,13,115041,114944129,0.0010008427659667595,200
tree-unbalanced,1024,14,96554,102519389,0.0009418120898086898,200
tree-unbalanced,1024,15,79975,87258149,0.0009165333085394694,200
tree-unbalanced,1024,16,66200,69560339,0.0009516917391676311,200
tree-unbalanced,1024,17,54970,55083310,0.0009979429340756755,200
tree-unbalanced,1024,18,46168,42371959,0.0010895885177270184,200
tree-unbalanced,1024,19,39509,31886933,0.0012390341836889737,200
tree-unbalanced,1024,20,34518,23875382,0.0014457569726004803,200
tree-unbalanced,1024,21,30831,18598288,0.0016577332279186128,200
tree-unbalanced,1024,22,27921,14802244,0.001886268055032737,200
tree-unbalanced,1024,23,25552,12015688,0.0021265532194244723,200
tree-unbalanced,1024,24,23591,9998131,0.002359540998212566,200
tree-unbalanced,1024,25,21988,8430992,0.0026079967813989148,200
tree-unbalanced,1024,26,20611,7188875,0.002867068908556624,200
tree-unbalanced,1024,27,19479,6274171,0.0031046332654943577,200
tree-unbalanced,1024,28,18481,5694636,0.0032453347325448016,200
tree-unbalanced,1024,29,17601,5060202,0.003478319640204087,200
tree-unbalanced,1024,30,16782,4655436,0.0036048181094101607,200
tree-unbalanced,1024,31,16076,4230808,0.0037997469986820486,200
tree-unbalanced,1024,32,15405,3922481,0.003927361279761457,200
tree-unbalanced,1024,33,14768,3550855,0.004158998325755346,200
tree-unbalanced,1024,34,14228,3264857,0.004357924405264916,200
tree-unbalanced,1024,35,13729,3061580,0.004484285891598456,200
tree-unbalanced,1024,36,13222,2863312,0.004617729398682365,200
tree-unbalanced,1024,37,12804,2642090,0.004846163453932304,200
tree-unbalanced,1024,38,12388,2477338,0.005000528793406471,200
tree-unbalanced,1024,39,11997,2308667,0.00519650516943327,200
tree-unbalanced,1024,40,11609,2173077,0.005342194501161256,200
tree-unbalanced,1024,41,11264,2063417,0.00545890627052118,200
tree-unbalanced,1024,42,10941,1936093,0.005651071513610142,200
tree-unbalanced,1024,43,10631,1824195,0.005827776087534501,200
tree-unbalanced,1024,44,10318,1754317,0.005881491201419128,200
tree-unbalanced,1024,45,10037,1638661,0.00612512288996931,200
tree-unbalanced,1024,46,9749,1532487,0.006361554779910041,200
tree-unbalanced,1024,47,9492,1458658,0.006507351277681266,200
tree-unbalanced,1024,48,9271,1376390,0.00673573623754895,200
tree-unbalanced,1024,49,9047,1323120,0.006837626216820848,200
tree-unbalanced,1024,50,8838,1287741,0.006863181338483437,200
tree-unbalanced,1024,51,8602,1211326,0.007101308813647194,200
tree-unbalanced,1024,52,8390,1129110,0.0074306312051084485,200
tree-unbalanced,1024,53,8210,1103313,0.007441224747646406,200
tree-unbalanced,1024,54,8048,1051911,0.007650837380728978,200
tree-unbalanced,1024,55,7856,1048549,0.0074922583493952115,200
tree-unbalanced,1024,56,7683,964337,0.007967131822174199,200
tree-unbalanced,1024,57,7537,931684,0.00808965271486899,200
tree-unbalanced,1024,58,7384,904380,0.008164709524757292,200
tree-unbalanced,1024,59,7243,860320,0.008418960386832807,200
tree-unbalanced,1024,60,7111,841254,0.008452857282105049,200
tree-unbalanced,1024,61,6971,786193,0.008866779531234697,200
tree-unbalanced,1024,62,6841,772457,0.00885615639446597,200
tree-unbalanced,1024,63,6711,740017,0.00906871058367578,200
tree-unbalanced,1024,64,6582,720322,0.009137580137771719,200
tree-unbalanced,1024,65,6479,701138,0.009240691561432984,200
tree-unbalanced,1024,66,6362,673634,0.009444297645308877,200
tree-unbalanced,1024,67,6255,656893,0.009522098728407823,200
tree-unbalanced,1024,68,6161,622309,0.009900226414851786,200
tree-unbalanced,1024,69,6041,603994,0.010001754984321036,200
tree-unbalanced,1024,70,5932,575604,0.010305696277301756,200
tree-unbalanced,1024,71,5836,569791,0.010242352020302182,200
tree-unbalanced,1024,72,5744,534359,0.010749327699168537,200
tree-unbalanced,1024,73,5648,527609,0.010704896997587228,200
tree-unbalanced,1024,74,5543,511776,0.010830910398299256,200
tree-unbalanced,1024,75,5457,501463,0.010882158803341422,200
tree-unbalanced,1024,76,5373,477228,0.011258769393245995,200
tree-unbalanced,1024,77,5313,481191,0.01104135364127758,200
tree-unbalanced,1024,78,5234,459593,0.011388337072148619,200
tree-unbalanced,1024,79,5165,446491,0.011567982333350504,200
tree-unbalanced,1024,80,5077,431793,0.011757948831963464,200
tree-unbalanced,1024,81,4996,427239,0.011693689012473113,200
tree-unbalanced,1024,82,4924,402058,0.012246989240358356,200
tree-unbalanced,1024,83,4845,395305,0.012256359013925956,200
tree-unbalanced,1024,84,4789,388230,0.012335471241274503,200
tree-unbalanced,1024,85,4726,374322,0.012625493559021378,200
tree-unbalanced,1024,86,4663,369805,0.012609348169981476,200
tree-unbalanced,1024,87,4602,367639,0.012517714388299392,200
tree-unbalanced,1024,88,4544,344446,0.013192198486845544,200
tree-unbalanced,1024,89,4476,341555,0.013104770827538756,200
tree-unbalanced,1024,90,4433,326226,0.013588739094983232,200
tree-unbalanced,1024,91,4374,317394,0.01378097884648103,200
tree-unbalanced,1024,92,4322,314605,0.013737861763163332,200
tree-unbalanced,1024,93,4269,302643,0.014105728531636285,200
tree-unbalanced,1024,94,4215,301418,0.013983902752987545,200
tree-unbalanced,1024,95,4159,296516,0.014026224554492844,200
tree-unbalanced,1024,96,4118,285079,0.014445118721477204,200
tree-unbalanced,1024,97,4082,274502,0.014870565606079373,200
tree-unbalanced,1024,98,4027,279542,0.01440570647702313,200
tree-unbalanced,1024,99,3971,276353,0.014369303029096843,200
tree-unbalanced,1024,100,3921,262627,0.014929919619841067,200
tree-unbalanced,1024,101,3887,263366,0.014758928639232095,200
tree-unbalanced,1024,102,3852,252103,0.015279469105881327,200
tree-unbalanced,1024,103,3806,243946,0.015601813516106023,200
tree-unbalanced,1024,104,3758,245812,0.015288106357704261,200
tree-unbalanced,1024,105,3714,236400,0.01571065989847716,200
tree-unbalanced,1024,106,3679,231549,0.015888645599851436,200
tree-unbalanced,1024,107,3646,224553,0.016236701357808626,200
tree-unbalanced,1024,108,3609,221436,0.016298162900341407,200
tree-unbalanced,1024,109,3568,217291,0.016420376361653267,200
tree-unbalanced,1024,110,3537,216799,0.016314650897836246,200
tree-unbalanced,1024,111,3491,209603,0.01665529596427532,200
tree-unbalanced,1024,112,3454,208587,0.01655903771567739,200
tree-unbalanced,1024,113,3422,200481,0.017068949177228766,200
tree-unbalanced,1024,114,3384,199475,0.016964531896227597,200
tree-unbalanced,1024,115,3350,192671,0.017387152192078724,200
tree-unbalanced,1024,116,3323,191273,0.017373074087822116,200
tree-unbalanced,1024,117,3302,192414,0.017160913447046473,200
tree-unbalanced,1024,118,3270,186367,0.017546024779064962,200
tree-unbalanced,1024,119,3237,182621,0.017725234228265094,200
tree-unbalanced,1024,120,3206,181237,0.017689544629407902,200
tree-unbalanced,1024,121,3170,174679,0.018147573549195953,200
tree-unbalanced,1024,122,3147,168504,0.01867611451360205,200
tree-unbalanced,1024,123,3119,165673,0.0188262420551327,200
tree-unbalanced,1024,124,3098,162747,0.019035681149268496,200
tree-unbalanced,1024,125,3077,162528,0.018932122465052176,200
tree-unbalanced,1024,126,3050,158149,0.01928561040537721,200
tree-unbalanced,1024,127,3028,154769,0.019564641497974402,200
tree-unbalanced,1024,128,3008,156562,0.01921283580945568,200
tree-unbalanced,1024,129,2978,155456,0.01915654590366406,200
tree-unbalanced,1024,130,2962,146564,0.020209601266340985,200
tree-unbalanced,1024,131,2940,150559,0.019527228528351013,200
tree-unbalanced,1024,132,2914,145977,0.019962048815909357,200
tree-unbalanced,1024,133,2883,147443,0.019553318909680352,200
tree-unbalanced,1024,134,2859,144278,0.01981591094969434,200
tree-unbalanced,1024,135,2847,139925,0.02034661425763802,200
tree-unbalanced,1024,136,2822,137942,0.020457873599048874,200
tree-unbalanced,1024,137,2803,135287,0.02071891608210693,200
tree-unbalanced,1024,138,2789,132671,0.02102192641948881,200
tree-unbalanced,1024,139,2765,134414,0.02057077387772107,200
tree-unbalanced,1024,140,2741,131843,0.020789878871081514,200
tree-unbalanced,1024,141,2722,126817,0.021463999306086723,200
tree-unbalanced,1024,142,2703,127468,0.021205322120061505,200
tree-unbalanced,1024,143,2684,125600,0.021369426751592358,200
tree-unbalanced,1024,144,2665,124748,0.021363067944977075,200
tree-unbalanced,1024,145,2643,122135,0.021639988537274328,200
tree-unbalanced,1024,146,2627,125028,0.021011293470262662,200
tree-unbalanced,1024,147,2606,119176,0.021866818822581728,200
tree-unbalanced,1024,148,2590,118806,0.02180024577883272,200
tree-unbalanced,1024,149,2574,117961,0.02182077127186104,200
tree-unbalanced,1024,150,2555,117142,0.021811135203428318,200
tree-unbalanced,1024,151,2536,115378,0.02197992684913935,200
tree-unbalanced,1024,152,2515,114395,0.021985226627037894,200
tree-unbalanced,1024,153,2495,112056,0.022265652887841794,200
tree-unbalanced,1024,154,2476,114226,0.02167632588027244,200
tree-unbalanced,1024,155,2460,104331,0.023578802081835697,200
tree-unbalanced,1024,156,2428,107237,0.022641439055549856,200
tree-unbalanced,1024,157,2409,106204,0.022682761477910436,200
tree-unbalanced,1024,158,2389,100463,0.023779899067318318,200
tree-unbalanced,1024,159,2376,99127,0.02396925156617269,200
tree-unbalanced,1024,160,2367,102064,0.023191330929612793,200
tree-unbalanced,1024,161,2343,99454,0.0235586301204577,200
tree-unbalanced,1024,162,2327,97655,0.02382878500844811,200
tree-unbalanced,1024,163,2317,95184,0.024342326441418725,200
tree-unbalanced,1024,164,2297,95171,0.024135503462189112,200
tree-unbalanced,1024,165,2283,95148,0.023994198511792155,200
tree-unbalanced,1024,166,2272,92201,0.024641815164694526,200
tree-unbalanced,1024,167,2253,93740,0.02403456368679326,200
tree-unbalanced,1024,168,2233,93442,0.02389717685837204,200
tree-unbalanced,1024,169,2219,91069,0.024366139959810695,200
tree-unbalanced,1024,170,2207,88871,0.024833747791743088,200
tree-unbalanced,1024,171,2182,83910,0.0260040519604338,200
tree-unbalanced,1024,172,2161,85712,0.025212338995706553,200
tree-unbalanced,1024,173,2152,86520,0.024872861766065648,200
tree-unbalanced,1024,174,2136,82956,0.025748589613771154,200
tree-unbalanced,1024,175,2127,85097,0.024995005699378358,200
tree-unbalanced,1024,176,2114,82211,0.025714320468063885,200
tree-unbalanced,1024,177,2105,79965,0.026324016757331332,200
tree-unbalanced,1024,178,2084,81025,0.02572045664918235,200
tree-unbalanced,1024,179,2071,79495,0.026051952953015912,200
tree-unbalanced,1024,180,2055,78189,0.026282469401066648,200
tree-unbalanced,1024,181,2044,75995,0.026896506349101915,200
tree-unbalanced,1024,182,2031,75557,0.02688036846354408,200
tree-unbalanced,1024,183,2015,76716,0.026265707284008552,200
tree-unbalanced,1024,184,2000,74519,0.026838792791100255,200
tree-unbalanced,1024,185,1985,72749,0.027285598427469793,200
tree-unbalanced,1024,186,1979,71038,0.02785832934485768,200
tree-unbalanced,1024,187,1969,70695,0.027852040455477758,200
tree-unbalanced,1024,188,1958,71828,0.02725956451523083,200
tree-unbalanced,1024,189,1945,71980,0.02702139483189775,200
tree-unbalanced,1024,190,1941,70791,0.027418739670297072,200
tree-unbalanced,1024,191,1925,71418,0.02695398919040018,200
tree-unbalanced,1024,192,1911,68153,0.0280398515105718,200
tree-unbalanced,1024,193,1900,67441,0.028172773238830977,200
tree-unbalanced,1024,194,1889,65391,0.02888776742976862,200
tree-unbalanced,1024,195,1879,64767,0.029011688051013635,200
tree-unbalanced,1024,196,1868,63688,0.02933048611983419,200
tree-unbalanced,1024,197,1861,63442,0.029333879764194066,200
tree-unbalanced,1024,198,1852,63759,0.029046879656205397,200
tree-unbalanced,1024,199,1842,64106,0.028733659875830656,200
tree-unbalanced,1024,200,1828,61824,0.029567805383022776,200
tree-unbalanced,1024,201,1820,64493,0.02822011691191292,200
tree-unbalanced,1024,202,1811,62100,0.029162640901771338,200
tree-unbalanced,1024,203,1805,62495,0.028882310584846787,200
tree-unbalanced,1024,204,1798,57690,0.031166579996533196,200
tree-unbalanced,1024,205,1784,60669,0.02940546242726928,200
tree-unbalanced,1024,206,1771,59233,0.029898873938514006,200
tree-unbalanced,1024,207,1760,59577,0.02954160162478809,200
tree-unbalanced,1024,208,1753,60155,0.029141384756046877,200
tree-unbalanced,1024,209,1735,58508,0.029654064401449375,200
tree-unbalanced,1024,210,1727,55424,0.031159786374133948,200
tree-unbalanced,1024,211,1725,55380,0.03114842903575298,200
tree-unbalanced,1024,212,1713,57082,0.030009460074979854,200
tree-unbalanced,1024,213,1706,52484,0.03250514442496761,200
tree-unbalanced,1024,214,1697,55957,0.030326858123201746,200
tree-unbalanced,1024,215,1690,54373,0.03108160300148971,200
tree-unbalanced,1024,216,1683,51482,0.032691037644225165,200
tree-unbalanced,1024,217,1674,53433,0.031328954017180395,200
tree-unbalanced,1024,218,1671,52086,0.03208155742425988,200
tree-unbalanced,1024,219,1662,52462,0.03168007319583699,200
tree-unbalanced,1024,220,1646,51689,0.031844299560834996,200
tree-unbalanced,1024,221,1638,50797,0.03224599877945548,200
tree-unbalanced,1024,222,1625,53760,0.030226934523809524,200
tree-unbalanced,1024,223,1616,50224,0.03217585218222364,200
tree-unbalanced,1024,224,1607,49365,0.03255342854248962,200
tree-unbalanced,1024,225,1597,50404,0.03168399333386239,200
tree-unbalanced,1024,226,1596,47587,0.03353857145859163,200
tree-unbalanced,1024,227,1589,47091,0.033743178101972776,200
tree-unbalanced,1024,228,1579,48991,0.03223040966708171,200
tree-unbalanced,1024,229,1572,46875,0.033536,200
tree-unbalanced,1024,230,1566,48129,0.032537555320077294,200
tree-unbalanced,1024,231,1556,47721,0.032606190146895496,200
tree-unbalanced,1024,232,1553,47367,0.032786539151730104,200
tree-unbalanced,1024,233,1548,45607,0.03394215800206109,200
tree-unbalanced,1024,234,1539,47506,0.03239590788531975,200
tree-unbalanced,1024,235,1537,44885,0.034243065612119865,200
tree-unbalanced,1024,236,1528,46481,0.032873647296744905,200
tree-unbalanced,1024,237,1513,43572,0.0347241347654457,200
tree-unbalanced,1024,238,1505,43309,0.034750282851139486,200
tree-unbalanced,1024,239,1501,42615,0.035222339551801006,200
tree-unbalanced,1024,240,1494,42298,0.03532081895125065,200
tree-unbalanced,1024,241,1488,43254,0.03440144264114302,200
tree-unbalanced,1024,242,1483,41201,0.035994271983689714,200
tree-unbalanced,1024,243,1481,43603,0.033965552828933786,200
tree-unbalanced,1024,244,1471,41596,0.03536397730551014,200
tree-unbalanced,1024,245,1464,42296,0.0346132021940609,200
tree-unbalanced,1024,246,1456,40699,0.035774834762524875,200
tree-unbalanced,1024,247,1451,40023,0.03625415386152962,200
tree-unbalanced,1024,248,1445,40218,0.035929185936645285,200
tree-unbalanced,1024,249,1437,40406,0.03556402514478048,200
tree-unbalanced,1024,250,1430,40226,0.035549147317655246,200
tree-unbalanced,1024,251,1425,40135,0.03550517005107761,200
tree-unbalanced,1024,252,1420,39414,0.036027807378089007,200
tree-unbalanced,1024,253,1417,40044,0.035386075317151135,200
tree-unbalanced,1024,254,1404,38989,0.036010156710867165,200
tree-unbalanced,1024,255,1398,39305,0.03556799389390663,200
tree-unbalanced,1024,256,1390,38073,0.0365088120190161,200
tree-unbalanced,1024,257,1383,37049,0.03732894275149127,200
tree-unbalanced,1024,258,1379,37067,0.03720290285159306,200
tree-unbalanced,1024,259,1375,36392,0.03778302923719499,200
tree-unbalanced,1024,260,1365,37247,0.03664724675812817,200
tree-unbalanced,1024,261,1361,35180,0.03868675383740762,200
tree-unbalanced,1024,262,1357,37036,0.03664002592072578,200
tree-unbalanced,1024,263,1347,36700,0.03670299727520436,200
tree-unbalanced,1024,264,1339,35694,0.03751330755869334,200
tree-unbalanced,1024,265,1333,34930,0.038162038362439164,200
tree-unbalanced,1024,266,1328,35828,0.03706598191358714,200
tree-unbalanced,1024,267,1322,35353,0.03739428054196249,200
tree-unbalanced,1024,268,1313,36439,0.0360328219764538,200
tree-unbalanced,1024,269,1303,34760,0.03748561565017261,200
tree-unbalanced,1024,270,1300,33391,0.038932646521517775,200
tree-unbalanced,1024,271,1296,32785,0.03953027299069697,200
tree-unbalanced,1024,272,1293,32820,0.03939670932358318,200
tree-unbalanced,1024,273,1291,33605,0.038416902246689484,200
tree-unbalanced,1024,274,1289,31789,0.040548617446286454,200
tree-unbalanced,1024,275,1284,34360,0.037369033760186264,200
tree-unbalanced,1024,276,1277,32797,0.03893648809342318,200
tree-unbalanced,1024,277,1271,32731,0.038831688613241266,200
tree-unbalanced,1024,278,1268,33334,0.038039239215215695,200
tree-unbalanced,1024,279,1268,32109,0.039490485533651004,200
tree-unbalanced,1024,280,1266,32290,0.039207184886961906,200
tree-unbalanced,1024,281,1259,33994,0.03703594752015062,200
tree-unbalanced,1024,282,1256,33126,0.037915836503048965,200
tree-unbalanced,1024,283,1252,33261,0.03764168245091849,200
tree-unbalanced,1024,284,1249,31386,0.03979481297393742,200
tree-unbalanced,1024,285,1244,31789,0.03913303343923999,200
tree-unbalanced,1024,286,1242,31427,0.03952015782607312,200
tree-unbalanced,1024,287,1233,31085,0.03966543348882098,200
tree-unbalanced,1024,288,1228,30840,0.03981841763942931,200
tree-unbalanced,1024,289,1217,30554,0.03983111867513255,200
tree-unbalanced,1024,290,1216,30441,0.039946125291547584,200
tree-unbalanced,1024,291,1211,30504,0.03969971151324417,200
tree-unbalanced,1024,292,1206,29681,0.040632054176072234,200
tree-unbalanced,1024,293,1203,29273,0.0410958904109589,200
tree-unbalanced,1024,294,1198,29361,0.04080242498552502,200
tree-unbalanced,1024,295,1193,30348,0.039310662976143405,200
tree-unbalanced,1024,296,1188,28283,0.04200403068981367,200
tree-unbalanced,1024,297,1181,29883,0.03952079777800087,200
tree-unbalanced,1024,298,1173,29415,0.03987761346251912,200
tree-unbalanced,1024,299,1170,27764,0.042140901887336116,200
tree-unbalanced,1024,300,1165,27931,0.041709928036948195,200
tree-unbalanced,1024,301,1161,28626,0.040557535107943826,200
tree-unbalanced,1024,302,1159,27753,0.04176125103592405,200
tree-unbalanced,1024,303,1149,28225,0.04070859167404783,200
tree-unbalanced,1024,304,1147,27623,0.041523368207653046,200
tree-unbalanced,1024,305,1141,26867,0.042468455726355755,200
tree-unbalanced,1024,306,1137,27802,0.04089633839292137,200
tree-unbalanced,1024,307,1130,26998,0.041854952218682864,200
tree-unbalanced,1024,308,1129,26439,0.042702068913347706,200
tree-unbalanced,1024,309,1125,27150,0.04143646408839779,200
tree-unbalanced,1024,310,1124,26591,0.04226994095746681,200
tree-unbalanced,1024,311,1123,27317,0.041109931544459494,200
tree-unbalanced,1024,312,1117,26873,0.041565883972760766,200
tree-unbalanced,1024,313,1114,27042,0.04119517787145921,200
tree-unbalanced,1024,314,1108,26336,0.04207168894289186,200
tree-unbalanced,1024,315,1103,26423,0.04174393520796276,200
tree-unbalanced,1024,316,1099,25934,0.0423768026528881,200
tree-unbalanced,1024,317,1090,25179,0.04329004329004329,200
tree-unbalanced,1024,318,1088,25333,0.04294793352544112,200
tree-unbalanced,1024,319,1087,25943,0.04189954901129399,200
tree-unbalanced,1024,320,1085,25338,0.04282105927855395,200
tree-unbalanced,1024,321,1083,25710,0.04212368728121354,200
tree-unbalanced,1024,322,1078,24665,0.04370565578755321,200
tree-unbalanced,1024,323,1072,24096,0.04448871181938911,200
tree-unbalanced,1024,324,1068,24295,0.04395966248199218,200
tree-unbalanced,1024,325,1065,24731,0.043063361772673975,200
tree-unbalanced,1024,326,1063,23936,0.0444100935828877,200
tree-unbalanced,1024,327,1061,24936,0.04254892524863651,200
tree-unbalanced,1024,328,1054,25743,0.04094316901682011,200
tree-unbalanced,1024,329,1051,24673,0.042597170996636,200
tree-unbalanced,1024,330,1047,23902,0.043803865785289935,200
tree-unbalanced,1024,331,1044,24754,0.042175002019875577,200
tree-unbalanced,1024,332,1041,23444,0.04440368537792186,200
tree-unbalanced,1024,333,1040,23395,0.04445394315024578,200
tree-unbalanced,1024,334,1037,23256,0.0445906432748538,200
tree-unbalanced,1024,335,1035,24055,0.04302639783828726,200
tree-unbalanced,1024,336,1032,22524,0.04581779435269046,200
tree-unbalanced,1024,337,1029,21825,0.04714776632302405,200
tree-unbalanced,1024,338,1027,22023,0.04663306543159424,200
tree-unbalanced,1024,339,1020,21903,0.04656896315573209,200
tree-unbalanced,1024,340,1014,22203,0.04566950412106472,200
tree-unbalanced,1024,341,1011,23138,0.04369435560549745,200
tree-unbalanced,1024,342,1006,22513,0.04468529294185582,200
tree-unbalanced,1024,343,998,21525,0.04636469221835075,200
tree-unbalanced,1024,344,993,20702,0.0479663800598976,200
tree-unbalanced,1024,345,991,21579,0.04592427823346772,200
tree-unbalanced,1024,346,987,21460,0.045992544268406335,200
tree-unbalanced,1024,347,982,20613,0.04763983893659341,200
tree-unbalanced,1024,348,977,21111,0.04627919094311023,200
tree-unbalanced,1024,349,974,22545,0.043202483921046794,200
tree-unbalanced,1024,350,971,21038,0.046154577431314764,200
tree-unbalanced,1024,351,968,20427,0.04738826063543349,200
tree-unbalanced,1024,352,961,21054,0.045644533105348155,200
tree-unbalanced,1024,353,957,20581,0.046499198289684664,200
tree-unbalanced,1024,354,954,19923,0.047884354765848514,200
tree-unbalanced,1024,355,951,20310,0.046824224519940914,200
tree-unbalanced,1024,356,948,19620,0.048318042813455656,200
tree-unbalanced,1024,357,947,20163,0.04696721717998314,200
tree-unbalanced,1024,358,945,19475,0.048523748395378694,200
tree-unbalanced,1024,359,944,20327,0.046440694642593594,200
tree-unbalanced,1024,360,940,19110,0.049188906331763475,200
tree-unbalanced,1024,361,935,19721,0.047411388874803506,200
tree-unbalanced,1024,362,932,18817,0.04952968060796089,200
tree-unbalanced,1024,363,928,19273,0.04815026202459399,200
tree-unbalanced,1024,364,925,21165,0.04370422867942358,200
tree-unbalanced,1024,365,925,19516,0.047397007583521215,200
tree-unbalanced,1024,366,921,19172,0.04803880659294805,200
tree-unbalanced,1024,367,919,18767,0.048968934832418605,200
tree-unbalanced,1024,368,914,18833,0.048531832421812776,200
tree-unbalanced,1024,369,912,18826,0.048443641772017425,200
tree-unbalanced,1024,370,911,18780,0.04850905218317359,200
tree-unbalanced,1024,371,910,19365,0.046991995868835526,200
tree-unbalanced,1024,372,906,18114,0.050016561775422325,200
tree-unbalanced,1024,373,903,18171,0.04969456826811953,200
tree-unbalanced,1024,374,898,19049,0.04714158223528794,200
tree-unbalanced,1024,375,898,18521,0.04848550294260569,200
tree-unbalanced,1024,376,895,18768,0.04768755328218244,200
tree-unbalanced,1024,377,894,18130,0.04931053502482074,200
tree-unbalanced,1024,378,894,18068,0.04947974319238432,200
tree-unbalanced,1024,379,892,17998,0.04956106234026003,200
tree-unbalanced,1024,380,890,17837,0.04989628300723216,200
tree-unbalanced,1024,381,888,18300,0.04852459016393443,200
tree-unbalanced,1024,382,883,18548,0.047606210912227734,200
tree-unbalanced,1024,383,881,17374,0.05070795441464257,200
tree-unbalanced,1024,384,879,17854,0.04923266494903103,200
tree-unbalanced,1024,385,878,17576,0.04995448338643605,200
tree-unbalanced,1024,386,875,17656,0.049558223833257815,200
tree-unbalanced,1024,387,871,17540,0.049657924743443556,200
tree-unbalanced,1024,388,870,16333,0.05326639319169779,200
tree-unbalanced,1024,389,867,17302,0.050109813894347474,200
tree-unbalanced,1024,390,866,17408,0.04974724264705882,200
tree-unbalanced,1024,391,864,17103,0.0505174530784073,200
tree-unbalanced,1024,392,857,17072,0.050199156513589506,200
tree-unbalanced,1024,393,855,17145,0.049868766404199474,200
tree-unbalanced,1024,394,853,17093,0.04990346925642076,200
tree-unbalanced,1024,395,851,16472,0.051663428848955806,200
tree-unbalanced,1024,396,848,17506,0.04844053467382611,200
tree-unbalanced,1024,397,845,16522,0.05114392930637937,200
tree-unbalanced,1024,398,845,16677,0.05066858547700426,200
tree-unbalanced,1024,399,842,16931,0.0497312621817967,200
tree-unbalanced,1024,400,840,16385,0.05126640219713152,200
tree-unbalanced,1024,401,836,17175,0.048675400291120816,200
tree-unbalanced,1024,402,836,15826,0.052824466068494884,200
tree-unbalanced,1024,403,833,16261,0.05122686181661645,200
tree-unbalanced,1024,404,824,15870,0.05192186515437933,200
tree-unbalanced,1024,405,822,15842,0.05188738795606615,200
tree-unbalanced,1024,406,819,15885,0.05155807365439093,200
tree-unbalanced,1024,407,815,15350,0.05309446254071661,200
tree-unbalanced,1024,408,812,15719,0.05165723010369616,200
tree-unbalanced,1024,409,812,16212,0.05008635578583765,200
tree-unbalanced,1024,410,812,16558,0.04903973909892499,200
tree-unbalanced,1024,411,810,15236,0.05316355998949856,200
tree-unbalanced,1024,412,807,15706,0.05138163759072966,200
tree-unbalanced,1024,413,806,15825,0.05093206951026856,200
tree-unbalanced,1024,414,806,15925,0.05061224489795919,200
tree-unbalanced,1024,415,804,15583,0.05159468651735866,200
tree-unbalanced,1024,416,804,15161,0.05303080271749885,200
tree-unbalanced,1024,417,799,15166,0.05268363444547013,200
tree-unbalanced,1024,418,798,14880,0.053629032258064514,200
tree-unbalanced,1024,419,793,15846,0.050044175186166856,200
tree-unbalanced,1024,420,789,14817,0.053249645677262605,200
tree-unbalanced,1024,421,787,14670,0.0536468984321745,200
tree-unbalanced,1024,422,786,15000,0.0524,200
tree-unbalanced,1024,423,779,14762,0.05277062728627557,200
tree-unbalanced,1024,424,776,14492,0.053546784432790505,200
tree-unbalanced,1024,425,773,13652,0.05662174040433636,200
tree-unbalanced,1024,426,770,14870,0.05178211163416274,200
tree-unbalanced,1024,427,768,14213,0.05403503834517695,200
tree-unbalanced,1024,428,766,14192,0.053974069898534385,200
tree-unbalanced,1024,429,765,14018,0.05457269225281781,200
tree-unbalanced,1024,430,764,14839,0.05148594918795067,200
tree-unbalanced,1024,431,762,14022,0.05434317501069748,200
tree-unbalanced,1024,432,762,14009,0.05439360411164251,200
tree-unbalanced,1024,433,761,14556,0.05228084638636988,200
tree-unbalanced,1024,434,757,14416,0.0525110987791343,200
tree-unbalanced,1024,435,753,14681,0.05129078400653907,200
tree-unbalanced,1024,436,751,13613,0.05516785425696026,200
tree-unbalanced,1024,437,750,13412,0.05592007157769162,200
tree-unbalanced,1024,438,748,14030,0.05331432644333571,200
tree-unbalanced,1024,439,747,13637,0.0547774437192931,200
tree-unbalanced,1024,440,745,13746,0.05419758475192783,200
tree-unbalanced,1024,441,743,14118,0.05262785097039241,200
tree-unbalanced,1024,442,741,13988,0.05297397769516728,200
tree-unbalanced,1024,443,739,13675,0.05404021937842779,200
tree-unbalanced,1024,444,735,13648,0.053854044548651815,200
tree-unbalanced,1024,445,733,12972,0.05650632130743139,200
tree-unbalanced,1024,446,733,13268,0.055245703949351826,200
tree-unbalanced,1024,447,733,13709,0.0534685243270844,200
tree-unbalanced,1024,448,730,13162,0.05546269563896065,200
tree-unbalanced,1024,449,729,13244,0.05504379341588644,200
tree-unbalanced,1024,450,727,12681,0.057329863575427804,200
tree-unbalanced,1024,451,724,12645,0.05725583234480032,200
tree-unbalanced,1024,452,722,13184,0.05476334951456311,200
tree-unbalanced,1024,453,720,12884,0.055883266066438994,200
tree-unbalanced,1024,454,717,12698,0.056465585131516775,200
tree-unbalanced,1024,455,716,12897,0.055516786849654956,200
tree-unbalanced,1024,456,712,12505,0.05693722510995602,200
tree-unbalanced,1024,457,709,12384,0.05725129198966408,200
tree-unbalanced,1024,458,707,12868,0.054942493005906125,200
tree-unbalanced,1024,459,706,12595,0.05605398967844383,200
tree-unbalanced,1024,460,703,12377,0.05679890118768684,200
tree-unbalanced,1024,461,702,12379,0.05670894256401971,200
tree-unbalanced,1024,462,700,12668,0.055257341332491314,200
tree-unbalanced,1024,463,699,12337,0.056658831158304286,200
tree-unbalanced,1024,464,699,12223,0.057187269901006296,200
tree-unbalanced,1024,465,696,12433,0.0559800530845331,200
tree-unbalanced,1024,466,694,11889,0.0583732862309698,200
tree-unbalanced,1024,467,692,12004,0.05764745084971676,200
tree-unbalanced,1024,468,689,12021,0.05731636303136178,200
tree-unbalanced,1024,469,688,12424,0.05537669027688345,200
tree-unbalanced,1024,470,685,11770,0.05819881053525913,200
tree-unbalanced,1024,471,683,11912,0.05733713901947616,200
tree-unbalanced,1024,472,676,11975,0.056450939457202504,200
tree-unbalanced,1024,473,674,11818,0.05703164664071755,200
tree-unbalanced,1024,474,671,11844,0.05665315771698751,200
tree-unbalanced,1024,475,668,11398,0.05860677311809089,200
tree-unbalanced,1024,476,668,11631,0.05743272289570974,200
tree-unbalanced,1024,477,668,11883,0.05621476058234452,200
tree-unbalanced,1024,478,666,11562,0.057602490918526206,200
tree-unbalanced,1024,479,666,11388,0.058482613277133826,200
tree-unbalanced,1024,480,660,11580,0.05699481865284974,200
tree-unbalanced,1024,481,660,11372,0.0580372845585649,200
tree-unbalanced,1024,482,658,11704,0.056220095693779906,200
tree-unbalanced,1024,483,656,11309,0.058006897161552745,200
tree-unbalanced,1024,484,653,11105,0.05880234128770824,200
tree-unbalanced,1024,485,651,11235,0.05794392523364486,200
tree-unbalanced,1024,486,651,11190,0.058176943699731906,200
tree-unbalanced,1024,487,650,11073,0.05870134561546103,200
tree-unbalanced,1024,488,647,11046,0.0585732391816042,200
tree-unbalanced,1024,489,645,11325,0.05695364238410596,200
tree-unbalanced,1024,490,644,11021,0.05843389892024317,200
tree-unbalanced,1024,491,641,11070,0.05790424570912376,200
tree-unbalanced,1024,492,638,11054,0.057716663651167,200
tree-unbalanced,1024,493,637,11049,0.05765227622409268,200
tree-unbalanced,1024,494,635,10720,0.05923507462686567,200
tree-unbalanced,1024,495,634,10619,0.05970430360674263,200
tree-unbalanced,1024,496,634,10674,0.05939666479295484,200
tree-unbalanced,1024,497,631,11524,0.054755293300937175,200
tree-unbalanced,1024,498,628,10463,0.06002102647424257,200
tree-unbalanced,1024,499,626,10508,0.05957365816520746,200
tree-unbalanced,1024,500,626,10561,0.05927468989679008,200
tree-unbalanced,1024,501,625,10478,0.05964878793662913,200
tree-unbalanced,1024,502,624,11001,0.05672211617125716,200
tree-unbalanced,1024,503,622,10274,0.060541171890208294,200
tree-unbalanced,1024,504,621,10244,0.06062085122998829,200
tree-unbalanced,1024,505,618,10014,0.061713600958657876,200
tree-unbalanced,1024,506,618,10170,0.0607669616519174,200
tree-unbalanced,1024,507,616,10698,0.05758085623481025,200
tree-unbalanced,1024,508,614,10409,0.05898741473724661,200
tree-unbalanced,1024,509,613,10502,0.0583698343172729,200
tree-unbalanced,1024,510,613,10031,0.06111055727245539,200
tree-unbalanced,1024,511,613,10304,0.05949145962732919,200
tree-unbalanced,1024,512,611,10432,0.05856978527607362,200
tree-unbalanced,1024,513,610,10065,0.06060606060606061,200
tree-unbalanced,1024,514,608,9653,0.06298560033150316,200
tree-unbalanced,1024,515,606,10359,0.05849985519837822,200
tree-unbalanced,1024,516,605,9939,0.060871315021631955,200
tree-unbalanced,1024,517,605,9876,0.061259619279060346,200
tree-unbalanced,1024,518,603,10068,0.0598927294398093,200
tree-unbalanced,1024,519,601,10050,0.059800995024875625,200
tree-unbalanced,1024,520,599,9796,0.06114740710494079,200
tree-unbalanced,1024,521,598,10046,0.05952617957395979,200
tree-unbalanced,1024,522,597,10260,0.058187134502923975,200
tree-unbalanced,1024,523,594,9361,0.06345475910693302,200
tree-unbalanced,1024,524,591,10086,0.05859607376561571,200
tree-unbalanced,1024,525,589,9893,0.05953704639644193,200
tree-unbalanced,1024,526,587,9776,0.060045008183306055,200
tree-unbalanced,1024,527,586,9653,0.060706516108981666,200
tree-unbalanced,1024,528,584,9449,0.06180548206159382,200
tree-unbalanced,1024,529,583,9252,0.06301340250756593,200
tree-unbalanced,1024,530,582,9502,0.06125026310250473,200
tree-unbalanced,1024,531,582,9748,0.05970455478046779,200
tree-unbalanced,1024,532,581,9367,0.06202626241059037,200
tree-unbalanced,1024,533,581,9450,0.061481481481481484,200
tree-unbalanced,1024,534,580,9525,0.06089238845144357,200
tree-unbalanced,1024,535,579,9318,0.06213779781068899,200
tree-unbalanced,1024,536,577,9342,0.061764076214943266,200
tree-unbalanced,1024,537,575,9317,0.06171514435977246,200
tree-unbalanced,1024,538,574,9244,0.06209433145824318,200
tree-unbalanced,1024,539,574,9657,0.05943874909392151,200
tree-unbalanced,1024,540,571,8988,0.06352914997774811,200
tree-unbalanced,1024,541,570,9351,0.060956047481552776,200
tree-unbalanced,1024,542,568,9265,0.06130599028602267,200
tree-unbalanced,1024,543,566,9411,0.060142386568908725,200
tree-unbalanced,1024,544,566,9770,0.05793244626407369,200
tree-unbalanced,1024,545,563,9015,0.06245146977260122,200
tree-unbalanced,1024,546,562,9101,0.0617514558839688,200
tree-unbalanced,1024,547,561,8827,0.06355500169933159,200
tree-unbalanced,1024,548,560,9313,0.06013099967786965,200
tree-unbalanced,1024,549,558,8820,0.06326530612244897,200
tree-unbalanced,1024,550,555,9268,0.059883470004315924,200
tree-unbalanced,1024,551,550,8922,0.06164537099305088,200
tree-unbalanced,1024,552,549,8763,0.06264977747346799,200
tree-unbalanced,1024,553,547,8807,0.06210968547746111,200
tree-unbalanced,1024,554,546,8463,0.06451612903225806,200
tree-unbalanced,1024,555,546,8730,0.06254295532646048,200
tree-unbalanced,1024,556,546,8583,0.06361412093673541,200
tree-unbalanced,1024,557,544,8373,0.06497073928102233,200
tree-unbalanced,1024,558,544,8462,0.06428740250531789,200
tree-unbalanced,1024,559,543,8630,0.06292004634994207,200
tree-unbalanced,1024,560,542,8722,0.062141710616831,200
tree-unbalanced,1024,561,541,8655,0.06250722125938764,200
tree-unbalanced,1024,562,540,8803,0.06134272407133932,200
tree-unbalanced,1024,563,538,8353,0.0644079971267808,200
tree-unbalanced,1024,564,534,8510,0.06274970622796709,200
tree-unbalanced,1024,565,534,8398,0.06358656823053108,200
tree-unbalanced,1024,566,530,8893,0.05959743618576408,200
tree-unbalanced,1024,567,528,8273,0.06382207179983078,200
tree-unbalanced,1024,568,528,8489,0.06219813876781718,200
tree-unbalanced,1024,569,524,8173,0.0641135445980668,200
tree-unbalanced,1024,570,524,7986,0.06561482594540446,200
tree-unbalanced,1024,571,520,8095,0.06423718344657196,200
tree-unbalanced,1024,572,517,7991,0.06469778500813415,200
tree-unbalanced,1024,573,517,8113,0.06372488598545545,200
tree-unbalanced,1024,574,516,7943,0.06496286038020899,200
tree-unbalanced,1024,575,515,7925,0.06498422712933755,200
tree-unbalanced,1024,576,514,7618,0.0674717773693883,200
tree-unbalanced,1024,577,513,7914,0.06482183472327521,200
tree-unbalanced,1024,578,513,7820,0.06560102301790281,200
tree-unbalanced,1024,579,511,7666,0.06665797025828332,200
tree-unbalanced,1024,580,510,8108,0.06290083867784904,200
tree-unbalanced,1024,581,509,7681,0.06626741309725297,200
tree-unbalanced,1024,582,508,7774,0.06534602521224595,200
tree-unbalanced,1024,583,506,7571,0.06683397173424911,200
tree-unbalanced,1024,584,505,7696,0.06561850311850312,200
tree-unbalanced,1024,585,505,8101,0.06233798296506604,200
tree-unbalanced,1024,586,501,7709,0.06498897392657932,200
tree-unbalanced,1024,587,500,7688,0.06503642039542143,200
tree-unbalanced,1024,588,494,7972,0.061966884094330155,200
tree-unbalanced,1024,589,492,7533,0.0653126244524094,200
tree-unbalanced,1024,590,491,7781,0.06310242899370261,200
tree-unbalanced,1024,591,490,7608,0.06440588853838065,200
tree-unbalanced,1024,592,490,7611,0.0643805019051373,200
tree-unbalanced,1024,593,490,7244,0.06764218663721701,200
tree-unbalanced,1024,594,489,7497,0.06522609043617447,200
tree-unbalanced,1024,595,488,6999,0.06972424632090299,200
tree-unbalanced,1024,596,485,7628,0.063581541688516,200
tree-unbalanced,1024,597,484,7538,0.0642080127354736,200
tree-unbalanced,1024,598,482,7039,0.0684756357437136,200
tree-unbalanced,1024,599,480,7288,0.06586169045005488,200
tree-unbalanced,1024,600,479,7060,0.06784702549575071,200
tree-unbalanced,1024,601,479,7259,0.06598705055792808,200
tree-unbalanced,1024,602,479,7342,0.06524107872514301,200
tree-unbalanced,1024,603,478,7050,0.06780141843971631,200
tree-unbalanced,1024,604,477,7182,0.06641604010025062,200
tree-unbalanced,1024,605,477,7383,0.06460788297440065,200
tree-unbalanced,1024,606,475,7468,0.06360471344402785,200
tree-unbalanced,1024,607,474,7258,0.06530724717553045,200
tree-unbalanced,1024,608,472,6973,0.06768966011759645,200
tree-unbalanced,1024,609,469,7208,0.06506659267480577,200
tree-unbalanced,1024,610,469,7066,0.06637418624398528,200
tree-unbalanced,1024,611,469,7001,0.0669904299385802,200
tree-unbalanced,1024,612,469,7135,0.0657323055360897,200
tree-unbalanced,1024,613,469,7143,0.06565868682626347,200
tree-unbalanced,1024,614,469,7157,0.0655302501047925,200
tree-unbalanced,1024,615,468,7063,0.06626079569587993,200
tree-unbalanced,1024,616,465,6914,0.06725484524153891,200
tree-unbalanced,1024,617,464,6960,0.06666666666666667,200
tree-unbalanced,1024,618,463,6915,0.06695589298626176,200
tree-unbalanced,1024,619,461,6898,0.06683096549724558,200
tree-unbalanced,1024,620,461,6865,0.06715222141296431,200
tree-unbalanced,1024,621,460,6948,0.06620610247553253,200
tree-unbalanced,1024,622,460,6850,0.06715328467153285,200
tree-unbalanced,1024,623,457,7068,0.0646576117713639,200
tree-unbalanced,1024,624,456,6574,0.06936416184971098,200
tree-unbalanced,1024,625,456,7065,0.06454352441613588,200
tree-unbalanced,1024,626,456,6664,0.06842737094837935,200
tree-unbalanced,1024,627,455,6649,0.06843134305910663,200
tree-unbalanced,1024,628,453,6700,0.06761194029850746,200
tree-unbalanced,1024,629,453,6788,0.06673541543901002,200
tree-unbalanced,1024,630,452,6563,0.06887094316623496,200
tree-unbalanced,1024,631,451,6655,0.06776859504132231,200
tree-unbalanced,1024,632,448,6537,0.06853296619244302,200
tree-unbalanced,1024,633,446,6396,0.06973108192620388,200
tree-unbalanced,1024,634,445,6664,0.06677671068427371,200
tree-unbalanced,1024,635,442,6591,0.0670611439842209,200
tree-unbalanced,1024,636,442,6300,0.07015873015873016,200
tree-unbalanced,1024,637,441,6596,0.06685870224378411,200
tree-unbalanced,1024,638,441,6353,0.0694160239257044,200
tree-unbalanced,1024,639,439,6433,0.0682418778175035,200
tree-unbalanced,1024,640,437,6654,0.06567478208596333,200
tree-unbalanced,1024,641,437,6374,0.06855977408220898,200
tree-unbalanced,1024,642,437,6432,0.06794154228855721,200
tree-unbalanced,1024,643,437,6194,0.0705521472392638,200
tree-unbalanced,1024,644,435,6114,0.07114818449460256,200
tree-unbalanced,1024,645,434,6311,0.06876881635240056,200
tree-unbalanced,1024,646,434,6355,0.06829268292682927,200
tree-unbalanced,1024,647,433,6300,0.06873015873015872,200
tree-unbalanced,1024,648,433,6037,0.07172436640715588,200
tree-unbalanced,1024,649,433,6360,0.0680817610062893,200
tree-unbalanced,1024,650,432,6432,0.06716417910447761,200
tree-unbalanced,1024,651,432,6171,0.07000486144871172,200
tree-unbalanced,1024,652,428,6264,0.06832694763729247,200
tree-unbalanced,1024,653,428,6144,0.06966145833333333,200
tree-unbalanced,1024,654,428,6114,0.0700032711808963,200
tree-unbalanced,1024,655,427,5955,0.07170445004198153,200
tree-unbalanced,1024,656,425,6408,0.06632334581772784,200
tree-unbalanced,1024,657,424,6228,0.0680796403339756,200
tree-unbalanced,1024,658,424,6161,0.06881999675377373,200
tree-unbalanced,1024,659,424,6246,0.06788344540505924,200
tree-unbalanced,1024,660,423,6202,0.06820380522412126,200
tree-unbalanced,1024,661,422,6109,0.06907840890489442,200
tree-unbalanced,1024,662,420,6397,0.065655776145068,200
tree-unbalanced,1024,663,420,6170,0.06807131280388978,200
tree-unbalanced,1024,664,418,5929,0.07050092764378478,200
tree-unbalanced,1024,665,418,5888,0.07099184782608696,200
tree-unbalanced,1024,666,418,6029,0.06933156410681705,200
tree-unbalanced,1024,667,417,5854,0.07123334472155791,200
tree-unbalanced,1024,668,416,5977,0.06960013384641124,200
tree-unbalanced,1024,669,416,6084,0.06837606837606838,200
tree-unbalanced,1024,670,414,6168,0.06712062256809338,200
tree-unbalanced,1024,671,413,6128,0.06739556135770235,200
tree-unbalanced,1024,672,413,6001,0.06882186302282953,200
tree-unbalanced,1024,673,412,5975,0.0689539748953975,200
tree-unbalanced,1024,674,410,5908,0.06939742721733243,200
tree-unbalanced,1024,675,407,5860,0.06945392491467577,200
tree-unbalanced,1024,676,406,5923,0.06854634475772413,200
tree-unbalanced,1024,677,405,6042,0.06703078450844091,200
tree-unbalanced,1024,678,404,6019,0.06712078418341917,200
tree-unbalanced,1024,679,403,6041,0.06671080946863102,200
tree-unbalanced,1024,680,402,5835,0.06889460154241646,200
tree-unbalanced,1024,681,401,5800,0.06913793103448276,200
tree-unbalanced,1024,682,400,5663,0.07063393960798163,200
tree-unbalanced,1024,683,397,5820,0.06821305841924398,200
tree-unbalanced,1024,684,394,5627,0.07001954860494046,200
tree-unbalanced,1024,685,391,5718,0.06838055264078349,200
tree-unbalanced,1024,686,389,5670,0.06860670194003528,200
tree-unbalanced,1024,687,388,5616,0.06908831908831908,200
tree-unbalanced,1024,688,388,5570,0.0696588868940754,200
tree-unbalanced,1024,689,386,5521,0.06991487049447564,200
tree-unbalanced,1024,690,384,5495,0.06988171064604186,200
tree-unbalanced,1024,691,384,5453,0.07041995231982395,200
tree-unbalanced,1024,692,383,5329,0.0718708951022706,200
tree-unbalanced,1024,693,382,5338,0.07156238291494942,200
tree-unbalanced,1024,694,381,5483,0.06948750683932153,200
tree-unbalanced,1024,695,380,5484,0.06929248723559446,200
tree-unbalanced,1024,696,377,5562,0.06778137360661632,200
tree-unbalanced,1024,697,377,5255,0.07174119885823026,200
tree-unbalanced,1024,698,377,5188,0.07266769468003084,200
tree-unbalanced,1024,699,375,5470,0.06855575868372943,200
tree-unbalanced,1024,700,375,5318,0.07051523128995862,200
tree-unbalanced,1024,701,374,5280,0.07083333333333333,200
tree-unbalanced,1024,702,374,5297,0.0706060033981499,200
tree-unbalanced,1024,703,374,5272,0.07094081942336875,200
tree-unbalanced,1024,704,374,5289,0.07071280015125733,200
tree-unbalanced,1024,705,374,5327,0.07020837244227521,200
tree-unbalanced,1024,706,374,5331,0.07015569311573813,200
tree-unbalanced,1024,707,372,5221,0.0712507182532082,200
tree-unbalanced,1024,708,372,5128,0.07254290171606864,200
tree-unbalanced,1024,709,372,5236,0.07104660045836517,200
tree-unbalanced,1024,710,372,5259,0.07073588134626355,200
tree-unbalanced,1024,711,370,5219,0.0708948074343744,200
tree-unbalanced,1024,712,370,5089,0.07270583611711534,200
tree-unbalanced,1024,713,369,5314,0.06943921716221302,200
tree-unbalanced,1024,714,369,5165,0.07144240077444337,200
tree-unbalanced,1024,715,369,5151,0.0716365754222481,200
tree-unbalanced,1024,716,368,5103,0.07211444248481286,200
tree-unbalanced,1024,717,368,5237,0.07026923811342371,200
tree-unbalanced,1024,718,366,5151,0.07105416423995341,200
tree-unbalanced,1024,719,365,5040,0.07242063492063493,200
tree-unbalanced,1024,720,364,5009,0.07266919544819325,200
tree-unbalanced,1024,721,364,5128,0.07098283931357255,200
tree-unbalanced,1024,722,363,5039,0.07203810279817424,200
tree-unbalanced,1024,723,362,4982,0.07266158169409875,200
tree-unbalanced,1024,724,359,5068,0.07083662194159432,200
tree-unbalanced,1024,725,357,4854,0.07354758961681088,200
tree-unbalanced,1024,726,356,4996,0.07125700560448359,200
tree-unbalanced,1024,727,356,4896,0.0727124183006536,200
tree-unbalanced,1024,728,355,5044,0.0703806502775575,200
tree-unbalanced,1024,729,354,4890,0.07239263803680981,200
tree-unbalanced,1024,730,354,4956,0.07142857142857142,200
tree-unbalanced,1024,731,351,5194,0.06757797458606084,200
tree-unbalanced,1024,732,348,4915,0.07080366225839267,200
tree-unbalanced,1024,733,348,4748,0.07329401853411963,200
tree-unbalanced,1024,734,347,4760,0.07289915966386555,200
tree-unbalanced,1024,735,345,4847,0.07117804827728492,200
tree-unbalanced,1024,736,345,4748,0.07266217354675653,200
tree-unbalanced,1024,737,344,4754,0.0723601177955406,200
tree-unbalanced,1024,738,344,4585,0.07502726281352236,200
tree-unbalanced,1024,739,344,4839,0.07108906798925398,200
tree-unbalanced,1024,740,342,4781,0.07153315206023844,200
tree-unbalanced,1024,741,342,4884,0.07002457002457002,200
tree-unbalanced,1024,742,342,4701,0.07275047862156987,200
tree-unbalanced,1024,743,341,4696,0.07261499148211244,200
tree-unbalanced,1024,744,341,4740,0.0719409282700422,200
tree-unbalanced,1024,745,340,4670,0.0728051391862955,200
tree-unbalanced,1024,746,340,4671,0.07278955255833869,200
tree-unbalanced,1024,747,340,4668,0.0728363324764353,200
tree-unbalanced,1024,748,339,4604,0.07363162467419634,200
tree-unbalanced,1024,749,339,4555,0.07442371020856202,200
tree-unbalanced,1024,750,339,4651,0.07288755106428725,200
tree-unbalanced,1024,751,338,4625,0.07308108108108108,200
tree-unbalanced,1024,752,337,4581,0.07356472385941934,200
tree-unbalanced,1024,753,337,4613,0.07305441144591372,200
tree-unbalanced,1024,754,336,4576,0.07342657342657342,200
tree-unbalanced,1024,755,336,4695,0.07156549520766774,200
tree-unbalanced,1024,756,334,4608,0.0724826388888889,200
tree-unbalanced,1024,757,334,4630,0.07213822894168466,200
tree-unbalanced,1024,758,333,4501,0.07398355920906466,200
tree-unbalanced,1024,759,333,4597,0.07243854687839896,200
tree-unbalanced,1024,760,333,4429,0.0751862722962294,200
tree-unbalanced,1024,761,330,4626,0.07133592736705577,200
tree-unbalanced,1024,762,329,4426,0.07433348395842747,200
tree-unbalanced,1024,763,328,4389,0.07473228525860105,200
tree-unbalanced,1024,764,328,4378,0.0749200548195523,200
tree-unbalanced,1024,765,328,4468,0.07341092211280215,200
tree-unbalanced,1024,766,328,4565,0.07185104052573932,200
tree-unbalanced,1024,767,328,4509,0.07274340208471945,200
tree-unbalanced,1024,768,327,4517,0.0723931813150321,200
tree-unbalanced,1024,769,327,4416,0.07404891304347826,200
tree-unbalanced,1024,770,327,4445,0.0735658042744657,200
tree-unbalanced,1024,771,327,4373,0.07477704093299795,200
tree-unbalanced,1024,772,327,4303,0.07599349291192191,200
tree-unbalanced,1024,773,326,4479,0.07278410359455235,200
tree-unbalanced,1024,774,325,4449,0.07305012362328613,200
tree-unbalanced,1024,775,325,4313,0.07535358219336888,200
tree-unbalanced,1024,776,325,4646,0.06995264743865691,200
tree-unbalanced,1024,777,325,4348,0.07474701011959521,200
tree-unbalanced,1024,778,325,4353,0.07466115322765908,200
tree-unbalanced,1024,779,324,4329,0.07484407484407485,200
tree-unbalanced,1024,780,324,4254,0.076163610719323,200
tree-unbalanced,1024,781,323,4403,0.07335907335907337,200
tree-unbalanced,1024,782,322,4291,0.07504078303425775,200
tree-unbalanced,1024,783,322,4239,0.07596131163010143,200
tree-unbalanced,1024,784,321,4240,0.07570754716981132,200
tree-unbalanced,1024,785,321,4218,0.07610241820768136,200
tree-unbalanced,1024,786,319,4391,0.07264859940787975,200
tree-unbalanced,1024,787,319,4297,0.07423784035373517,200
tree-unbalanced,1024,788,319,4279,0.07455012853470437,200
tree-unbalanced,1024,789,318,4219,0.07537331121118748,200
tree-unbalanced,1024,790,318,4226,0.07524846190250828,200
tree-unbalanced,1024,791,318,4278,0.07433380084151472,200
tree-unbalanced,1024,792,317,4336,0.07310885608856088,200
tree-unbalanced,1024,793,316,4247,0.0744054626795385,200
tree-unbalanced,1024,794,315,4268,0.07380506091846298,200
tree-unbalanced,1024,795,315,4120,0.07645631067961164,200
tree-unbalanced,1024,796,314,4388,0.0715587967183227,200
tree-unbalanced,1024,797,314,4267,0.07358800093742676,200
tree-unbalanced,1024,798,314,4146,0.07573564881813796,200
tree-unbalanced,1024,799,313,4152,0.07538535645472062,200
tree-unbalanced,1024,800,312,4264,0.07317073170731707,200
tree-unbalanced,1024,801,310,4248,0.07297551789077213,200
tree-unbalanced,1024,802,309,4170,0.07410071942446043,200
tree-unbalanced,1024,803,307,4163,0.07374489550804708,200
tree-unbalanced,1024,804,306,4194,0.07296137339055794,200
tree-unbalanced,1024,805,306,4023,0.07606263982102908,200
tree-unbalanced,1024,806,305,4021,0.07585177816463566,200
tree-unbalanced,1024,807,305,4128,0.07388565891472869,200
tree-unbalanced,1024,808,305,4103,0.07433585181574458,200
tree-unbalanced,1024,809,305,4010,0.07605985037406483,200
tree-unbalanced,1024,810,304,4106,0.07403799318071115,200
tree-unbalanced,1024,811,304,4042,0.0752102919346858,200
tree-unbalanced,1024,812,304,4001,0.0759810047488128,200
tree-unbalanced,1024,813,303,4032,0.07514880952380952,200
tree-unbalanced,1024,814,301,4111,0.07321819508635369,200
tree-unbalanced,1024,815,301,4119,0.07307598931779558,200
tree-unbalanced,1024,816,301,4024,0.07480119284294234,200
tree-unbalanced,1024,817,299,4014,0.0744892874937718,200
tree-unbalanced,1024,818,298,4013,0.07425865935708946,200
tree-unbalanced,1024,819,297,3994,0.07436154231347021,200
tree-unbalanced,1024,820,297,4054,0.07326097681302417,200
tree-unbalanced,1024,821,297,4002,0.07421289355322339,200
tree-unbalanced,1024,822,297,3925,0.0756687898089172,200
tree-unbalanced,1024,823,297,3987,0.0744920993227991,200
tree-unbalanced,1024,824,297,3967,0.07486765817998488,200
tree-unbalanced,1024,825,297,3851,0.07712282524019735,200
tree-unbalanced,1024,826,297,3901,0.07613432453217124,200
tree-unbalanced,1024,827,296,4006,0.07388916625062407,200
tree-unbalanced,1024,828,294,4005,0.07340823970037454,200
tree-unbalanced,1024,829,293,4005,0.0731585518102372,200
tree-unbalanced,1024,830,293,3984,0.07354417670682731,200
tree-unbalanced,1024,831,291,3813,0.07631785995279308,200
tree-unbalanced,1024,832,291,3931,0.0740269651488171,200
tree-unbalanced,1024,833,291,3969,0.07331821617535904,200
tree-unbalanced,1024,834,291,3851,0.07556478836665802,200
tree-unbalanced,1024,835,290,3820,0.07591623036649214,200
tree-unbalanced,1024,836,290,3875,0.07483870967741936,200
tree-unbalanced,1024,837,289,3993,0.07237665915351865,200
tree-unbalanced,1024,838,289,3872,0.07463842975206611,200
tree-unbalanced,1024,839,289,3837,0.07531925983841543,200
tree-unbalanced,1024,840,288,3836,0.07507820646506778,200
tree-unbalanced,1024,841,285,3790,0.07519788918205805,200
tree-unbalanced,1024,842,285,3745,0.07610146862483311,200
tree-unbalanced,1024,843,285,3768,0.07563694267515923,200
tree-unbalanced,1024,844,285,3805,0.07490144546649145,200
tree-unbalanced,1024,845,285,3691,0.07721484692495259,200
tree-unbalanced,1024,846,285,3841,0.07419942723249154,200
tree-unbalanced,1024,847,283,3765,0.0751660026560425,200
tree-unbalanced,1024,848,282,3722,0.07576571735626007,200
tree-unbalanced,1024,849,280,3887,0.0720349884229483,200
tree-unbalanced,1024,850,279,3687,0.07567127746135069,200
tree-unbalanced,1024,851,278,3621,0.0767743717205192,200
tree-unbalanced,1024,852,278,3609,0.0770296481019673,200
tree-unbalanced,1024,853,278,3700,0.07513513513513513,200
tree-unbalanced,1024,854,278,3564,0.07800224466891134,200
tree-unbalanced,1024,855,277,3691,0.0750474126253048,200
tree-unbalanced,1024,856,276,3711,0.07437348423605497,200
tree-unbalanced,1024,857,276,3678,0.07504078303425775,200
tree-unbalanced,1024,858,276,3624,0.076158940397351,200
tree-unbalanced,1024,859,275,3734,0.07364756293519015,200
tree-unbalanced,1024,860,275,3727,0.07378588677220284,200
tree-unbalanced,1024,861,275,3689,0.07454594741122256,200
tree-unbalanced,1024,862,274,3682,0.07441607821835959,200
tree-unbalanced,1024,863,274,3675,0.0745578231292517,200
tree-unbalanced,1024,864,274,3635,0.07537826685006878,200
tree-unbalanced,1024,865,274,3597,0.07617458993605783,200
tree-unbalanced,1024,866,274,3655,0.07496580027359781,200
tree-unbalanced,1024,867,272,3668,0.07415485278080698,200
tree-unbalanced,1024,868,272,3557,0.07646893449536125,200
tree-unbalanced,1024,869,271,3586,0.07557166759620747,200
tree-unbalanced,1024,870,271,3669,0.07386208776233306,200
tree-unbalanced,1024,871,271,3644,0.07436882546652031,200
tree-unbalanced,1024,872,270,3550,0.07605633802816901,200
tree-unbalanced,1024,873,270,3637,0.07423700852350838,200
tree-unbalanced,1024,874,270,3634,0.07429829389102917,200
tree-unbalanced,1024,875,269,3540,0.07598870056497176,200
tree-unbalanced,1024,876,268,3501,0.07654955726935161,200
tree-unbalanced,1024,877,267,3611,0.0739407366380504,200
tree-unbalanced,1024,878,267,3453,0.07732406602953953,200
tree-unbalanced,1024,879,267,3545,0.07531734837799718,200
tree-unbalanced,1024,880,267,3546,0.07529610829103214,200
tree-unbalanced,1024,881,265,3610,0.07340720221606649,200
tree-unbalanced,1024,882,265,3337,0.07941264608930176,200
tree-unbalanced,1024,883,262,3541,0.07399039819260096,200
tree-unbalanced,1024,884,261,3338,0.07819053325344517,200
tree-unbalanced,1024,885,261,3506,0.0744438106103822,200
tree-unbalanced,1024,886,261,3340,0.0781437125748503,200
tree-unbalanced,1024,887,261,3366,0.07754010695187166,200
tree-unbalanced,1024,888,260,3496,0.07437070938215103,200
tree-unbalanced,1024,889,260,3442,0.07553747821034282,200
tree-unbalanced,1024,890,260,3336,0.07793764988009592,200
tree-unbalanced,1024,891,260,3436,0.07566938300349244,200
tree-unbalanced,1024,892,260,3303,0.07871631849833485,200
tree-unbalanced,1024,893,259,3301,0.07846107240230234,200
tree-unbalanced,1024,894,259,3394,0.07631113730111962,200
tree-unbalanced,1024,895,259,3450,0.07507246376811594,200
tree-unbalanced,1024,896,259,3355,0.07719821162444113,200
tree-unbalanced,1024,897,259,3497,0.07406348298541607,200
tree-unbalanced,1024,898,257,3438,0.07475276323443862,200
tree-unbalanced,1024,899,256,3359,0.07621315867817803,200
tree-unbalanced,1024,900,255,3428,0.07438739789964995,200
tree-unbalanced,1024,901,254,3264,0.0778186274509804,200
tree-unbalanced,1024,902,253,3370,0.07507418397626113,200
tree-unbalanced,1024,903,253,3259,0.07763117520711875,200
tree-unbalanced,1024,904,252,3333,0.07560756075607561,200
tree-unbalanced,1024,905,251,3370,0.07448071216617211,200
tree-unbalanced,1024,906,251,3308,0.07587666263603386,200
tree-unbalanced,1024,907,251,3365,0.07459138187221397,200
tree-unbalanced,1024,908,251,3295,0.07617602427921093,200
tree-unbalanced,1024,909,251,3346,0.07501494321578003,200
tree-unbalanced,1024,910,251,3344,0.07505980861244019,200
tree-unbalanced,1024,911,249,3254,0.07652120467117395,200
tree-unbalanced,1024,912,248,3351,0.07400775887794687,200
tree-unbalanced,1024,913,246,3215,0.07651632970451011,200
tree-unbalanced,1024,914,246,3266,0.07532149418248622,200
tree-unbalanced,1024,915,243,3282,0.0740402193784278,200
tree-unbalanced,1024,916,243,3076,0.07899869960988297,200
tree-unbalanced,1024,917,243,3228,0.07527881040892194,200
tree-unbalanced,1024,918,242,3245,0.07457627118644068,200
tree-unbalanced,1024,919,241,3167,0.07609725292074518,200
tree-unbalanced,1024,920,240,3100,0.07741935483870968,200
tree-unbalanced,1024,921,239,3054,0.07825802226588081,200
tree-unbalanced,1024,922,239,3077,0.07767305817354567,200
tree-unbalanced,1024,923,239,3055,0.07823240589198036,200
tree-unbalanced,1024,924,239,3124,0.0765044814340589,200
tree-unbalanced,1024,925,239,3101,0.07707191228635923,200
tree-unbalanced,1024,926,237,3108,0.07625482625482626,200
tree-unbalanced,1024,927,237,3114,0.07610789980732177,200
tree-unbalanced,1024,928,237,3039,0.07798617966436328,200
tree-unbalanced,1024,929,237,3163,0.07492886500158077,200
tree-unbalanced,1024,930,237,3099,0.07647628267182963,200
tree-unbalanced,1024,931,236,3091,0.07635069556777742,200
tree-unbalanced,1024,932,234,3192,0.07330827067669173,200
tree-unbalanced,1024,933,234,3015,0.07761194029850746,200
tree-unbalanced,1024,934,234,3072,0.076171875,200
tree-unbalanced,1024,935,234,3088,0.07577720207253887,200
tree-unbalanced,1024,936,233,3014,0.07730590577305906,200
tree-unbalanced,1024,937,233,2969,0.07847760188615696,200
tree-unbalanced,1024,938,231,3026,0.07633840052875082,200
tree-unbalanced,1024,939,231,3025,0.07636363636363637,200
tree-unbalanced,1024,940,231,2976,0.07762096774193548,200
tree-unbalanced,1024,941,230,2993,0.07684597393919144,200
tree-unbalanced,1024,942,230,3044,0.07555847568988174,200
tree-unbalanced,1024,943,229,3043,0.07525468287873809,200
tree-unbalanced,1024,944,228,2990,0.07625418060200669,200
tree-unbalanced,1024,945,227,2895,0.07841105354058722,200
tree-unbalanced,1024,946,227,2909,0.07803368855276728,200
tree-unbalanced,1024,947,226,2919,0.07742377526550188,200
tree-unbalanced,1024,948,226,2930,0.07713310580204778,200
tree-unbalanced,1024,949,226,2927,0.07721216262384695,200
tree-unbalanced,1024,950,226,2985,0.07571189279731994,200
tree-unbalanced,1024,951,225,2922,0.07700205338809035,200
tree-unbalanced,1024,952,224,2920,0.07671232876712329,200
tree-unbalanced,1024,953,223,2823,0.0789939780375487,200
tree-unbalanced,1024,954,222,2991,0.07422266800401203,200
tree-unbalanced,1024,955,222,2835,0.07830687830687831,200
tree-unbalanced,1024,956,222,2917,0.07610558793280768,200
tree-unbalanced,1024,957,222,2820,0.07872340425531915,200
tree-unbalanced,1024,958,220,2882,0.07633587786259542,200
tree-unbalanced,1024,959,219,2866,0.07641311933007676,200
tree-unbalanced,1024,960,218,2846,0.07659873506676036,200
tree-unbalanced,1024,961,216,2739,0.07886089813800658,200
tree-unbalanced,1024,962,215,2828,0.07602545968882603,200
tree-unbalanced,1024,963,215,2745,0.07832422586520947,200
tree-unbalanced,1024,964,215,2798,0.07684060042887778,200
tree-unbalanced,1024,965,215,2788,0.07711621233859398,200
tree-unbalanced,1024,966,214,2760,0.07753623188405798,200
tree-unbalanced,1024,967,213,2799,0.07609860664523044,200
tree-unbalanced,1024,968,213,2756,0.07728592162554426,200
tree-unbalanced,1024,969,213,2740,0.07773722627737226,200
tree-unbalanced,1024,970,213,2724,0.07819383259911894,200
tree-unbalanced,1024,971,213,2797,0.07615302109402931,200
tree-unbalanced,1024,972,213,2720,0.07830882352941176,200
tree-unbalanced,1024,973,213,2707,0.078684891023273,200
tree-unbalanced,1024,974,213,2695,0.0790352504638219,200
tree-unbalanced,1024,975,213,2777,0.07670147641339575,200
tree-unbalanced,1024,976,213,2780,0.07661870503597122,200
tree-unbalanced,1024,977,212,2760,0.07681159420289856,200
tree-unbalanced,1024,978,212,2703,0.0784313725490196,200
tree-unbalanced,1024,979,212,2762,0.07675597393193338,200
tree-unbalanced,1024,980,212,2742,0.07731582786287382,200
tree-unbalanced,1024,981,212,2746,0.07720320466132556,200
tree-unbalanced,1024,982,211,2698,0.0782060785767235,200
tree-unbalanced,1024,983,211,2731,0.07726107652874405,200
tree-unbalanced,1024,984,211,2730,0.07728937728937729,200
tree-unbalanced,1024,985,211,2634,0.08010630220197418,200
tree-unbalanced,1024,986,211,2770,0.07617328519855596,200
tree-unbalanced,1024,987,211,2724,0.07745961820851689,200
tree-unbalanced,1024,988,210,2744,0.07653061224489796,200
tree-unbalanced,1024,989,210,2767,0.07589447054571738,200
tree-unbalanced,1024,990,210,2748,0.07641921397379912,200
tree-unbalanced,1024,991,210,2710,0.07749077490774908,200
tree-unbalanced,1024,992,210,2640,0.07954545454545454,200
tree-unbalanced,1024,993,209,2785,0.07504488330341114,200
tree-unbalanced,1024,994,209,2754,0.07588961510530139,200
tree-unbalanced,1024,995,209,2711,0.07709332349686462,200
tree-unbalanced,1024,996,209,2705,0.07726432532347505,200
tree-unbalanced,1024,997,207,2653,0.07802487749717302,200
tree-unbalanced,1024,998,207,2638,0.07846853677028051,200
tree-unbalanced,1024,999,207,2748,0.07532751091703056,200
tree-unbalanced,1024,1000,206,2687,0.07666542612579084,200
tree-unbalanced,1024,1001,206,2644,0.07791225416036308,200
tree-unbalanced,1024,1002,206,2623,0.07853602744948532,200
tree-unbalanced,1024,1003,206,2688,0.07663690476190477,200
tree-unbalanced,1024,1004,206,2722,0.07567964731814843,200
tree-unbalanced,1024,1005,206,2655,0.0775894538606403,200
tree-unbalanced,1024,1006,206,2682,0.07680835197613721,200
tree-unbalanced,1024,1007,206,2645,0.077882797731569,200
tree-unbalanced,1024,1008,206,2685,0.07672253258845438,200
tree-unbalanced,1024,1009,206,2704,0.07618343195266272,200
tree-unbalanced,1024,1010,205,2763,0.07419471588852697,200
tree-unbalanced,1024,1011,204,2678,0.07617625093353249,200
tree-unbalanced,1024,1012,203,2677,0.07583115427717595,200
tree-unbalanced,1024,1013,202,2600,0.07769230769230769,200
tree-unbalanced,1024,1014,202,2599,0.07772220084647942,200
tree-unbalanced,1024,1015,202,2594,0.07787201233616037,200
tree-unbalanced,1024,1016,202,2680,0.07537313432835821,200
tree-unbalanced,1024,1017,202,2597,0.0777820562187139,200
tree-unbalanced,1024,1018,202,2608,0.07745398773006135,200
tree-unbalanced,1024,1019,202,2577,0.07838571982925883,200
tree-unbalanced,1024,1020,201,2541,0.07910271546635184,200
tree-unbalanced,1024,1021,200,2530,0.07905138339920949,200
tree-unbalanced,1024,1022,200,2612,0.07656967840735068,200
tree-unbalanced,1024,1023,0,2387,0.0,200
